[2026-06-24 03:22:48] 🔹 SYSTEM: 🚀 SAOS Fleet Orchestrator Daemon starting...
[2026-06-24 03:22:48] 🔹 SYSTEM: Fleet: 10 agents | Poll interval: 10s
[2026-06-24 03:22:48] 🔹 SYSTEM: Fleet seeded: 10 agents ready

════════════════════════════════════════════════════════════
  🛰️  SAOS FLEET STATUS
════════════════════════════════════════════════════════════

📋 TASK QUEUE:
   🔄 RUNNING: 1
   ❌ FAILED: 8
   💀 DEAD: 61
   ⏳ PENDING: 103
   ✅ DONE: 163

🤖 FLEET AGENTS (10 total):
   🛠️ 🟢 ASSEMBLY   | IDLE     | done=12 fail=0
   🗺️ 🟢 ATLAS      | IDLE     | done=0 fail=0
   💬 🟢 CHATTY     | IDLE     | done=0 fail=0
   💻 🟢 CODY       | IDLE     | done=3 fail=0
   🎨 🟢 GENI       | IDLE     | done=0 fail=0
   ⚖️ 🟢 JURIS      | IDLE     | done=0 fail=0
   🔮 🟢 ORACLE     | IDLE     | done=0 fail=0
   ⚠️ 🟢 PESSI      | IDLE     | done=2 fail=1
   🛰️ 🟢 SOL        | IDLE     | done=151 fail=230
   ✅ 🟢 VALI       | IDLE     | done=1 fail=0

📨 Unread messages: 0
════════════════════════════════════════════════════════════

[2026-06-24 03:22:48] 🛰️ SOL: Executing task #234 (client_request)
[2026-06-24 03:22:58] 🔹 SYSTEM: 🚀 SAOS Fleet Orchestrator Daemon starting...
[2026-06-24 03:22:58] 🔹 SYSTEM: Fleet: 10 agents | Poll interval: 10s
[2026-06-24 03:22:58] 🔹 SYSTEM: Fleet seeded: 10 agents ready

════════════════════════════════════════════════════════════
  🛰️  SAOS FLEET STATUS
════════════════════════════════════════════════════════════

📋 TASK QUEUE:
   🔄 RUNNING: 2
   ❌ FAILED: 8
   💀 DEAD: 61
   ⏳ PENDING: 102
   ✅ DONE: 163

🤖 FLEET AGENTS (10 total):
   🛠️ 🟢 ASSEMBLY   | IDLE     | done=12 fail=0
   🗺️ 🟢 ATLAS      | IDLE     | done=0 fail=0
   💬 🟢 CHATTY     | IDLE     | done=0 fail=0
   💻 🟢 CODY       | IDLE     | done=3 fail=0
   🎨 🟢 GENI       | IDLE     | done=0 fail=0
   ⚖️ 🟢 JURIS      | IDLE     | done=0 fail=0
   🔮 🟢 ORACLE     | IDLE     | done=0 fail=0
   ⚠️ 🟢 PESSI      | IDLE     | done=2 fail=1
   🛰️ 🔴 SOL        | BUSY     (task #234) | done=151 fail=230
   ✅ 🟢 VALI       | IDLE     | done=1 fail=0

📨 Unread messages: 0
════════════════════════════════════════════════════════════

[2026-06-24 03:22:58] 🛰️ SOL: Executing task #235 (client_request)

🛑 Received signal 15, shutting down gracefully...
[2026-06-24 03:23:09] 🛰️ SOL: Task #235 completed — status: completed
[2026-06-27 08:45:10] 🔹 SYSTEM: 🚀 SAOS Fleet Orchestrator Daemon starting...
[2026-06-27 08:45:10] 🔹 SYSTEM: Fleet: 10 agents | Poll interval: 10s
[2026-06-27 08:45:14] 🔹 SYSTEM: 🚀 SAOS Fleet Orchestrator Daemon starting...
[2026-06-27 08:45:14] 🔹 SYSTEM: Fleet: 10 agents | Poll interval: 10s
[2026-06-27 08:45:14] 🔹 SYSTEM: Fleet seeded: 10 agents ready

════════════════════════════════════════════════════════════
  🛰️  SAOS FLEET STATUS
════════════════════════════════════════════════════════════

📋 TASK QUEUE:
   💀 DEAD: 61
   ✅ DONE: 166
   ❌ FAILED: 8
   ⏳ PENDING: 102
   🔄 RUNNING: 2

🤖 FLEET AGENTS (10 total):
   🛠️ 🟢 ASSEMBLY   | IDLE     | done=12 fail=0
   🗺️ 🟢 ATLAS      | IDLE     | done=0 fail=0
   💬 🟢 CHATTY     | IDLE     | done=0 fail=0
   💻 🟢 CODY       | IDLE     | done=3 fail=0
   🎨 🟢 GENI       | IDLE     | done=0 fail=0
   ⚖️ 🟢 JURIS      | IDLE     | done=0 fail=0
   🔮 🟢 ORACLE     | IDLE     | done=0 fail=0
   ⚠️ 🟢 PESSI      | IDLE     | done=2 fail=1
   🛰️ 🟢 SOL        | IDLE     | done=152 fail=230
   ✅ 🟢 VALI       | IDLE     | done=1 fail=0

📨 Unread messages: 0
════════════════════════════════════════════════════════════

[2026-06-27 08:45:14] 🛰️ SOL: Executing task #236 (client_request)
[2026-06-27 08:46:27] 🛰️ SOL: Task #236 completed — status: completed
[2026-06-27 08:46:29] 💬 CHATTY: Executing task #339 (service_setup)
[2026-06-27 08:47:05] 💬 CHATTY: Task #339 completed — status: completed
[2026-06-27 08:47:07] 🔹 SYSTEM: Fleet heartbeat updated
[2026-06-27 08:47:17] 🛰️ SOL: Executing task #237 (client_request)
[2026-06-27 08:47:29] 🛰️ SOL: Task #237 completed — status: completed
[2026-06-27 08:47:41] 🛰️ SOL: Executing task #238 (client_request)
[2026-06-27 08:47:49] 🛰️ SOL: Task #238 completed — status: completed
[2026-06-27 08:48:01] 🛰️ SOL: Executing task #239 (client_request)
[2026-06-27 08:48:09] 🛰️ SOL: Task #239 completed — status: completed
[2026-06-27 08:48:11] 🔹 SYSTEM: Fleet heartbeat updated
[2026-06-27 08:48:21] 🛰️ SOL: Executing task #240 (client_request)
[2026-06-27 08:48:32] 🛰️ SOL: Task #240 completed — status: completed
[2026-06-27 08:48:44] 🛰️ SOL: Executing task #241 (client_request)
[2026-06-27 08:48:54] 🛰️ SOL: Task #241 completed — status: completed
[2026-06-27 08:49:07] 🛰️ SOL: Executing task #242 (client_request)
[2026-06-27 08:49:18] 🛰️ SOL: Task #242 completed — status: completed
[2026-06-27 08:49:21] 🔹 SYSTEM: Fleet heartbeat updated
[2026-06-27 08:49:31] 🛰️ SOL: Executing task #243 (client_request)
[2026-06-27 08:49:38] 🛰️ SOL: Task #243 completed — status: completed
[2026-06-27 08:49:50] 🛰️ SOL: Executing task #244 (client_request)
[2026-06-27 08:50:05] 🛰️ SOL: Task #244 completed — status: completed
[2026-06-27 08:50:17] 🛰️ SOL: Executing task #245 (client_request)
[2026-06-27 08:50:29] 🛰️ SOL: Task #245 completed — status: completed
[2026-06-27 08:50:31] 🔹 SYSTEM: Fleet heartbeat updated
[2026-06-27 08:50:41] 🛰️ SOL: Executing task #246 (client_request)
[2026-06-27 08:50:49] 🛰️ SOL: Task #246 completed — status: completed
[2026-06-27 08:51:01] 🛰️ SOL: Executing task #247 (client_request)
[2026-06-27 08:51:25] 🛰️ SOL: Task #247 completed — status: completed
[2026-06-27 08:51:38] 🛰️ SOL: Executing task #248 (client_request)
[2026-06-27 08:51:51] 🛰️ SOL: Task #248 completed — status: completed
[2026-06-27 08:51:53] 🔹 SYSTEM: Fleet heartbeat updated
[2026-06-27 08:52:04] 🛰️ SOL: Executing task #249 (client_request)
[2026-06-27 08:53:27] 🛰️ SOL: Task #249 completed — status: completed
[2026-06-27 08:53:30] 🔹 SYSTEM: Fleet heartbeat updated
[2026-06-27 08:53:40] 🛰️ SOL: Executing task #250 (client_request)
[2026-06-27 08:53:57] 🛰️ SOL: Task #250 completed — status: completed
[2026-06-27 08:54:09] 🛰️ SOL: Executing task #251 (client_request)
[2026-06-27 08:54:35] 🛰️ SOL: Task #251 completed — status: completed
[2026-06-27 08:54:37] 🔹 SYSTEM: Fleet heartbeat updated
[2026-06-27 08:54:47] 🛰️ SOL: Executing task #252 (client_request)
[2026-06-27 08:55:10] 🛰️ SOL: Task #252 completed — status: completed
[2026-06-27 08:55:22] 🛰️ SOL: Executing task #253 (client_request)
[2026-06-27 08:55:33] 🛰️ SOL: Task #253 completed — status: completed
[2026-06-27 08:55:45] 🛰️ SOL: Executing task #254 (client_request)
[2026-06-27 08:55:54] 🛰️ SOL: Task #254 completed — status: completed
[2026-06-27 08:55:57] 🔹 SYSTEM: Fleet heartbeat updated
[2026-06-27 08:56:07] 🛰️ SOL: Executing task #255 (client_request)
[2026-07-07 15:41:15] 🔹 SYSTEM: 🚀 SAOS Fleet Orchestrator Daemon starting...
[2026-07-07 15:41:15] 🔹 SYSTEM: Fleet: 10 agents | Poll interval: 10s
[2026-07-07 15:41:25] 🔹 SYSTEM: 🚀 SAOS Fleet Orchestrator Daemon starting...
[2026-07-07 15:41:25] 🔹 SYSTEM: Fleet: 10 agents | Poll interval: 10s
[2026-07-07 15:41:35] 🔹 SYSTEM: 🚀 SAOS Fleet Orchestrator Daemon starting...
[2026-07-07 15:41:35] 🔹 SYSTEM: Fleet: 10 agents | Poll interval: 10s
[2026-07-07 15:41:45] 🔹 SYSTEM: 🚀 SAOS Fleet Orchestrator Daemon starting...
[2026-07-07 15:41:45] 🔹 SYSTEM: Fleet: 10 agents | Poll interval: 10s
[2026-07-07 15:41:55] 🔹 SYSTEM: 🚀 SAOS Fleet Orchestrator Daemon starting...
[2026-07-07 15:41:55] 🔹 SYSTEM: Fleet: 10 agents | Poll interval: 10s
[2026-07-07 15:42:06] 🔹 SYSTEM: 🚀 SAOS Fleet Orchestrator Daemon starting...
[2026-07-07 15:42:06] 🔹 SYSTEM: Fleet: 10 agents | Poll interval: 10s
[2026-07-07 15:42:16] 🔹 SYSTEM: 🚀 SAOS Fleet Orchestrator Daemon starting...
[2026-07-07 15:42:16] 🔹 SYSTEM: Fleet: 10 agents | Poll interval: 10s
[2026-07-07 15:42:26] 🔹 SYSTEM: 🚀 SAOS Fleet Orchestrator Daemon starting...
[2026-07-07 15:42:26] 🔹 SYSTEM: Fleet: 10 agents | Poll interval: 10s
[2026-07-07 15:42:36] 🔹 SYSTEM: 🚀 SAOS Fleet Orchestrator Daemon starting...
[2026-07-07 15:42:36] 🔹 SYSTEM: Fleet: 10 agents | Poll interval: 10s
[2026-07-07 15:42:46] 🔹 SYSTEM: 🚀 SAOS Fleet Orchestrator Daemon starting...
[2026-07-07 15:42:46] 🔹 SYSTEM: Fleet: 10 agents | Poll interval: 10s
[2026-07-07 15:42:56] 🔹 SYSTEM: 🚀 SAOS Fleet Orchestrator Daemon starting...
[2026-07-07 15:42:56] 🔹 SYSTEM: Fleet: 10 agents | Poll interval: 10s
[2026-07-07 15:43:06] 🔹 SYSTEM: 🚀 SAOS Fleet Orchestrator Daemon starting...
[2026-07-07 15:43:06] 🔹 SYSTEM: Fleet: 10 agents | Poll interval: 10s
[2026-07-07 15:43:16] 🔹 SYSTEM: 🚀 SAOS Fleet Orchestrator Daemon starting...
[2026-07-07 15:43:16] 🔹 SYSTEM: Fleet: 10 agents | Poll interval: 10s
[2026-07-07 15:43:26] 🔹 SYSTEM: 🚀 SAOS Fleet Orchestrator Daemon starting...
[2026-07-07 15:43:26] 🔹 SYSTEM: Fleet: 10 agents | Poll interval: 10s
[2026-07-07 15:43:36] 🔹 SYSTEM: 🚀 SAOS Fleet Orchestrator Daemon starting...
[2026-07-07 15:43:36] 🔹 SYSTEM: Fleet: 10 agents | Poll interval: 10s
[2026-07-07 15:43:46] 🔹 SYSTEM: 🚀 SAOS Fleet Orchestrator Daemon starting...
[2026-07-07 15:43:46] 🔹 SYSTEM: Fleet: 10 agents | Poll interval: 10s
[2026-07-07 15:43:57] 🔹 SYSTEM: 🚀 SAOS Fleet Orchestrator Daemon starting...
[2026-07-07 15:43:57] 🔹 SYSTEM: Fleet: 10 agents | Poll interval: 10s
[2026-07-07 15:44:07] 🔹 SYSTEM: 🚀 SAOS Fleet Orchestrator Daemon starting...
[2026-07-07 15:44:07] 🔹 SYSTEM: Fleet: 10 agents | Poll interval: 10s
[2026-07-07 15:44:17] 🔹 SYSTEM: 🚀 SAOS Fleet Orchestrator Daemon starting...
[2026-07-07 15:44:17] 🔹 SYSTEM: Fleet: 10 agents | Poll interval: 10s
[2026-07-07 15:44:27] 🔹 SYSTEM: 🚀 SAOS Fleet Orchestrator Daemon starting...
[2026-07-07 15:44:27] 🔹 SYSTEM: Fleet: 10 agents | Poll interval: 10s
[2026-07-07 15:44:37] 🔹 SYSTEM: 🚀 SAOS Fleet Orchestrator Daemon starting...
[2026-07-07 15:44:37] 🔹 SYSTEM: Fleet: 10 agents | Poll interval: 10s
[2026-07-07 15:44:47] 🔹 SYSTEM: 🚀 SAOS Fleet Orchestrator Daemon starting...
[2026-07-07 15:44:47] 🔹 SYSTEM: Fleet: 10 agents | Poll interval: 10s
[2026-07-07 15:44:57] 🔹 SYSTEM: 🚀 SAOS Fleet Orchestrator Daemon starting...
[2026-07-07 15:44:57] 🔹 SYSTEM: Fleet: 10 agents | Poll interval: 10s
[2026-07-07 15:45:07] 🔹 SYSTEM: 🚀 SAOS Fleet Orchestrator Daemon starting...
[2026-07-07 15:45:07] 🔹 SYSTEM: Fleet: 10 agents | Poll interval: 10s
[2026-07-07 15:45:17] 🔹 SYSTEM: 🚀 SAOS Fleet Orchestrator Daemon starting...
[2026-07-07 15:55:23] 🔹 SYSTEM: 🚀 SAOS Fleet Orchestrator Daemon starting...
[2026-07-07 15:55:23] 🔹 SYSTEM: Fleet: 10 agents | Poll interval: 10s
[2026-07-07 15:55:24] 🔹 SYSTEM: Fleet seeded: 10 agents ready

════════════════════════════════════════════════════════════
  🛰️  SAOS FLEET STATUS
════════════════════════════════════════════════════════════

📋 TASK QUEUE:
   ❌ FAILED: 8
   💀 DEAD: 61
   ✅ DONE: 275

🤖 FLEET AGENTS (10 total):
   🛠️ 🟢 ASSEMBLY   | IDLE     | done=16 fail=0
   🗺️ 🟢 ATLAS      | IDLE     | done=0 fail=0
   💬 🟢 CHATTY     | IDLE     | done=2 fail=1
   💻 🟢 CODY       | IDLE     | done=3 fail=0
   🎨 🟢 GENI       | IDLE     | done=0 fail=0
   ⚖️ 🟢 JURIS      | IDLE     | done=0 fail=0
   🔮 🟢 ORACLE     | IDLE     | done=0 fail=0
   ⚠️ 🟢 PESSI      | IDLE     | done=2 fail=1
   🛰️ 🔴 SOL        | BUSY     (task #255) | done=171 fail=230
   ✅ 🟢 VALI       | IDLE     | done=1 fail=0

📨 Unread messages: 0
════════════════════════════════════════════════════════════

[2026-07-07 15:56:25] 🔹 SYSTEM: Fleet heartbeat updated
[2026-07-07 15:57:26] 🔹 SYSTEM: Fleet heartbeat updated
[2026-07-07 15:58:27] 🔹 SYSTEM: Fleet heartbeat updated
[2026-07-07 15:59:29] 🔹 SYSTEM: Fleet heartbeat updated
[2026-07-07 16:00:30] 🔹 SYSTEM: 🚀 SAOS Fleet Orchestrator Daemon starting...
[2026-07-07 16:00:30] 🔹 SYSTEM: Fleet: 10 agents | Poll interval: 10s
[2026-07-07 16:00:40] 🔹 SYSTEM: 🚀 SAOS Fleet Orchestrator Daemon starting...
[2026-07-07 16:00:40] 🔹 SYSTEM: Fleet: 10 agents | Poll interval: 10s
[2026-07-07 16:00:50] 🔹 SYSTEM: 🚀 SAOS Fleet Orchestrator Daemon starting...
[2026-07-07 16:00:50] 🔹 SYSTEM: Fleet: 10 agents | Poll interval: 10s
[2026-07-07 16:01:00] 🔹 SYSTEM: 🚀 SAOS Fleet Orchestrator Daemon starting...
[2026-07-07 16:01:00] 🔹 SYSTEM: Fleet: 10 agents | Poll interval: 10s
[2026-07-07 16:01:10] 🔹 SYSTEM: 🚀 SAOS Fleet Orchestrator Daemon starting...
[2026-07-07 16:01:10] 🔹 SYSTEM: Fleet: 10 agents | Poll interval: 10s
[2026-07-07 16:01:10] 🔹 SYSTEM: Fleet seeded: 10 agents ready

════════════════════════════════════════════════════════════
  🛰️  SAOS FLEET STATUS
════════════════════════════════════════════════════════════

📋 TASK QUEUE:
   ❌ FAILED: 8
   💀 DEAD: 61
   ✅ DONE: 275

🤖 FLEET AGENTS (10 total):
   🛠️ 🟢 ASSEMBLY   | IDLE     | done=16 fail=0
   🗺️ 🟢 ATLAS      | IDLE     | done=0 fail=0
   💬 🟢 CHATTY     | IDLE     | done=2 fail=1
   💻 🟢 CODY       | IDLE     | done=3 fail=0
   🎨 🟢 GENI       | IDLE     | done=0 fail=0
   ⚖️ 🟢 JURIS      | IDLE     | done=0 fail=0
   🔮 🟢 ORACLE     | IDLE     | done=0 fail=0
   ⚠️ 🟢 PESSI      | IDLE     | done=2 fail=1
   🛰️ 🔴 SOL        | BUSY     (task #255) | done=171 fail=230
   ✅ 🟢 VALI       | IDLE     | done=1 fail=0

📨 Unread messages: 0
════════════════════════════════════════════════════════════

[2026-07-07 16:02:12] 🔹 SYSTEM: Fleet heartbeat updated
[2026-07-07 16:03:13] 🔹 SYSTEM: Fleet heartbeat updated
[2026-07-07 16:04:14] 🔹 SYSTEM: Fleet heartbeat updated
[2026-07-07 16:05:15] 🔹 SYSTEM: Fleet heartbeat updated
[2026-07-07 16:06:16] 🔹 SYSTEM: Fleet heartbeat updated
[2026-07-07 16:07:22] 🔹 SYSTEM: Fleet heartbeat updated
[2026-07-07 16:08:24] 🔹 SYSTEM: Fleet heartbeat updated
[2026-07-07 16:09:25] 🔹 SYSTEM: Fleet heartbeat updated
[2026-07-07 16:10:26] 🔹 SYSTEM: Fleet heartbeat updated
[2026-07-07 16:11:17] 🔹 SYSTEM: Status check — Pending: 0, Running: 0
[2026-07-07 16:11:27] 🔹 SYSTEM: Fleet heartbeat updated
[2026-07-07 16:12:28] 🔹 SYSTEM: Fleet heartbeat updated
[2026-07-07 16:13:29] 🔹 SYSTEM: Fleet heartbeat updated
[2026-07-07 16:14:30] 🔹 SYSTEM: Fleet heartbeat updated
[2026-07-07 16:15:31] 🔹 SYSTEM: Fleet heartbeat updated
[2026-07-07 16:16:32] 🔹 SYSTEM: Fleet heartbeat updated
[2026-07-07 16:17:33] 🔹 SYSTEM: Fleet heartbeat updated
[2026-07-07 16:18:34] 🔹 SYSTEM: Fleet heartbeat updated
[2026-07-07 16:19:35] 🔹 SYSTEM: Fleet heartbeat updated
[2026-07-07 16:20:36] 🔹 SYSTEM: Fleet heartbeat updated
[2026-07-07 16:21:27] 🔹 SYSTEM: Status check — Pending: 0, Running: 0
[2026-07-07 16:21:37] 🔹 SYSTEM: Fleet heartbeat updated
[2026-07-07 16:22:39] 🔹 SYSTEM: Fleet heartbeat updated
[2026-07-07 16:23:40] 🔹 SYSTEM: Fleet heartbeat updated
[2026-07-07 16:24:41] 🔹 SYSTEM: Fleet heartbeat updated
[2026-07-07 16:25:42] 🔹 SYSTEM: Fleet heartbeat updated
[2026-07-07 16:26:46] 🔹 SYSTEM: Fleet heartbeat updated
[2026-07-07 16:27:47] 🔹 SYSTEM: Fleet heartbeat updated
[2026-07-07 16:28:48] 🔹 SYSTEM: Fleet heartbeat updated
[2026-07-07 16:29:49] 🔹 SYSTEM: Fleet heartbeat updated
[2026-07-07 16:30:50] 🔹 SYSTEM: Fleet heartbeat updated
[2026-07-07 16:31:41] 🔹 SYSTEM: Status check — Pending: 0, Running: 0
[2026-07-07 16:31:51] 🔹 SYSTEM: Fleet heartbeat updated
[2026-07-07 16:32:52] 🔹 SYSTEM: Fleet heartbeat updated
[2026-07-07 16:33:52] 🔹 SYSTEM: Fleet heartbeat updated
[2026-07-07 16:34:53] 🔹 SYSTEM: Fleet heartbeat updated
[2026-07-07 16:35:55] 🔹 SYSTEM: Fleet heartbeat updated
[2026-07-07 16:36:55] 🔹 SYSTEM: Fleet heartbeat updated
[2026-07-07 16:37:56] 🔹 SYSTEM: Fleet heartbeat updated
[2026-07-07 16:38:57] 🔹 SYSTEM: Fleet heartbeat updated
[2026-07-07 16:39:59] 🔹 SYSTEM: Fleet heartbeat updated
[2026-07-07 16:41:00] 🔹 SYSTEM: Fleet heartbeat updated
[2026-07-07 16:41:51] 🔹 SYSTEM: Status check — Pending: 0, Running: 0
[2026-07-07 16:42:01] 🔹 SYSTEM: Fleet heartbeat updated
[2026-07-07 16:43:03] 🔹 SYSTEM: Fleet heartbeat updated
[2026-07-07 16:44:04] 🔹 SYSTEM: Fleet heartbeat updated
[2026-07-07 16:45:05] 🔹 SYSTEM: Fleet heartbeat updated
[2026-07-07 16:46:06] 🔹 SYSTEM: Fleet heartbeat updated
[2026-07-07 16:47:07] 🔹 SYSTEM: Fleet heartbeat updated
[2026-07-07 16:48:08] 🔹 SYSTEM: Fleet heartbeat updated
[2026-07-07 16:49:09] 🔹 SYSTEM: Fleet heartbeat updated
[2026-07-07 16:50:10] 🔹 SYSTEM: Fleet heartbeat updated
[2026-07-07 16:51:11] 🔹 SYSTEM: Fleet heartbeat updated
[2026-07-07 16:52:02] 🔹 SYSTEM: Status check — Pending: 0, Running: 0
[2026-07-07 16:52:12] 🔹 SYSTEM: Fleet heartbeat updated
[2026-07-07 16:53:13] 🔹 SYSTEM: Fleet heartbeat updated
[2026-07-07 16:54:14] 🔹 SYSTEM: Fleet heartbeat updated
[2026-07-07 16:55:16] 🔹 SYSTEM: Fleet heartbeat updated
[2026-07-07 16:56:16] 🔹 SYSTEM: Fleet heartbeat updated
[2026-07-07 16:57:17] 🔹 SYSTEM: Fleet heartbeat updated
[2026-07-07 16:58:18] 🔹 SYSTEM: Fleet heartbeat updated
[2026-07-07 16:59:19] 🔹 SYSTEM: Fleet heartbeat updated
[2026-07-07 17:00:21] 🔹 SYSTEM: Fleet heartbeat updated
[2026-07-07 17:01:22] 🔹 SYSTEM: Fleet heartbeat updated
[2026-07-07 17:02:13] 🔹 SYSTEM: Status check — Pending: 0, Running: 0
[2026-07-07 17:02:23] 🔹 SYSTEM: Fleet heartbeat updated
[2026-07-07 17:03:24] 🔹 SYSTEM: Fleet heartbeat updated
[2026-07-07 17:04:25] 🔹 SYSTEM: Fleet heartbeat updated
[2026-07-07 17:05:26] 🔹 SYSTEM: Fleet heartbeat updated
[2026-07-07 17:06:27] 🔹 SYSTEM: Fleet heartbeat updated
[2026-07-07 17:07:32] 🔹 SYSTEM: Fleet heartbeat updated
[2026-07-07 17:08:33] 🔹 SYSTEM: Fleet heartbeat updated
[2026-07-07 17:09:33] 🔹 SYSTEM: Fleet heartbeat updated
[2026-07-07 17:10:34] 🔹 SYSTEM: Fleet heartbeat updated
[2026-07-07 17:11:35] 🔹 SYSTEM: Fleet heartbeat updated
[2026-07-07 17:12:26] 🔹 SYSTEM: Status check — Pending: 0, Running: 0
[2026-07-07 17:12:37] 🔹 SYSTEM: Fleet heartbeat updated
[2026-07-07 17:13:38] 🔹 SYSTEM: Fleet heartbeat updated
[2026-07-07 17:14:39] 🔹 SYSTEM: Fleet heartbeat updated
[2026-07-07 17:15:40] 🔹 SYSTEM: Fleet heartbeat updated
[2026-07-07 17:16:42] 🔹 SYSTEM: Fleet heartbeat updated
[2026-07-07 17:17:43] 🔹 SYSTEM: Fleet heartbeat updated
[2026-07-07 17:18:44] 🔹 SYSTEM: Fleet heartbeat updated
[2026-07-07 17:19:45] 🔹 SYSTEM: Fleet heartbeat updated
[2026-07-07 17:20:46] 🔹 SYSTEM: Fleet heartbeat updated
[2026-07-07 17:21:47] 🔹 SYSTEM: Fleet heartbeat updated
[2026-07-07 17:22:38] 🔹 SYSTEM: Status check — Pending: 0, Running: 0
[2026-07-07 17:22:49] 🔹 SYSTEM: Fleet heartbeat updated
[2026-07-07 17:23:50] 🔹 SYSTEM: Fleet heartbeat updated
[2026-07-07 17:24:51] 🔹 SYSTEM: Fleet heartbeat updated
[2026-07-07 17:25:52] 🔹 SYSTEM: Fleet heartbeat updated
[2026-07-07 17:26:53] 🔹 SYSTEM: Fleet heartbeat updated
[2026-07-07 17:27:55] 🔹 SYSTEM: Fleet heartbeat updated
[2026-07-07 17:28:55] 🔹 SYSTEM: Fleet heartbeat updated
[2026-07-07 17:29:57] 🔹 SYSTEM: Fleet heartbeat updated
[2026-07-07 17:30:58] 🔹 SYSTEM: Fleet heartbeat updated
[2026-07-07 17:31:59] 🔹 SYSTEM: Fleet heartbeat updated
[2026-07-07 17:32:50] 🔹 SYSTEM: Status check — Pending: 0, Running: 0
[2026-07-07 17:33:00] 🔹 SYSTEM: Fleet heartbeat updated
[2026-07-07 17:34:01] 🔹 SYSTEM: Fleet heartbeat updated
[2026-07-07 17:35:02] 🔹 SYSTEM: Fleet heartbeat updated
[2026-07-07 17:36:03] 🔹 SYSTEM: Fleet heartbeat updated
[2026-07-07 17:37:04] 🔹 SYSTEM: Fleet heartbeat updated
[2026-07-07 17:38:05] 🔹 SYSTEM: Fleet heartbeat updated
[2026-07-07 17:39:06] 🔹 SYSTEM: Fleet heartbeat updated
[2026-07-07 17:40:07] 🔹 SYSTEM: Fleet heartbeat updated
[2026-07-07 17:41:08] 🔹 SYSTEM: Fleet heartbeat updated
[2026-07-07 17:42:09] 🔹 SYSTEM: Fleet heartbeat updated
[2026-07-07 17:43:00] 🔹 SYSTEM: Status check — Pending: 0, Running: 0
[2026-07-07 17:43:10] 🔹 SYSTEM: Fleet heartbeat updated
[2026-07-07 17:44:12] 🔹 SYSTEM: Fleet heartbeat updated
[2026-07-07 17:45:12] 🔹 SYSTEM: Fleet heartbeat updated
[2026-07-07 17:46:13] 🔹 SYSTEM: Fleet heartbeat updated
[2026-07-07 17:47:14] 🔹 SYSTEM: Fleet heartbeat updated
[2026-07-07 17:48:15] 🔹 SYSTEM: Fleet heartbeat updated
[2026-07-07 17:49:16] 🔹 SYSTEM: Fleet heartbeat updated
[2026-07-07 17:50:18] 🔹 SYSTEM: Fleet heartbeat updated
[2026-07-07 17:51:19] 🔹 SYSTEM: Fleet heartbeat updated
[2026-07-07 17:52:20] 🔹 SYSTEM: Fleet heartbeat updated
[2026-07-07 17:53:11] 🔹 SYSTEM: Status check — Pending: 0, Running: 0
[2026-07-07 17:53:21] 🔹 SYSTEM: Fleet heartbeat updated
[2026-07-07 17:54:22] 🔹 SYSTEM: Fleet heartbeat updated
[2026-07-07 17:55:23] 🔹 SYSTEM: Fleet heartbeat updated
[2026-07-07 17:56:24] 🔹 SYSTEM: Fleet heartbeat updated
[2026-07-07 17:57:26] 🔹 SYSTEM: Fleet heartbeat updated
[2026-07-07 17:58:27] 🔹 SYSTEM: Fleet heartbeat updated
[2026-07-07 17:59:28] 🔹 SYSTEM: Fleet heartbeat updated
[2026-07-07 18:00:29] 🔹 SYSTEM: Fleet heartbeat updated
[2026-07-07 18:01:30] 🔹 SYSTEM: Fleet heartbeat updated
[2026-07-07 18:02:31] 🔹 SYSTEM: Fleet heartbeat updated
[2026-07-07 18:03:22] 🔹 SYSTEM: Status check — Pending: 0, Running: 0
[2026-07-07 18:03:32] 🔹 SYSTEM: Fleet heartbeat updated
[2026-07-07 18:04:33] 🔹 SYSTEM: Fleet heartbeat updated
[2026-07-07 18:05:34] 🔹 SYSTEM: Fleet heartbeat updated
[2026-07-07 18:06:35] 🔹 SYSTEM: Fleet heartbeat updated
[2026-07-07 18:07:41] 🔹 SYSTEM: Fleet heartbeat updated
[2026-07-07 18:08:42] 🔹 SYSTEM: Fleet heartbeat updated
[2026-07-07 18:09:43] 🔹 SYSTEM: Fleet heartbeat updated
[2026-07-07 18:10:44] 🔹 SYSTEM: Fleet heartbeat updated
[2026-07-07 18:11:45] 🔹 SYSTEM: Fleet heartbeat updated
[2026-07-07 18:12:46] 🔹 SYSTEM: Fleet heartbeat updated
[2026-07-07 18:13:37] 🔹 SYSTEM: Status check — Pending: 0, Running: 0
[2026-07-07 18:13:47] 🔹 SYSTEM: Fleet heartbeat updated
[2026-07-07 18:14:49] 🔹 SYSTEM: Fleet heartbeat updated
[2026-07-07 18:15:50] 🔹 SYSTEM: Fleet heartbeat updated
[2026-07-07 18:16:51] 🔹 SYSTEM: Fleet heartbeat updated
[2026-07-07 18:17:52] 🔹 SYSTEM: Fleet heartbeat updated
[2026-07-07 18:18:53] 🔹 SYSTEM: Fleet heartbeat updated
[2026-07-07 18:19:54] 🔹 SYSTEM: Fleet heartbeat updated
[2026-07-07 18:20:55] 🔹 SYSTEM: Fleet heartbeat updated
[2026-07-07 18:21:57] 🔹 SYSTEM: Fleet heartbeat updated
[2026-07-07 18:22:58] 🔹 SYSTEM: Fleet heartbeat updated
[2026-07-07 18:23:49] 🔹 SYSTEM: Status check — Pending: 0, Running: 0
[2026-07-07 18:23:59] 🔹 SYSTEM: Fleet heartbeat updated
[2026-07-07 18:25:00] 🔹 SYSTEM: Fleet heartbeat updated
[2026-07-07 18:26:01] 🔹 SYSTEM: Fleet heartbeat updated
[2026-07-07 18:27:03] 🔹 SYSTEM: Fleet heartbeat updated
[2026-07-07 18:28:04] 🔹 SYSTEM: Fleet heartbeat updated
[2026-07-07 18:29:06] 🔹 SYSTEM: Fleet heartbeat updated
[2026-07-07 18:30:07] 🔹 SYSTEM: Fleet heartbeat updated
[2026-07-07 18:31:08] 🔹 SYSTEM: Fleet heartbeat updated
[2026-07-07 18:32:09] 🔹 SYSTEM: Fleet heartbeat updated
[2026-07-07 18:33:10] 🔹 SYSTEM: Fleet heartbeat updated
[2026-07-07 18:34:01] 🔹 SYSTEM: Status check — Pending: 0, Running: 0
[2026-07-07 18:34:12] 🔹 SYSTEM: Fleet heartbeat updated
[2026-07-07 18:35:13] 🔹 SYSTEM: Fleet heartbeat updated
[2026-07-07 18:36:14] 🔹 SYSTEM: Fleet heartbeat updated
[2026-07-07 18:37:15] 🔹 SYSTEM: Fleet heartbeat updated
[2026-07-07 18:38:16] 🔹 SYSTEM: Fleet heartbeat updated
[2026-07-07 18:39:17] 🔹 SYSTEM: Fleet heartbeat updated
[2026-07-07 18:40:18] 🔹 SYSTEM: Fleet heartbeat updated
[2026-07-07 18:41:19] 🔹 SYSTEM: Fleet heartbeat updated
[2026-07-07 18:42:20] 🔹 SYSTEM: Fleet heartbeat updated
[2026-07-07 18:43:21] 🔹 SYSTEM: Fleet heartbeat updated
[2026-07-07 18:44:12] 🔹 SYSTEM: Status check — Pending: 0, Running: 0
[2026-07-07 18:44:22] 🔹 SYSTEM: Fleet heartbeat updated
[2026-07-07 18:45:24] 🔹 SYSTEM: Fleet heartbeat updated
[2026-07-07 18:46:26] 🔹 SYSTEM: Fleet heartbeat updated
[2026-07-07 18:47:28] 🔹 SYSTEM: Fleet heartbeat updated
[2026-07-07 18:48:29] 🔹 SYSTEM: Fleet heartbeat updated
[2026-07-07 18:49:30] 🔹 SYSTEM: Fleet heartbeat updated
[2026-07-07 18:50:31] 🔹 SYSTEM: Fleet heartbeat updated
[2026-07-07 18:51:32] 🔹 SYSTEM: Fleet heartbeat updated
[2026-07-07 18:52:33] 🔹 SYSTEM: Fleet heartbeat updated
[2026-07-07 18:53:34] 🔹 SYSTEM: Fleet heartbeat updated
[2026-07-07 18:54:25] 🔹 SYSTEM: Status check — Pending: 0, Running: 0
[2026-07-07 18:54:35] 🔹 SYSTEM: Fleet heartbeat updated
[2026-07-07 18:55:37] 🔹 SYSTEM: Fleet heartbeat updated
[2026-07-07 18:56:38] 🔹 SYSTEM: Fleet heartbeat updated
[2026-07-07 18:57:39] 🔹 SYSTEM: Fleet heartbeat updated
[2026-07-07 18:58:40] 🔹 SYSTEM: Fleet heartbeat updated
[2026-07-07 18:59:41] 🔹 SYSTEM: Fleet heartbeat updated
[2026-07-07 19:00:43] 🔹 SYSTEM: Fleet heartbeat updated
[2026-07-07 19:01:44] 🔹 SYSTEM: Fleet heartbeat updated
[2026-07-07 19:02:45] 🔹 SYSTEM: Fleet heartbeat updated
[2026-07-07 19:03:46] 🔹 SYSTEM: Fleet heartbeat updated
[2026-07-07 19:04:37] 🔹 SYSTEM: Status check — Pending: 0, Running: 0
[2026-07-07 19:04:48] 🔹 SYSTEM: Fleet heartbeat updated
[2026-07-07 19:05:49] 🔹 SYSTEM: Fleet heartbeat updated
[2026-07-07 19:06:50] 🔹 SYSTEM: Fleet heartbeat updated
[2026-07-07 19:07:54] 🔹 SYSTEM: Fleet heartbeat updated
[2026-07-07 19:08:55] 🔹 SYSTEM: Fleet heartbeat updated
[2026-07-07 19:09:56] 🔹 SYSTEM: Fleet heartbeat updated
[2026-07-07 19:10:57] 🔹 SYSTEM: Fleet heartbeat updated
[2026-07-07 19:11:58] 🔹 SYSTEM: Fleet heartbeat updated
[2026-07-07 19:13:00] 🔹 SYSTEM: Fleet heartbeat updated
[2026-07-07 19:14:01] 🔹 SYSTEM: Fleet heartbeat updated
[2026-07-07 19:14:51] 🔹 SYSTEM: Status check — Pending: 0, Running: 0
[2026-07-07 19:15:02] 🔹 SYSTEM: Fleet heartbeat updated
[2026-07-07 19:16:03] 🔹 SYSTEM: Fleet heartbeat updated
[2026-07-07 19:17:04] 🔹 SYSTEM: Fleet heartbeat updated
[2026-07-07 19:18:05] 🔹 SYSTEM: Fleet heartbeat updated
[2026-07-07 19:19:06] 🔹 SYSTEM: Fleet heartbeat updated
[2026-07-07 19:20:07] 🔹 SYSTEM: Fleet heartbeat updated
[2026-07-07 19:21:09] 🔹 SYSTEM: Fleet heartbeat updated
[2026-07-07 19:22:10] 🔹 SYSTEM: Fleet heartbeat updated
[2026-07-07 19:23:11] 🔹 SYSTEM: Fleet heartbeat updated
[2026-07-07 19:24:12] 🔹 SYSTEM: Fleet heartbeat updated
[2026-07-07 19:25:03] 🔹 SYSTEM: Status check — Pending: 0, Running: 0
[2026-07-07 19:25:14] 🔹 SYSTEM: Fleet heartbeat updated
[2026-07-07 19:26:15] 🔹 SYSTEM: Fleet heartbeat updated
[2026-07-07 19:27:16] 🔹 SYSTEM: Fleet heartbeat updated
[2026-07-07 19:28:17] 🔹 SYSTEM: Fleet heartbeat updated
[2026-07-07 19:29:19] 🔹 SYSTEM: Fleet heartbeat updated
[2026-07-07 19:30:20] 🔹 SYSTEM: Fleet heartbeat updated
[2026-07-07 19:31:21] 🔹 SYSTEM: Fleet heartbeat updated
[2026-07-07 19:32:22] 🔹 SYSTEM: Fleet heartbeat updated
[2026-07-07 19:33:24] 🔹 SYSTEM: Fleet heartbeat updated
[2026-07-07 19:34:24] 🔹 SYSTEM: Fleet heartbeat updated
[2026-07-07 19:35:16] 🔹 SYSTEM: Status check — Pending: 0, Running: 0
[2026-07-07 19:35:26] 🔹 SYSTEM: Fleet heartbeat updated
[2026-07-07 19:36:27] 🔹 SYSTEM: Fleet heartbeat updated
[2026-07-07 19:37:28] 🔹 SYSTEM: Fleet heartbeat updated
[2026-07-07 19:38:30] 🔹 SYSTEM: Fleet heartbeat updated
[2026-07-07 19:39:31] 🔹 SYSTEM: Fleet heartbeat updated
[2026-07-07 19:40:32] 🔹 SYSTEM: Fleet heartbeat updated
[2026-07-07 19:41:33] 🔹 SYSTEM: Fleet heartbeat updated
[2026-07-07 19:42:35] 🔹 SYSTEM: Fleet heartbeat updated
[2026-07-07 19:43:36] 🔹 SYSTEM: Fleet heartbeat updated
[2026-07-07 19:44:37] 🔹 SYSTEM: Fleet heartbeat updated
[2026-07-07 19:45:28] 🔹 SYSTEM: Status check — Pending: 0, Running: 0
[2026-07-07 19:45:38] 🔹 SYSTEM: Fleet heartbeat updated
[2026-07-07 19:46:40] 🔹 SYSTEM: Fleet heartbeat updated
[2026-07-07 19:47:41] 🔹 SYSTEM: Fleet heartbeat updated
[2026-07-07 19:48:42] 🔹 SYSTEM: Fleet heartbeat updated
[2026-07-07 19:49:43] 🔹 SYSTEM: Fleet heartbeat updated
[2026-07-07 19:50:45] 🔹 SYSTEM: Fleet heartbeat updated
[2026-07-07 19:51:46] 🔹 SYSTEM: Fleet heartbeat updated
[2026-07-07 19:52:47] 🔹 SYSTEM: Fleet heartbeat updated
[2026-07-07 19:53:48] 🔹 SYSTEM: Fleet heartbeat updated
[2026-07-07 19:54:50] 🔹 SYSTEM: Fleet heartbeat updated
[2026-07-07 19:55:41] 🔹 SYSTEM: Status check — Pending: 0, Running: 0
[2026-07-07 19:55:51] 🔹 SYSTEM: Fleet heartbeat updated
[2026-07-07 19:56:52] 🔹 SYSTEM: Fleet heartbeat updated
[2026-07-07 19:57:54] 🔹 SYSTEM: Fleet heartbeat updated
[2026-07-07 19:58:55] 🔹 SYSTEM: Fleet heartbeat updated
[2026-07-07 19:59:56] 🔹 SYSTEM: Fleet heartbeat updated
[2026-07-07 20:00:58] 🔹 SYSTEM: Fleet heartbeat updated
[2026-07-07 20:01:59] 🔹 SYSTEM: Fleet heartbeat updated
[2026-07-07 20:03:00] 🔹 SYSTEM: Fleet heartbeat updated
[2026-07-07 20:04:01] 🔹 SYSTEM: Fleet heartbeat updated
[2026-07-07 20:05:02] 🔹 SYSTEM: Fleet heartbeat updated
[2026-07-07 20:05:53] 🔹 SYSTEM: Status check — Pending: 0, Running: 0
[2026-07-07 20:06:04] 🔹 SYSTEM: Fleet heartbeat updated
[2026-07-07 20:07:05] 🔹 SYSTEM: Fleet heartbeat updated
[2026-07-07 20:08:11] 🔹 SYSTEM: Fleet heartbeat updated
[2026-07-07 20:09:12] 🔹 SYSTEM: Fleet heartbeat updated
[2026-07-07 20:10:13] 🔹 SYSTEM: Fleet heartbeat updated
[2026-07-07 20:11:15] 🔹 SYSTEM: Fleet heartbeat updated
[2026-07-07 20:12:16] 🔹 SYSTEM: Fleet heartbeat updated
[2026-07-07 20:13:17] 🔹 SYSTEM: Fleet heartbeat updated
[2026-07-07 20:14:18] 🔹 SYSTEM: Fleet heartbeat updated
[2026-07-07 20:15:20] 🔹 SYSTEM: Fleet heartbeat updated
[2026-07-07 20:16:11] 🔹 SYSTEM: Status check — Pending: 0, Running: 0
[2026-07-07 20:16:21] 🔹 SYSTEM: Fleet heartbeat updated
[2026-07-07 20:17:22] 🔹 SYSTEM: Fleet heartbeat updated
[2026-07-07 20:18:23] 🔹 SYSTEM: Fleet heartbeat updated
[2026-07-07 20:19:25] 🔹 SYSTEM: Fleet heartbeat updated
[2026-07-07 20:20:26] 🔹 SYSTEM: Fleet heartbeat updated
[2026-07-07 20:21:27] 🔹 SYSTEM: Fleet heartbeat updated
[2026-07-07 20:22:28] 🔹 SYSTEM: Fleet heartbeat updated
[2026-07-07 20:23:29] 🔹 SYSTEM: Fleet heartbeat updated
[2026-07-07 20:24:31] 🔹 SYSTEM: Fleet heartbeat updated
[2026-07-07 20:25:32] 🔹 SYSTEM: Fleet heartbeat updated
[2026-07-07 20:26:23] 🔹 SYSTEM: Status check — Pending: 0, Running: 0
[2026-07-07 20:26:33] 🔹 SYSTEM: Fleet heartbeat updated
[2026-07-07 20:27:35] 🔹 SYSTEM: Fleet heartbeat updated
[2026-07-07 20:28:36] 🔹 SYSTEM: Fleet heartbeat updated
[2026-07-07 20:29:37] 🔹 SYSTEM: Fleet heartbeat updated
[2026-07-07 20:30:38] 🔹 SYSTEM: Fleet heartbeat updated
[2026-07-07 20:31:40] 🔹 SYSTEM: Fleet heartbeat updated
[2026-07-07 20:32:41] 🔹 SYSTEM: Fleet heartbeat updated
[2026-07-07 20:33:42] 🔹 SYSTEM: Fleet heartbeat updated
[2026-07-07 20:34:43] 🔹 SYSTEM: Fleet heartbeat updated
[2026-07-07 20:35:44] 🔹 SYSTEM: Fleet heartbeat updated
[2026-07-07 20:36:35] 🔹 SYSTEM: Status check — Pending: 0, Running: 0
[2026-07-07 20:36:46] 🔹 SYSTEM: Fleet heartbeat updated
[2026-07-07 20:37:47] 🔹 SYSTEM: Fleet heartbeat updated
[2026-07-07 20:38:48] 🔹 SYSTEM: Fleet heartbeat updated
[2026-07-07 20:39:49] 🔹 SYSTEM: Fleet heartbeat updated
[2026-07-07 20:40:50] 🔹 SYSTEM: Fleet heartbeat updated
[2026-07-07 20:41:51] 🔹 SYSTEM: Fleet heartbeat updated
[2026-07-07 20:42:53] 🔹 SYSTEM: Fleet heartbeat updated
[2026-07-07 20:43:54] 🔹 SYSTEM: Fleet heartbeat updated
[2026-07-07 20:44:55] 🔹 SYSTEM: Fleet heartbeat updated
[2026-07-07 20:45:56] 🔹 SYSTEM: Fleet heartbeat updated
[2026-07-07 20:46:47] 🔹 SYSTEM: Status check — Pending: 0, Running: 0
[2026-07-07 20:46:58] 🔹 SYSTEM: Fleet heartbeat updated
[2026-07-07 20:47:59] 🔹 SYSTEM: Fleet heartbeat updated
[2026-07-07 20:49:00] 🔹 SYSTEM: Fleet heartbeat updated
[2026-07-07 20:50:01] 🔹 SYSTEM: Fleet heartbeat updated
[2026-07-07 20:51:02] 🔹 SYSTEM: Fleet heartbeat updated
[2026-07-07 20:52:04] 🔹 SYSTEM: Fleet heartbeat updated
[2026-07-07 20:53:05] 🔹 SYSTEM: Fleet heartbeat updated
[2026-07-07 20:54:06] 🔹 SYSTEM: Fleet heartbeat updated
[2026-07-07 20:55:08] 🔹 SYSTEM: Fleet heartbeat updated
[2026-07-07 20:56:09] 🔹 SYSTEM: Fleet heartbeat updated
[2026-07-07 20:57:00] 🔹 SYSTEM: Status check — Pending: 0, Running: 0
[2026-07-07 20:57:10] 🔹 SYSTEM: Fleet heartbeat updated
[2026-07-07 20:58:11] 🔹 SYSTEM: Fleet heartbeat updated
[2026-07-07 20:59:12] 🔹 SYSTEM: Fleet heartbeat updated
[2026-07-07 21:00:13] 🔹 SYSTEM: Fleet heartbeat updated
[2026-07-07 21:01:15] 🔹 SYSTEM: Fleet heartbeat updated
[2026-07-07 21:02:16] 🔹 SYSTEM: Fleet heartbeat updated
[2026-07-07 21:03:17] 🔹 SYSTEM: Fleet heartbeat updated
[2026-07-07 21:04:18] 🔹 SYSTEM: Fleet heartbeat updated
[2026-07-07 21:05:19] 🔹 SYSTEM: Fleet heartbeat updated
[2026-07-07 21:06:20] 🔹 SYSTEM: Fleet heartbeat updated
[2026-07-07 21:07:14] 🔹 SYSTEM: Status check — Pending: 0, Running: 0
[2026-07-07 21:07:28] 🔹 SYSTEM: Fleet heartbeat updated
[2026-07-07 21:08:29] 🔹 SYSTEM: Fleet heartbeat updated
[2026-07-07 21:09:30] 🔹 SYSTEM: Fleet heartbeat updated
[2026-07-07 21:10:31] 🔹 SYSTEM: Fleet heartbeat updated
[2026-07-07 21:11:32] 🔹 SYSTEM: Fleet heartbeat updated
[2026-07-07 21:12:34] 🔹 SYSTEM: Fleet heartbeat updated
[2026-07-07 21:13:35] 🔹 SYSTEM: Fleet heartbeat updated
[2026-07-07 21:14:36] 🔹 SYSTEM: Fleet heartbeat updated
[2026-07-07 21:15:38] 🔹 SYSTEM: Fleet heartbeat updated
[2026-07-07 21:16:39] 🔹 SYSTEM: Fleet heartbeat updated
[2026-07-07 21:17:30] 🔹 SYSTEM: Status check — Pending: 0, Running: 0
[2026-07-07 21:17:40] 🔹 SYSTEM: Fleet heartbeat updated
[2026-07-07 21:18:41] 🔹 SYSTEM: Fleet heartbeat updated
[2026-07-07 21:19:42] 🔹 SYSTEM: Fleet heartbeat updated
[2026-07-07 21:20:44] 🔹 SYSTEM: Fleet heartbeat updated
[2026-07-07 21:21:45] 🔹 SYSTEM: Fleet heartbeat updated
[2026-07-07 21:22:46] 🔹 SYSTEM: Fleet heartbeat updated
[2026-07-07 21:23:47] 🔹 SYSTEM: Fleet heartbeat updated
[2026-07-07 21:24:48] 🔹 SYSTEM: Fleet heartbeat updated
[2026-07-07 21:25:49] 🔹 SYSTEM: Fleet heartbeat updated
[2026-07-07 21:26:50] 🔹 SYSTEM: Fleet heartbeat updated
[2026-07-07 21:27:41] 🔹 SYSTEM: Status check — Pending: 0, Running: 0
[2026-07-07 21:27:51] 🔹 SYSTEM: Fleet heartbeat updated
[2026-07-07 21:28:53] 🔹 SYSTEM: Fleet heartbeat updated
[2026-07-07 21:29:54] 🔹 SYSTEM: Fleet heartbeat updated
[2026-07-07 21:30:55] 🔹 SYSTEM: Fleet heartbeat updated
[2026-07-07 21:31:56] 🔹 SYSTEM: Fleet heartbeat updated
[2026-07-07 21:32:57] 🔹 SYSTEM: Fleet heartbeat updated
[2026-07-07 21:33:58] 🔹 SYSTEM: Fleet heartbeat updated
[2026-07-07 21:35:00] 🔹 SYSTEM: Fleet heartbeat updated
[2026-07-07 21:36:01] 🔹 SYSTEM: Fleet heartbeat updated
[2026-07-07 21:37:02] 🔹 SYSTEM: Fleet heartbeat updated
[2026-07-07 21:37:53] 🔹 SYSTEM: Status check — Pending: 0, Running: 0
[2026-07-07 21:38:03] 🔹 SYSTEM: Fleet heartbeat updated
[2026-07-07 21:39:04] 🔹 SYSTEM: Fleet heartbeat updated
[2026-07-07 21:40:05] 🔹 SYSTEM: Fleet heartbeat updated
[2026-07-07 21:41:07] 🔹 SYSTEM: Fleet heartbeat updated
[2026-07-07 21:42:08] 🔹 SYSTEM: Fleet heartbeat updated
[2026-07-07 21:43:09] 🔹 SYSTEM: Fleet heartbeat updated
[2026-07-07 21:44:10] 🔹 SYSTEM: Fleet heartbeat updated
[2026-07-07 21:45:11] 🔹 SYSTEM: Fleet heartbeat updated
[2026-07-07 21:46:12] 🔹 SYSTEM: Fleet heartbeat updated
[2026-07-07 21:47:13] 🔹 SYSTEM: Fleet heartbeat updated
[2026-07-07 21:48:04] 🔹 SYSTEM: Status check — Pending: 0, Running: 0
[2026-07-07 21:48:14] 🔹 SYSTEM: Fleet heartbeat updated
[2026-07-07 21:49:16] 🔹 SYSTEM: Fleet heartbeat updated
[2026-07-07 21:50:17] 🔹 SYSTEM: Fleet heartbeat updated
[2026-07-07 21:51:18] 🔹 SYSTEM: Fleet heartbeat updated
[2026-07-07 21:52:19] 🔹 SYSTEM: Fleet heartbeat updated
[2026-07-07 21:53:20] 🔹 SYSTEM: Fleet heartbeat updated
[2026-07-07 21:54:21] 🔹 SYSTEM: Fleet heartbeat updated
[2026-07-07 21:55:22] 🔹 SYSTEM: Fleet heartbeat updated
[2026-07-07 21:56:23] 🔹 SYSTEM: Fleet heartbeat updated
[2026-07-07 21:57:24] 🔹 SYSTEM: Fleet heartbeat updated
[2026-07-07 21:58:15] 🔹 SYSTEM: Status check — Pending: 0, Running: 0
[2026-07-07 21:58:25] 🔹 SYSTEM: Fleet heartbeat updated
[2026-07-07 21:59:26] 🔹 SYSTEM: Fleet heartbeat updated
[2026-07-07 22:00:28] 🔹 SYSTEM: Fleet heartbeat updated
[2026-07-07 22:01:29] 🔹 SYSTEM: Fleet heartbeat updated
[2026-07-07 22:02:30] 🔹 SYSTEM: Fleet heartbeat updated
[2026-07-07 22:03:31] 🔹 SYSTEM: Fleet heartbeat updated
[2026-07-07 22:04:32] 🔹 SYSTEM: Fleet heartbeat updated
[2026-07-07 22:05:33] 🔹 SYSTEM: Fleet heartbeat updated
[2026-07-07 22:06:35] 🔹 SYSTEM: Fleet heartbeat updated
[2026-07-07 22:07:37] 🔹 SYSTEM: Fleet heartbeat updated
[2026-07-07 22:08:28] 🔹 SYSTEM: Status check — Pending: 0, Running: 0
[2026-07-07 22:08:39] 🔹 SYSTEM: Fleet heartbeat updated
[2026-07-07 22:09:40] 🔹 SYSTEM: Fleet heartbeat updated
[2026-07-07 22:10:41] 🔹 SYSTEM: Fleet heartbeat updated
[2026-07-07 22:11:42] 🔹 SYSTEM: Fleet heartbeat updated
[2026-07-07 22:12:43] 🔹 SYSTEM: Fleet heartbeat updated
[2026-07-07 22:13:44] 🔹 SYSTEM: Fleet heartbeat updated
[2026-07-07 22:14:45] 🔹 SYSTEM: Fleet heartbeat updated
[2026-07-07 22:15:46] 🔹 SYSTEM: Fleet heartbeat updated
[2026-07-07 22:16:48] 🔹 SYSTEM: Fleet heartbeat updated
[2026-07-07 22:17:49] 🔹 SYSTEM: Fleet heartbeat updated
[2026-07-07 22:18:40] 🔹 SYSTEM: Status check — Pending: 0, Running: 0
[2026-07-07 22:18:50] 🔹 SYSTEM: Fleet heartbeat updated
[2026-07-07 22:19:51] 🔹 SYSTEM: Fleet heartbeat updated
[2026-07-07 22:20:52] 🔹 SYSTEM: Fleet heartbeat updated
[2026-07-07 22:21:53] 🔹 SYSTEM: Fleet heartbeat updated
[2026-07-07 22:22:54] 🔹 SYSTEM: Fleet heartbeat updated
[2026-07-07 22:23:55] 🔹 SYSTEM: Fleet heartbeat updated
[2026-07-07 22:24:57] 🔹 SYSTEM: Fleet heartbeat updated
[2026-07-07 22:25:58] 🔹 SYSTEM: Fleet heartbeat updated
[2026-07-07 22:26:58] 🔹 SYSTEM: Fleet heartbeat updated
[2026-07-07 22:28:00] 🔹 SYSTEM: Fleet heartbeat updated
[2026-07-07 22:28:50] 🔹 SYSTEM: Status check — Pending: 0, Running: 0
[2026-07-07 22:29:01] 🔹 SYSTEM: Fleet heartbeat updated
[2026-07-07 22:30:02] 🔹 SYSTEM: Fleet heartbeat updated
[2026-07-07 22:31:03] 🔹 SYSTEM: Fleet heartbeat updated
[2026-07-07 22:32:04] 🔹 SYSTEM: Fleet heartbeat updated
[2026-07-07 22:33:05] 🔹 SYSTEM: Fleet heartbeat updated
[2026-07-07 22:34:06] 🔹 SYSTEM: Fleet heartbeat updated
[2026-07-07 22:35:07] 🔹 SYSTEM: Fleet heartbeat updated
[2026-07-07 22:36:08] 🔹 SYSTEM: Fleet heartbeat updated
[2026-07-07 22:37:09] 🔹 SYSTEM: Fleet heartbeat updated
[2026-07-07 22:38:10] 🔹 SYSTEM: Fleet heartbeat updated
[2026-07-07 22:39:01] 🔹 SYSTEM: Status check — Pending: 0, Running: 0
[2026-07-07 22:39:11] 🔹 SYSTEM: Fleet heartbeat updated
[2026-07-07 22:40:12] 🔹 SYSTEM: Fleet heartbeat updated
[2026-07-07 22:41:14] 🔹 SYSTEM: Fleet heartbeat updated
[2026-07-07 22:42:15] 🔹 SYSTEM: Fleet heartbeat updated
[2026-07-07 22:43:16] 🔹 SYSTEM: Fleet heartbeat updated
[2026-07-07 22:44:17] 🔹 SYSTEM: Fleet heartbeat updated
[2026-07-07 22:45:18] 🔹 SYSTEM: Fleet heartbeat updated
[2026-07-07 22:46:19] 🔹 SYSTEM: Fleet heartbeat updated
[2026-07-07 22:47:20] 🔹 SYSTEM: Fleet heartbeat updated
[2026-07-07 22:48:21] 🔹 SYSTEM: Fleet heartbeat updated
[2026-07-07 22:49:12] 🔹 SYSTEM: Status check — Pending: 0, Running: 0
[2026-07-07 22:49:22] 🔹 SYSTEM: Fleet heartbeat updated
[2026-07-07 22:50:23] 🔹 SYSTEM: Fleet heartbeat updated
[2026-07-07 22:51:24] 🔹 SYSTEM: Fleet heartbeat updated
[2026-07-07 22:52:26] 🔹 SYSTEM: Fleet heartbeat updated
[2026-07-07 22:53:27] 🔹 SYSTEM: Fleet heartbeat updated
[2026-07-07 22:54:28] 🔹 SYSTEM: Fleet heartbeat updated
[2026-07-07 22:55:29] 🔹 SYSTEM: Fleet heartbeat updated
[2026-07-07 22:56:30] 🔹 SYSTEM: Fleet heartbeat updated
[2026-07-07 22:57:31] 🔹 SYSTEM: Fleet heartbeat updated
[2026-07-07 22:58:32] 🔹 SYSTEM: Fleet heartbeat updated
[2026-07-07 22:59:23] 🔹 SYSTEM: Status check — Pending: 0, Running: 0
[2026-07-07 22:59:34] 🔹 SYSTEM: Fleet heartbeat updated
[2026-07-07 23:00:35] 🔹 SYSTEM: Fleet heartbeat updated
[2026-07-07 23:01:36] 🔹 SYSTEM: Fleet heartbeat updated
[2026-07-07 23:02:37] 🔹 SYSTEM: Fleet heartbeat updated
[2026-07-07 23:03:38] 🔹 SYSTEM: Fleet heartbeat updated
[2026-07-07 23:04:39] 🔹 SYSTEM: Fleet heartbeat updated
[2026-07-07 23:05:40] 🔹 SYSTEM: Fleet heartbeat updated
[2026-07-07 23:06:41] 🔹 SYSTEM: Fleet heartbeat updated
[2026-07-07 23:07:51] 🔹 SYSTEM: Fleet heartbeat updated
[2026-07-07 23:08:52] 🔹 SYSTEM: Fleet heartbeat updated
[2026-07-07 23:09:43] 🔹 SYSTEM: Status check — Pending: 0, Running: 0
[2026-07-07 23:09:53] 🔹 SYSTEM: Fleet heartbeat updated
[2026-07-07 23:10:54] 🔹 SYSTEM: Fleet heartbeat updated
[2026-07-07 23:11:55] 🔹 SYSTEM: Fleet heartbeat updated
[2026-07-07 23:12:56] 🔹 SYSTEM: Fleet heartbeat updated
[2026-07-07 23:13:57] 🔹 SYSTEM: Fleet heartbeat updated
[2026-07-07 23:14:59] 🔹 SYSTEM: Fleet heartbeat updated
[2026-07-07 23:16:00] 🔹 SYSTEM: Fleet heartbeat updated
[2026-07-07 23:17:01] 🔹 SYSTEM: Fleet heartbeat updated
[2026-07-07 23:18:02] 🔹 SYSTEM: Fleet heartbeat updated
[2026-07-07 23:19:03] 🔹 SYSTEM: Fleet heartbeat updated
[2026-07-07 23:19:54] 🔹 SYSTEM: Status check — Pending: 0, Running: 0
[2026-07-07 23:20:05] 🔹 SYSTEM: Fleet heartbeat updated
[2026-07-07 23:21:06] 🔹 SYSTEM: Fleet heartbeat updated
[2026-07-07 23:22:07] 🔹 SYSTEM: Fleet heartbeat updated
[2026-07-07 23:23:21] 🔹 SYSTEM: Fleet heartbeat updated
[2026-07-07 23:24:36] 🔹 SYSTEM: Fleet heartbeat updated
[2026-07-07 23:25:47] 🔹 SYSTEM: Fleet heartbeat updated
[2026-07-07 23:26:51] 🔹 SYSTEM: Fleet heartbeat updated
[2026-07-07 23:27:52] 🔹 SYSTEM: Fleet heartbeat updated
[2026-07-07 23:28:54] 🔹 SYSTEM: Fleet heartbeat updated
[2026-07-07 23:29:55] 🔹 SYSTEM: Fleet heartbeat updated
[2026-07-07 23:30:56] 🔹 SYSTEM: Fleet heartbeat updated
[2026-07-07 23:32:13] 🔹 SYSTEM: Fleet heartbeat updated
[2026-07-07 23:32:53] 🔹 SYSTEM: Status check — Pending: 0, Running: 0
[2026-07-07 23:33:14] 🔹 SYSTEM: Fleet heartbeat updated
[2026-07-07 23:34:15] 🔹 SYSTEM: Fleet heartbeat updated
[2026-07-07 23:35:16] 🔹 SYSTEM: Fleet heartbeat updated
[2026-07-07 23:36:17] 🔹 SYSTEM: Fleet heartbeat updated
[2026-07-07 23:37:18] 🔹 SYSTEM: Fleet heartbeat updated
[2026-07-07 23:38:19] 🔹 SYSTEM: Fleet heartbeat updated
[2026-07-07 23:39:20] 🔹 SYSTEM: Fleet heartbeat updated
[2026-07-07 23:40:21] 🔹 SYSTEM: Fleet heartbeat updated
[2026-07-07 23:41:22] 🔹 SYSTEM: Fleet heartbeat updated
[2026-07-07 23:42:23] 🔹 SYSTEM: Fleet heartbeat updated
[2026-07-07 23:43:04] 🔹 SYSTEM: Status check — Pending: 0, Running: 0
[2026-07-07 23:43:24] 🔹 SYSTEM: Fleet heartbeat updated
[2026-07-07 23:44:26] 🔹 SYSTEM: Fleet heartbeat updated
[2026-07-07 23:45:27] 🔹 SYSTEM: Fleet heartbeat updated
[2026-07-07 23:46:28] 🔹 SYSTEM: Fleet heartbeat updated
[2026-07-07 23:47:29] 🔹 SYSTEM: Fleet heartbeat updated
[2026-07-07 23:48:30] 🔹 SYSTEM: Fleet heartbeat updated
[2026-07-07 23:49:31] 🔹 SYSTEM: Fleet heartbeat updated
[2026-07-07 23:50:32] 🔹 SYSTEM: Fleet heartbeat updated
[2026-07-07 23:51:33] 🔹 SYSTEM: Fleet heartbeat updated
[2026-07-07 23:52:34] 🔹 SYSTEM: Fleet heartbeat updated
[2026-07-07 23:53:15] 🔹 SYSTEM: Status check — Pending: 0, Running: 0
[2026-07-07 23:53:36] 🔹 SYSTEM: Fleet heartbeat updated
[2026-07-07 23:54:37] 🔹 SYSTEM: Fleet heartbeat updated
[2026-07-07 23:55:38] 🔹 SYSTEM: Fleet heartbeat updated
[2026-07-07 23:56:39] 🔹 SYSTEM: Fleet heartbeat updated
[2026-07-07 23:57:40] 🔹 SYSTEM: Fleet heartbeat updated
[2026-07-07 23:58:41] 🔹 SYSTEM: Fleet heartbeat updated
[2026-07-07 23:59:43] 🔹 SYSTEM: Fleet heartbeat updated
[2026-07-08 00:00:44] 🔹 SYSTEM: Fleet heartbeat updated
[2026-07-08 00:01:45] 🔹 SYSTEM: Fleet heartbeat updated
[2026-07-08 00:02:46] 🔹 SYSTEM: Fleet heartbeat updated
[2026-07-08 00:03:27] 🔹 SYSTEM: Status check — Pending: 0, Running: 0
[2026-07-08 00:03:47] 🔹 SYSTEM: Fleet heartbeat updated
[2026-07-08 00:04:49] 🔹 SYSTEM: Fleet heartbeat updated
[2026-07-08 00:05:50] 🔹 SYSTEM: Fleet heartbeat updated
[2026-07-08 00:06:51] 🔹 SYSTEM: Fleet heartbeat updated
[2026-07-08 00:07:52] 🔹 SYSTEM: Fleet heartbeat updated
[2026-07-08 00:08:53] 🔹 SYSTEM: Fleet heartbeat updated
[2026-07-08 00:09:54] 🔹 SYSTEM: Fleet heartbeat updated
[2026-07-08 00:10:56] 🔹 SYSTEM: Fleet heartbeat updated
[2026-07-08 00:11:57] 🔹 SYSTEM: Fleet heartbeat updated
[2026-07-08 00:12:58] 🔹 SYSTEM: Fleet heartbeat updated
[2026-07-08 00:13:39] 🔹 SYSTEM: Status check — Pending: 0, Running: 0
[2026-07-08 00:13:59] 🔹 SYSTEM: Fleet heartbeat updated
[2026-07-08 00:15:00] 🔹 SYSTEM: Fleet heartbeat updated
[2026-07-08 00:16:01] 🔹 SYSTEM: Fleet heartbeat updated
[2026-07-08 00:17:02] 🔹 SYSTEM: Fleet heartbeat updated
[2026-07-08 00:18:03] 🔹 SYSTEM: Fleet heartbeat updated
[2026-07-08 00:19:04] 🔹 SYSTEM: Fleet heartbeat updated
[2026-07-08 00:20:05] 🔹 SYSTEM: Fleet heartbeat updated
[2026-07-08 00:21:06] 🔹 SYSTEM: Fleet heartbeat updated
[2026-07-08 00:22:08] 🔹 SYSTEM: Fleet heartbeat updated
[2026-07-08 00:23:09] 🔹 SYSTEM: Fleet heartbeat updated
[2026-07-08 00:24:12] 🔹 SYSTEM: Fleet heartbeat updated
[2026-07-08 00:24:12] 🔹 SYSTEM: Status check — Pending: 0, Running: 0
[2026-07-08 00:25:13] 🔹 SYSTEM: Fleet heartbeat updated
[2026-07-08 00:26:14] 🔹 SYSTEM: Fleet heartbeat updated
[2026-07-08 00:27:15] 🔹 SYSTEM: Fleet heartbeat updated
[2026-07-08 00:28:16] 🔹 SYSTEM: Fleet heartbeat updated
[2026-07-08 00:29:17] 🔹 SYSTEM: Fleet heartbeat updated
[2026-07-08 00:30:21] 🔹 SYSTEM: Fleet heartbeat updated
[2026-07-08 00:31:22] 🔹 SYSTEM: Fleet heartbeat updated
[2026-07-08 00:32:24] 🔹 SYSTEM: Fleet heartbeat updated
[2026-07-08 00:33:26] 🔹 SYSTEM: Fleet heartbeat updated
[2026-07-08 00:34:28] 🔹 SYSTEM: Fleet heartbeat updated
[2026-07-08 00:34:28] 🔹 SYSTEM: Status check — Pending: 0, Running: 0
[2026-07-08 00:35:29] 🔹 SYSTEM: Fleet heartbeat updated
[2026-07-08 00:36:30] 🔹 SYSTEM: Fleet heartbeat updated
[2026-07-08 00:37:31] 🔹 SYSTEM: Fleet heartbeat updated
[2026-07-08 00:38:32] 🔹 SYSTEM: Fleet heartbeat updated
[2026-07-08 00:39:33] 🔹 SYSTEM: Fleet heartbeat updated
[2026-07-08 00:40:34] 🔹 SYSTEM: Fleet heartbeat updated
[2026-07-08 00:41:35] 🔹 SYSTEM: Fleet heartbeat updated
[2026-07-08 00:42:45] 🔹 SYSTEM: Fleet heartbeat updated
[2026-07-08 00:43:46] 🔹 SYSTEM: Fleet heartbeat updated
[2026-07-08 00:44:47] 🔹 SYSTEM: Fleet heartbeat updated
[2026-07-08 00:44:48] 🔹 SYSTEM: Status check — Pending: 0, Running: 0
[2026-07-08 00:45:49] 🔹 SYSTEM: Fleet heartbeat updated
[2026-07-08 00:46:50] 🔹 SYSTEM: Fleet heartbeat updated
[2026-07-08 00:47:53] 🔹 SYSTEM: Fleet heartbeat updated
[2026-07-08 00:48:55] 🔹 SYSTEM: Fleet heartbeat updated
[2026-07-08 00:49:56] 🔹 SYSTEM: Fleet heartbeat updated
[2026-07-08 00:50:59] 🔹 SYSTEM: Fleet heartbeat updated
[2026-07-08 00:52:01] 🔹 SYSTEM: Fleet heartbeat updated
[2026-07-08 00:53:02] 🔹 SYSTEM: Fleet heartbeat updated
[2026-07-08 00:54:03] 🔹 SYSTEM: Fleet heartbeat updated
[2026-07-08 00:55:04] 🔹 SYSTEM: Fleet heartbeat updated
[2026-07-08 00:55:04] 🔹 SYSTEM: Status check — Pending: 0, Running: 0
[2026-07-08 00:56:06] 🔹 SYSTEM: Fleet heartbeat updated
[2026-07-08 00:57:07] 🔹 SYSTEM: Fleet heartbeat updated
[2026-07-08 00:58:08] 🔹 SYSTEM: Fleet heartbeat updated
[2026-07-08 00:59:09] 🔹 SYSTEM: Fleet heartbeat updated
[2026-07-08 01:00:10] 🔹 SYSTEM: Fleet heartbeat updated
[2026-07-08 01:01:11] 🔹 SYSTEM: Fleet heartbeat updated
[2026-07-08 01:02:12] 🔹 SYSTEM: Fleet heartbeat updated
[2026-07-08 01:03:13] 🔹 SYSTEM: Fleet heartbeat updated
[2026-07-08 01:04:14] 🔹 SYSTEM: Fleet heartbeat updated
[2026-07-08 01:05:15] 🔹 SYSTEM: Fleet heartbeat updated
[2026-07-08 01:05:15] 🔹 SYSTEM: Status check — Pending: 0, Running: 0
[2026-07-08 01:06:16] 🔹 SYSTEM: Fleet heartbeat updated
[2026-07-08 01:07:18] 🔹 SYSTEM: Fleet heartbeat updated
[2026-07-08 01:08:20] 🔹 SYSTEM: Fleet heartbeat updated
[2026-07-08 01:09:21] 🔹 SYSTEM: Fleet heartbeat updated
[2026-07-08 01:10:22] 🔹 SYSTEM: Fleet heartbeat updated
[2026-07-08 01:11:23] 🔹 SYSTEM: Fleet heartbeat updated
[2026-07-08 01:12:24] 🔹 SYSTEM: Fleet heartbeat updated
[2026-07-08 01:13:26] 🔹 SYSTEM: Fleet heartbeat updated
[2026-07-08 01:14:27] 🔹 SYSTEM: Fleet heartbeat updated
[2026-07-08 01:15:28] 🔹 SYSTEM: Fleet heartbeat updated
[2026-07-08 01:15:28] 🔹 SYSTEM: Status check — Pending: 0, Running: 0
[2026-07-08 01:16:29] 🔹 SYSTEM: Fleet heartbeat updated
[2026-07-08 01:17:31] 🔹 SYSTEM: Fleet heartbeat updated
[2026-07-08 01:18:32] 🔹 SYSTEM: Fleet heartbeat updated
[2026-07-08 01:19:33] 🔹 SYSTEM: Fleet heartbeat updated
[2026-07-08 01:20:34] 🔹 SYSTEM: Fleet heartbeat updated
[2026-07-08 01:21:36] 🔹 SYSTEM: Fleet heartbeat updated
[2026-07-08 01:22:37] 🔹 SYSTEM: Fleet heartbeat updated
[2026-07-08 01:23:38] 🔹 SYSTEM: Fleet heartbeat updated
[2026-07-08 01:24:39] 🔹 SYSTEM: Fleet heartbeat updated
[2026-07-08 01:25:41] 🔹 SYSTEM: Fleet heartbeat updated
[2026-07-08 01:25:41] 🔹 SYSTEM: Status check — Pending: 0, Running: 0
[2026-07-08 01:26:42] 🔹 SYSTEM: Fleet heartbeat updated
[2026-07-08 01:27:43] 🔹 SYSTEM: Fleet heartbeat updated
[2026-07-08 01:28:44] 🔹 SYSTEM: Fleet heartbeat updated
[2026-07-08 01:29:46] 🔹 SYSTEM: Fleet heartbeat updated
[2026-07-08 01:30:47] 🔹 SYSTEM: Fleet heartbeat updated
[2026-07-08 01:31:49] 🔹 SYSTEM: Fleet heartbeat updated
[2026-07-08 01:32:50] 🔹 SYSTEM: Fleet heartbeat updated
[2026-07-08 01:33:51] 🔹 SYSTEM: Fleet heartbeat updated
[2026-07-08 01:34:52] 🔹 SYSTEM: Fleet heartbeat updated
[2026-07-08 01:35:53] 🔹 SYSTEM: Fleet heartbeat updated
[2026-07-08 01:35:53] 🔹 SYSTEM: Status check — Pending: 0, Running: 0
[2026-07-08 01:36:55] 🔹 SYSTEM: Fleet heartbeat updated
[2026-07-08 01:37:56] 🔹 SYSTEM: Fleet heartbeat updated
[2026-07-08 01:38:57] 🔹 SYSTEM: Fleet heartbeat updated
[2026-07-08 01:39:58] 🔹 SYSTEM: Fleet heartbeat updated
[2026-07-08 01:40:59] 🔹 SYSTEM: Fleet heartbeat updated
[2026-07-08 01:42:00] 🔹 SYSTEM: Fleet heartbeat updated
[2026-07-08 01:43:01] 🔹 SYSTEM: Fleet heartbeat updated
[2026-07-08 01:44:02] 🔹 SYSTEM: Fleet heartbeat updated
[2026-07-08 01:45:03] 🔹 SYSTEM: Fleet heartbeat updated
[2026-07-08 01:46:04] 🔹 SYSTEM: Fleet heartbeat updated
[2026-07-08 01:46:04] 🔹 SYSTEM: Status check — Pending: 0, Running: 0
[2026-07-08 01:47:04] 🔹 SYSTEM: Fleet heartbeat updated
[2026-07-08 01:48:05] 🔹 SYSTEM: Fleet heartbeat updated
[2026-07-08 01:49:06] 🔹 SYSTEM: Fleet heartbeat updated
[2026-07-08 01:50:07] 🔹 SYSTEM: Fleet heartbeat updated
[2026-07-08 01:51:08] 🔹 SYSTEM: Fleet heartbeat updated
[2026-07-08 01:52:09] 🔹 SYSTEM: Fleet heartbeat updated
[2026-07-08 01:53:10] 🔹 SYSTEM: Fleet heartbeat updated
[2026-07-08 01:54:11] 🔹 SYSTEM: Fleet heartbeat updated
[2026-07-08 01:55:17] 🔹 SYSTEM: Fleet heartbeat updated
[2026-07-08 01:56:18] 🔹 SYSTEM: Fleet heartbeat updated
[2026-07-08 01:56:28] 🔹 SYSTEM: Status check — Pending: 0, Running: 0
[2026-07-08 01:57:18] 🔹 SYSTEM: Fleet heartbeat updated
[2026-07-08 01:58:21] 🔹 SYSTEM: Fleet heartbeat updated
[2026-07-08 01:59:23] 🔹 SYSTEM: Fleet heartbeat updated
[2026-07-08 02:00:25] 🔹 SYSTEM: Fleet heartbeat updated
[2026-07-08 02:01:26] 🔹 SYSTEM: Fleet heartbeat updated
[2026-07-08 02:02:28] 🔹 SYSTEM: Fleet heartbeat updated
[2026-07-08 02:03:29] 🔹 SYSTEM: Fleet heartbeat updated
[2026-07-08 02:04:30] 🔹 SYSTEM: Fleet heartbeat updated
[2026-07-08 02:05:30] 🔹 SYSTEM: Fleet heartbeat updated
[2026-07-08 02:06:32] 🔹 SYSTEM: Fleet heartbeat updated
[2026-07-08 02:06:42] 🔹 SYSTEM: Status check — Pending: 0, Running: 0
[2026-07-08 02:07:33] 🔹 SYSTEM: Fleet heartbeat updated
[2026-07-08 02:08:34] 🔹 SYSTEM: Fleet heartbeat updated
[2026-07-08 02:09:34] 🔹 SYSTEM: Fleet heartbeat updated
[2026-07-08 02:10:35] 🔹 SYSTEM: Fleet heartbeat updated
[2026-07-08 02:14:15] 🔹 SYSTEM: 🚀 SAOS Fleet Orchestrator Daemon starting...
[2026-07-08 02:14:15] 🔹 SYSTEM: Fleet: 10 agents | Poll interval: 10s
[2026-07-08 02:14:21] 🔹 SYSTEM: 🚀 SAOS Fleet Orchestrator Daemon starting...
[2026-07-08 02:14:21] 🔹 SYSTEM: Fleet: 10 agents | Poll interval: 10s
[2026-07-08 02:14:22] 🔹 SYSTEM: Fleet seeded: 10 agents ready

════════════════════════════════════════════════════════════
  🛰️  SAOS FLEET STATUS
════════════════════════════════════════════════════════════

📋 TASK QUEUE:
   ❌ FAILED: 8
   💀 DEAD: 61
   ✅ DONE: 275

🤖 FLEET AGENTS (10 total):
   🛠️ 🟢 ASSEMBLY   | IDLE     | done=16 fail=0
   🗺️ 🟢 ATLAS      | IDLE     | done=0 fail=0
   💬 🟢 CHATTY     | IDLE     | done=2 fail=1
   💻 🟢 CODY       | IDLE     | done=3 fail=0
   🎨 🟢 GENI       | IDLE     | done=0 fail=0
   ⚖️ 🟢 JURIS      | IDLE     | done=0 fail=0
   🔮 🟢 ORACLE     | IDLE     | done=0 fail=0
   ⚠️ 🟢 PESSI      | IDLE     | done=2 fail=1
   🛰️ 🔴 SOL        | BUSY     (task #255) | done=171 fail=230
   ✅ 🟢 VALI       | IDLE     | done=1 fail=0

📨 Unread messages: 0
════════════════════════════════════════════════════════════

[2026-07-08 02:15:23] 🔹 SYSTEM: Fleet heartbeat updated
[2026-07-08 02:16:24] 🔹 SYSTEM: Fleet heartbeat updated
[2026-07-08 02:17:25] 🔹 SYSTEM: Fleet heartbeat updated
[2026-07-08 02:18:26] 🔹 SYSTEM: Fleet heartbeat updated
[2026-07-08 02:19:27] 🔹 SYSTEM: Fleet heartbeat updated
[2026-07-08 02:20:28] 🔹 SYSTEM: Fleet heartbeat updated
[2026-07-08 02:21:28] 🔹 SYSTEM: Fleet heartbeat updated
[2026-07-08 02:22:29] 🔹 SYSTEM: Fleet heartbeat updated
[2026-07-08 02:23:30] 🔹 SYSTEM: Fleet heartbeat updated
[2026-07-08 02:24:21] 🔹 SYSTEM: Status check — Pending: 0, Running: 0
[2026-07-08 02:24:31] 🔹 SYSTEM: Fleet heartbeat updated
[2026-07-08 02:25:32] 🔹 SYSTEM: Fleet heartbeat updated
[2026-07-08 02:26:33] 🔹 SYSTEM: Fleet heartbeat updated
[2026-07-08 02:27:34] 🔹 SYSTEM: Fleet heartbeat updated
[2026-07-08 02:28:35] 🔹 SYSTEM: Fleet heartbeat updated
[2026-07-08 02:29:36] 🔹 SYSTEM: Fleet heartbeat updated
[2026-07-08 02:30:36] 🔹 SYSTEM: Fleet heartbeat updated
[2026-07-08 02:31:37] 🔹 SYSTEM: Fleet heartbeat updated
[2026-07-08 02:32:38] 🔹 SYSTEM: Fleet heartbeat updated
[2026-07-08 02:33:39] 🔹 SYSTEM: Fleet heartbeat updated
[2026-07-08 02:34:30] 🔹 SYSTEM: Status check — Pending: 0, Running: 0
[2026-07-08 02:34:40] 🔹 SYSTEM: Fleet heartbeat updated
[2026-07-08 02:35:41] 🔹 SYSTEM: Fleet heartbeat updated
[2026-07-08 02:36:42] 🔹 SYSTEM: Fleet heartbeat updated
[2026-07-08 02:37:43] 🔹 SYSTEM: Fleet heartbeat updated
[2026-07-08 02:38:44] 🔹 SYSTEM: Fleet heartbeat updated
[2026-07-08 02:39:45] 🔹 SYSTEM: Fleet heartbeat updated
[2026-07-08 02:40:46] 🔹 SYSTEM: Fleet heartbeat updated
[2026-07-08 02:41:48] 🔹 SYSTEM: Fleet heartbeat updated
[2026-07-08 02:42:49] 🔹 SYSTEM: Fleet heartbeat updated
[2026-07-08 02:43:51] 🔹 SYSTEM: Fleet heartbeat updated
[2026-07-08 02:44:43] 🔹 SYSTEM: Status check — Pending: 0, Running: 0
[2026-07-08 02:44:54] 🔹 SYSTEM: Fleet heartbeat updated
[2026-07-08 02:45:58] 🔹 SYSTEM: Fleet heartbeat updated
[2026-07-08 02:46:59] 🔹 SYSTEM: Fleet heartbeat updated
[2026-07-08 02:48:00] 🔹 SYSTEM: Fleet heartbeat updated
[2026-07-08 02:49:01] 🔹 SYSTEM: Fleet heartbeat updated
[2026-07-08 02:50:02] 🔹 SYSTEM: Fleet heartbeat updated
[2026-07-08 02:51:03] 🔹 SYSTEM: Fleet heartbeat updated
[2026-07-08 02:52:25] 🔹 SYSTEM: Fleet heartbeat updated
[2026-07-08 02:53:30] 🔹 SYSTEM: Fleet heartbeat updated
[2026-07-08 02:54:31] 🔹 SYSTEM: Fleet heartbeat updated
[2026-07-08 02:55:22] 🔹 SYSTEM: Status check — Pending: 0, Running: 0
[2026-07-08 02:55:32] 🔹 SYSTEM: Fleet heartbeat updated
[2026-07-08 02:56:32] 🔹 SYSTEM: Fleet heartbeat updated
[2026-07-08 02:57:33] 🔹 SYSTEM: Fleet heartbeat updated
[2026-07-08 02:58:34] 🔹 SYSTEM: Fleet heartbeat updated
[2026-07-08 02:59:35] 🔹 SYSTEM: Fleet heartbeat updated
[2026-07-08 03:00:36] 🔹 SYSTEM: Fleet heartbeat updated
[2026-07-08 03:01:37] 🔹 SYSTEM: Fleet heartbeat updated
[2026-07-08 03:02:38] 🔹 SYSTEM: Fleet heartbeat updated
[2026-07-08 03:03:38] 🔹 SYSTEM: Fleet heartbeat updated
[2026-07-08 03:04:39] 🔹 SYSTEM: Fleet heartbeat updated
[2026-07-08 03:05:30] 🔹 SYSTEM: Status check — Pending: 0, Running: 0
[2026-07-08 03:05:40] 🔹 SYSTEM: Fleet heartbeat updated
[2026-07-08 03:06:41] 🔹 SYSTEM: Fleet heartbeat updated
[2026-07-08 03:07:42] 🔹 SYSTEM: Fleet heartbeat updated
[2026-07-08 03:08:43] 🔹 SYSTEM: Fleet heartbeat updated
[2026-07-08 03:09:43] 🔹 SYSTEM: Fleet heartbeat updated
[2026-07-08 03:10:44] 🔹 SYSTEM: Fleet heartbeat updated
[2026-07-08 03:11:45] 🔹 SYSTEM: Fleet heartbeat updated
[2026-07-08 03:12:46] 🔹 SYSTEM: Fleet heartbeat updated
[2026-07-08 03:13:46] 🔹 SYSTEM: Fleet heartbeat updated
[2026-07-08 03:14:47] 🔹 SYSTEM: Fleet heartbeat updated
[2026-07-08 03:15:38] 🔹 SYSTEM: Status check — Pending: 0, Running: 0
[2026-07-08 03:15:48] 🔹 SYSTEM: Fleet heartbeat updated
[2026-07-08 03:16:49] 🔹 SYSTEM: Fleet heartbeat updated
[2026-07-08 03:17:50] 🔹 SYSTEM: Fleet heartbeat updated
[2026-07-08 03:18:51] 🔹 SYSTEM: Fleet heartbeat updated
[2026-07-08 03:19:51] 🔹 SYSTEM: Fleet heartbeat updated
[2026-07-08 03:20:52] 🔹 SYSTEM: Fleet heartbeat updated
[2026-07-08 03:21:53] 🔹 SYSTEM: Fleet heartbeat updated
[2026-07-08 03:22:54] 🔹 SYSTEM: Fleet heartbeat updated
[2026-07-08 03:24:03] 🔹 SYSTEM: Fleet heartbeat updated
[2026-07-08 03:25:10] 🔹 SYSTEM: Fleet heartbeat updated
[2026-07-08 03:26:13] 🔹 SYSTEM: Fleet heartbeat updated
[2026-07-08 03:26:34] 🔹 SYSTEM: Status check — Pending: 0, Running: 0
[2026-07-08 03:27:20] 🔹 SYSTEM: Fleet heartbeat updated
[2026-07-08 03:28:23] 🔹 SYSTEM: Fleet heartbeat updated
[2026-07-08 03:29:24] 🔹 SYSTEM: Fleet heartbeat updated
[2026-07-08 03:30:27] 🔹 SYSTEM: Fleet heartbeat updated
[2026-07-08 03:31:28] 🔹 SYSTEM: Fleet heartbeat updated
[2026-07-08 03:32:29] 🔹 SYSTEM: Fleet heartbeat updated
[2026-07-08 03:33:31] 🔹 SYSTEM: Fleet heartbeat updated
[2026-07-08 03:34:32] 🔹 SYSTEM: Fleet heartbeat updated
[2026-07-08 03:35:33] 🔹 SYSTEM: Fleet heartbeat updated
[2026-07-08 03:36:34] 🔹 SYSTEM: Fleet heartbeat updated
[2026-07-08 03:37:14] 🔹 SYSTEM: Status check — Pending: 0, Running: 0
[2026-07-08 03:37:34] 🔹 SYSTEM: Fleet heartbeat updated
[2026-07-08 03:38:35] 🔹 SYSTEM: Fleet heartbeat updated
[2026-07-08 03:39:37] 🔹 SYSTEM: Fleet heartbeat updated
[2026-07-08 03:40:38] 🔹 SYSTEM: Fleet heartbeat updated
[2026-07-08 03:41:38] 🔹 SYSTEM: Fleet heartbeat updated
[2026-07-08 03:42:39] 🔹 SYSTEM: Fleet heartbeat updated
[2026-07-08 03:43:40] 🔹 SYSTEM: Fleet heartbeat updated
[2026-07-08 03:44:41] 🔹 SYSTEM: Fleet heartbeat updated
[2026-07-08 03:45:45] 🔹 SYSTEM: Fleet heartbeat updated
[2026-07-08 03:46:46] 🔹 SYSTEM: Fleet heartbeat updated
[2026-07-08 03:47:27] 🔹 SYSTEM: Status check — Pending: 0, Running: 0
[2026-07-08 03:47:47] 🔹 SYSTEM: Fleet heartbeat updated
[2026-07-08 03:48:48] 🔹 SYSTEM: Fleet heartbeat updated
[2026-07-08 03:49:49] 🔹 SYSTEM: Fleet heartbeat updated
[2026-07-08 03:50:50] 🔹 SYSTEM: Fleet heartbeat updated
[2026-07-08 03:51:51] 🔹 SYSTEM: Fleet heartbeat updated
[2026-07-08 03:52:52] 🔹 SYSTEM: Fleet heartbeat updated
[2026-07-08 03:53:53] 🔹 SYSTEM: Fleet heartbeat updated
[2026-07-08 03:54:54] 🔹 SYSTEM: Fleet heartbeat updated
[2026-07-08 03:55:56] 🔹 SYSTEM: Fleet heartbeat updated
[2026-07-08 03:56:56] 🔹 SYSTEM: Fleet heartbeat updated
[2026-07-08 03:57:37] 🔹 SYSTEM: Status check — Pending: 0, Running: 0
[2026-07-08 03:57:58] 🔹 SYSTEM: Fleet heartbeat updated
[2026-07-08 03:58:59] 🔹 SYSTEM: Fleet heartbeat updated
[2026-07-08 04:00:00] 🔹 SYSTEM: Fleet heartbeat updated
[2026-07-08 04:01:01] 🔹 SYSTEM: Fleet heartbeat updated
[2026-07-08 04:02:02] 🔹 SYSTEM: Fleet heartbeat updated
[2026-07-08 04:03:03] 🔹 SYSTEM: Fleet heartbeat updated
[2026-07-08 04:04:04] 🔹 SYSTEM: Fleet heartbeat updated
[2026-07-08 04:05:05] 🔹 SYSTEM: Fleet heartbeat updated
[2026-07-08 04:06:06] 🔹 SYSTEM: Fleet heartbeat updated
[2026-07-08 04:07:07] 🔹 SYSTEM: Fleet heartbeat updated
[2026-07-08 04:07:48] 🔹 SYSTEM: Status check — Pending: 0, Running: 0
[2026-07-08 04:08:09] 🔹 SYSTEM: Fleet heartbeat updated
[2026-07-08 04:09:10] 🔹 SYSTEM: Fleet heartbeat updated
[2026-07-08 04:10:11] 🔹 SYSTEM: Fleet heartbeat updated
[2026-07-08 04:11:12] 🔹 SYSTEM: Fleet heartbeat updated
[2026-07-08 04:12:13] 🔹 SYSTEM: Fleet heartbeat updated
[2026-07-08 04:13:14] 🔹 SYSTEM: Fleet heartbeat updated
[2026-07-08 04:14:15] 🔹 SYSTEM: Fleet heartbeat updated
[2026-07-08 04:15:16] 🔹 SYSTEM: Fleet heartbeat updated
[2026-07-08 04:16:17] 🔹 SYSTEM: Fleet heartbeat updated
[2026-07-08 04:17:18] 🔹 SYSTEM: Fleet heartbeat updated
[2026-07-08 04:17:59] 🔹 SYSTEM: Status check — Pending: 0, Running: 0
[2026-07-08 04:18:20] 🔹 SYSTEM: Fleet heartbeat updated
[2026-07-08 04:19:21] 🔹 SYSTEM: Fleet heartbeat updated
[2026-07-08 04:20:22] 🔹 SYSTEM: Fleet heartbeat updated
[2026-07-08 04:21:23] 🔹 SYSTEM: Fleet heartbeat updated
[2026-07-08 04:22:24] 🔹 SYSTEM: Fleet heartbeat updated
[2026-07-08 04:23:25] 🔹 SYSTEM: Fleet heartbeat updated
[2026-07-08 04:24:26] 🔹 SYSTEM: Fleet heartbeat updated
[2026-07-08 04:25:27] 🔹 SYSTEM: Fleet heartbeat updated
[2026-07-08 04:26:28] 🔹 SYSTEM: Fleet heartbeat updated
[2026-07-08 04:27:30] 🔹 SYSTEM: Fleet heartbeat updated
[2026-07-08 04:28:10] 🔹 SYSTEM: Status check — Pending: 0, Running: 0
[2026-07-08 04:28:31] 🔹 SYSTEM: Fleet heartbeat updated
[2026-07-08 04:29:32] 🔹 SYSTEM: Fleet heartbeat updated
[2026-07-08 04:30:33] 🔹 SYSTEM: Fleet heartbeat updated
[2026-07-08 04:31:34] 🔹 SYSTEM: Fleet heartbeat updated
[2026-07-08 04:32:35] 🔹 SYSTEM: Fleet heartbeat updated
[2026-07-08 04:33:36] 🔹 SYSTEM: Fleet heartbeat updated
[2026-07-08 04:34:37] 🔹 SYSTEM: Fleet heartbeat updated
[2026-07-08 04:35:39] 🔹 SYSTEM: Fleet heartbeat updated
[2026-07-08 04:36:40] 🔹 SYSTEM: Fleet heartbeat updated
[2026-07-08 04:37:41] 🔹 SYSTEM: Fleet heartbeat updated
[2026-07-08 04:38:21] 🔹 SYSTEM: Status check — Pending: 0, Running: 0
[2026-07-08 04:38:42] 🔹 SYSTEM: Fleet heartbeat updated
[2026-07-08 04:39:43] 🔹 SYSTEM: Fleet heartbeat updated
[2026-07-08 04:40:44] 🔹 SYSTEM: Fleet heartbeat updated
[2026-07-08 04:41:45] 🔹 SYSTEM: Fleet heartbeat updated
[2026-07-08 04:42:46] 🔹 SYSTEM: Fleet heartbeat updated
[2026-07-08 04:43:47] 🔹 SYSTEM: Fleet heartbeat updated
[2026-07-08 04:44:51] 🔹 SYSTEM: Fleet heartbeat updated
[2026-07-08 04:45:52] 🔹 SYSTEM: Fleet heartbeat updated
[2026-07-08 04:46:53] 🔹 SYSTEM: Fleet heartbeat updated
[2026-07-08 04:47:54] 🔹 SYSTEM: Fleet heartbeat updated
[2026-07-08 04:48:35] 🔹 SYSTEM: Status check — Pending: 0, Running: 0
[2026-07-08 04:48:55] 🔹 SYSTEM: Fleet heartbeat updated
[2026-07-08 04:49:57] 🔹 SYSTEM: Fleet heartbeat updated
[2026-07-08 04:50:58] 🔹 SYSTEM: Fleet heartbeat updated
[2026-07-08 04:51:59] 🔹 SYSTEM: Fleet heartbeat updated
[2026-07-08 04:53:00] 🔹 SYSTEM: Fleet heartbeat updated
[2026-07-08 04:54:01] 🔹 SYSTEM: Fleet heartbeat updated
[2026-07-08 04:55:02] 🔹 SYSTEM: Fleet heartbeat updated
[2026-07-08 04:56:03] 🔹 SYSTEM: Fleet heartbeat updated
[2026-07-08 04:57:04] 🔹 SYSTEM: Fleet heartbeat updated
[2026-07-08 04:58:05] 🔹 SYSTEM: Fleet heartbeat updated
[2026-07-08 04:58:46] 🔹 SYSTEM: Status check — Pending: 0, Running: 0
[2026-07-08 04:59:07] 🔹 SYSTEM: Fleet heartbeat updated
[2026-07-08 05:00:08] 🔹 SYSTEM: Fleet heartbeat updated
[2026-07-08 05:01:09] 🔹 SYSTEM: Fleet heartbeat updated
[2026-07-08 05:02:11] 🔹 SYSTEM: Fleet heartbeat updated
[2026-07-08 05:03:12] 🔹 SYSTEM: Fleet heartbeat updated
[2026-07-08 05:04:13] 🔹 SYSTEM: Fleet heartbeat updated
[2026-07-08 05:05:14] 🔹 SYSTEM: Fleet heartbeat updated
[2026-07-08 05:06:15] 🔹 SYSTEM: Fleet heartbeat updated
[2026-07-08 05:07:17] 🔹 SYSTEM: Fleet heartbeat updated
[2026-07-08 05:08:18] 🔹 SYSTEM: Fleet heartbeat updated
[2026-07-08 05:08:58] 🔹 SYSTEM: Status check — Pending: 0, Running: 0
[2026-07-08 05:09:19] 🔹 SYSTEM: Fleet heartbeat updated
[2026-07-08 05:10:20] 🔹 SYSTEM: Fleet heartbeat updated
[2026-07-08 05:11:22] 🔹 SYSTEM: Fleet heartbeat updated
[2026-07-08 05:12:23] 🔹 SYSTEM: Fleet heartbeat updated
[2026-07-08 05:13:24] 🔹 SYSTEM: Fleet heartbeat updated
[2026-07-08 05:14:25] 🔹 SYSTEM: Fleet heartbeat updated
[2026-07-08 05:15:26] 🔹 SYSTEM: Fleet heartbeat updated
[2026-07-08 05:16:27] 🔹 SYSTEM: Fleet heartbeat updated
[2026-07-08 05:17:29] 🔹 SYSTEM: Fleet heartbeat updated
[2026-07-08 05:18:30] 🔹 SYSTEM: Fleet heartbeat updated
[2026-07-08 05:19:11] 🔹 SYSTEM: Status check — Pending: 0, Running: 0
[2026-07-08 05:19:31] 🔹 SYSTEM: Fleet heartbeat updated
[2026-07-08 05:20:32] 🔹 SYSTEM: Fleet heartbeat updated
[2026-07-08 05:21:34] 🔹 SYSTEM: Fleet heartbeat updated
[2026-07-08 05:22:35] 🔹 SYSTEM: Fleet heartbeat updated
[2026-07-08 05:23:36] 🔹 SYSTEM: Fleet heartbeat updated
[2026-07-08 05:24:37] 🔹 SYSTEM: Fleet heartbeat updated
[2026-07-08 05:25:38] 🔹 SYSTEM: Fleet heartbeat updated
[2026-07-08 05:26:39] 🔹 SYSTEM: Fleet heartbeat updated
[2026-07-08 05:27:41] 🔹 SYSTEM: Fleet heartbeat updated
[2026-07-08 05:28:42] 🔹 SYSTEM: Fleet heartbeat updated
[2026-07-08 05:29:23] 🔹 SYSTEM: Status check — Pending: 0, Running: 0
[2026-07-08 05:29:43] 🔹 SYSTEM: Fleet heartbeat updated
[2026-07-08 05:30:44] 🔹 SYSTEM: Fleet heartbeat updated
[2026-07-08 05:31:46] 🔹 SYSTEM: Fleet heartbeat updated
[2026-07-08 05:32:47] 🔹 SYSTEM: Fleet heartbeat updated
[2026-07-08 05:33:48] 🔹 SYSTEM: Fleet heartbeat updated
[2026-07-08 05:34:49] 🔹 SYSTEM: Fleet heartbeat updated
[2026-07-08 05:35:50] 🔹 SYSTEM: Fleet heartbeat updated
[2026-07-08 05:36:51] 🔹 SYSTEM: Fleet heartbeat updated
[2026-07-08 05:37:53] 🔹 SYSTEM: Fleet heartbeat updated
[2026-07-08 05:38:53] 🔹 SYSTEM: Fleet heartbeat updated
[2026-07-08 05:39:34] 🔹 SYSTEM: Status check — Pending: 0, Running: 0
[2026-07-08 05:39:55] 🔹 SYSTEM: Fleet heartbeat updated
[2026-07-08 05:40:56] 🔹 SYSTEM: Fleet heartbeat updated
[2026-07-08 05:41:57] 🔹 SYSTEM: Fleet heartbeat updated
[2026-07-08 05:42:58] 🔹 SYSTEM: Fleet heartbeat updated
[2026-07-08 05:43:59] 🔹 SYSTEM: Fleet heartbeat updated
[2026-07-08 05:45:04] 🔹 SYSTEM: Fleet heartbeat updated
[2026-07-08 05:46:05] 🔹 SYSTEM: Fleet heartbeat updated
[2026-07-08 05:47:06] 🔹 SYSTEM: Fleet heartbeat updated
[2026-07-08 05:48:07] 🔹 SYSTEM: Fleet heartbeat updated
[2026-07-08 05:49:08] 🔹 SYSTEM: Fleet heartbeat updated
[2026-07-08 05:49:49] 🔹 SYSTEM: Status check — Pending: 0, Running: 0
[2026-07-08 05:50:09] 🔹 SYSTEM: Fleet heartbeat updated
[2026-07-08 05:51:10] 🔹 SYSTEM: Fleet heartbeat updated
[2026-07-08 05:52:11] 🔹 SYSTEM: Fleet heartbeat updated
[2026-07-08 05:53:13] 🔹 SYSTEM: Fleet heartbeat updated
[2026-07-08 05:54:14] 🔹 SYSTEM: Fleet heartbeat updated
[2026-07-08 05:55:15] 🔹 SYSTEM: Fleet heartbeat updated
[2026-07-08 05:56:16] 🔹 SYSTEM: Fleet heartbeat updated
[2026-07-08 05:57:17] 🔹 SYSTEM: Fleet heartbeat updated
[2026-07-08 05:58:18] 🔹 SYSTEM: Fleet heartbeat updated
[2026-07-08 05:59:20] 🔹 SYSTEM: Fleet heartbeat updated
[2026-07-08 06:00:00] 🔹 SYSTEM: Status check — Pending: 0, Running: 0
[2026-07-08 06:00:20] 🔹 SYSTEM: Fleet heartbeat updated
[2026-07-08 06:01:22] 🔹 SYSTEM: Fleet heartbeat updated
[2026-07-08 06:02:23] 🔹 SYSTEM: Fleet heartbeat updated
[2026-07-08 06:03:24] 🔹 SYSTEM: Fleet heartbeat updated
[2026-07-08 06:04:25] 🔹 SYSTEM: Fleet heartbeat updated
[2026-07-08 06:05:26] 🔹 SYSTEM: Fleet heartbeat updated
[2026-07-08 06:06:27] 🔹 SYSTEM: Fleet heartbeat updated
[2026-07-08 06:07:28] 🔹 SYSTEM: Fleet heartbeat updated
[2026-07-08 06:08:29] 🔹 SYSTEM: Fleet heartbeat updated
[2026-07-08 06:09:30] 🔹 SYSTEM: Fleet heartbeat updated
[2026-07-08 06:10:11] 🔹 SYSTEM: Status check — Pending: 0, Running: 0
[2026-07-08 06:10:31] 🔹 SYSTEM: Fleet heartbeat updated
[2026-07-08 06:11:32] 🔹 SYSTEM: Fleet heartbeat updated
[2026-07-08 06:12:33] 🔹 SYSTEM: Fleet heartbeat updated
[2026-07-08 06:13:34] 🔹 SYSTEM: Fleet heartbeat updated
[2026-07-08 06:14:35] 🔹 SYSTEM: Fleet heartbeat updated
[2026-07-08 06:15:36] 🔹 SYSTEM: Fleet heartbeat updated
[2026-07-08 06:16:38] 🔹 SYSTEM: Fleet heartbeat updated
[2026-07-08 06:17:38] 🔹 SYSTEM: Fleet heartbeat updated
[2026-07-08 06:18:40] 🔹 SYSTEM: Fleet heartbeat updated
[2026-07-08 06:19:41] 🔹 SYSTEM: Fleet heartbeat updated
[2026-07-08 06:20:22] 🔹 SYSTEM: Status check — Pending: 0, Running: 0
[2026-07-08 06:20:42] 🔹 SYSTEM: Fleet heartbeat updated
[2026-07-08 06:21:43] 🔹 SYSTEM: Fleet heartbeat updated
[2026-07-08 06:22:44] 🔹 SYSTEM: Fleet heartbeat updated
[2026-07-08 06:23:45] 🔹 SYSTEM: Fleet heartbeat updated
[2026-07-08 06:24:46] 🔹 SYSTEM: Fleet heartbeat updated
[2026-07-08 06:25:47] 🔹 SYSTEM: Fleet heartbeat updated
[2026-07-08 06:26:49] 🔹 SYSTEM: Fleet heartbeat updated
[2026-07-08 06:27:50] 🔹 SYSTEM: Fleet heartbeat updated
[2026-07-08 06:28:51] 🔹 SYSTEM: Fleet heartbeat updated
[2026-07-08 06:29:52] 🔹 SYSTEM: Fleet heartbeat updated
[2026-07-08 06:30:32] 🔹 SYSTEM: Status check — Pending: 0, Running: 0
[2026-07-08 06:30:53] 🔹 SYSTEM: Fleet heartbeat updated
[2026-07-08 06:31:54] 🔹 SYSTEM: Fleet heartbeat updated
[2026-07-08 06:32:55] 🔹 SYSTEM: Fleet heartbeat updated
[2026-07-08 06:33:56] 🔹 SYSTEM: Fleet heartbeat updated
[2026-07-08 06:34:57] 🔹 SYSTEM: Fleet heartbeat updated
[2026-07-08 06:35:59] 🔹 SYSTEM: Fleet heartbeat updated
[2026-07-08 06:37:00] 🔹 SYSTEM: Fleet heartbeat updated
[2026-07-08 06:38:01] 🔹 SYSTEM: Fleet heartbeat updated
[2026-07-08 06:39:02] 🔹 SYSTEM: Fleet heartbeat updated
[2026-07-08 06:40:03] 🔹 SYSTEM: Fleet heartbeat updated
[2026-07-08 06:40:44] 🔹 SYSTEM: Status check — Pending: 0, Running: 0
[2026-07-08 06:41:04] 🔹 SYSTEM: Fleet heartbeat updated
[2026-07-08 06:42:06] 🔹 SYSTEM: Fleet heartbeat updated
[2026-07-08 06:43:06] 🔹 SYSTEM: Fleet heartbeat updated
[2026-07-08 06:44:08] 🔹 SYSTEM: Fleet heartbeat updated
[2026-07-08 06:45:11] 🔹 SYSTEM: Fleet heartbeat updated
[2026-07-08 06:46:12] 🔹 SYSTEM: Fleet heartbeat updated
[2026-07-08 06:47:13] 🔹 SYSTEM: Fleet heartbeat updated
[2026-07-08 06:48:14] 🔹 SYSTEM: Fleet heartbeat updated
[2026-07-08 06:49:15] 🔹 SYSTEM: Fleet heartbeat updated
[2026-07-08 06:50:16] 🔹 SYSTEM: Fleet heartbeat updated
[2026-07-08 06:50:57] 🔹 SYSTEM: Status check — Pending: 0, Running: 0
[2026-07-08 06:51:17] 🔹 SYSTEM: Fleet heartbeat updated
[2026-07-08 06:52:18] 🔹 SYSTEM: Fleet heartbeat updated
[2026-07-08 06:53:19] 🔹 SYSTEM: Fleet heartbeat updated
[2026-07-08 06:54:20] 🔹 SYSTEM: Fleet heartbeat updated
[2026-07-08 06:55:21] 🔹 SYSTEM: Fleet heartbeat updated
[2026-07-08 06:56:23] 🔹 SYSTEM: Fleet heartbeat updated
[2026-07-08 06:57:24] 🔹 SYSTEM: Fleet heartbeat updated
[2026-07-08 06:58:25] 🔹 SYSTEM: Fleet heartbeat updated
[2026-07-08 06:59:26] 🔹 SYSTEM: Fleet heartbeat updated
[2026-07-08 07:00:27] 🔹 SYSTEM: Fleet heartbeat updated
[2026-07-08 07:01:08] 🔹 SYSTEM: Status check — Pending: 0, Running: 0
[2026-07-08 07:01:28] 🔹 SYSTEM: Fleet heartbeat updated
[2026-07-08 07:02:30] 🔹 SYSTEM: Fleet heartbeat updated
[2026-07-08 07:03:31] 🔹 SYSTEM: Fleet heartbeat updated
[2026-07-08 07:04:32] 🔹 SYSTEM: Fleet heartbeat updated
[2026-07-08 07:05:33] 🔹 SYSTEM: Fleet heartbeat updated
[2026-07-08 07:06:34] 🔹 SYSTEM: Fleet heartbeat updated
[2026-07-08 07:07:36] 🔹 SYSTEM: Fleet heartbeat updated
[2026-07-08 07:08:37] 🔹 SYSTEM: Fleet heartbeat updated
[2026-07-08 07:09:38] 🔹 SYSTEM: Fleet heartbeat updated
[2026-07-08 07:10:39] 🔹 SYSTEM: Fleet heartbeat updated
[2026-07-08 07:11:20] 🔹 SYSTEM: Status check — Pending: 0, Running: 0
[2026-07-08 07:11:40] 🔹 SYSTEM: Fleet heartbeat updated
[2026-07-08 07:12:41] 🔹 SYSTEM: Fleet heartbeat updated
[2026-07-08 07:13:42] 🔹 SYSTEM: Fleet heartbeat updated
[2026-07-08 07:14:43] 🔹 SYSTEM: Fleet heartbeat updated
[2026-07-08 07:15:45] 🔹 SYSTEM: Fleet heartbeat updated
[2026-07-08 07:16:46] 🔹 SYSTEM: Fleet heartbeat updated
[2026-07-08 07:17:47] 🔹 SYSTEM: Fleet heartbeat updated
[2026-07-08 07:18:48] 🔹 SYSTEM: Fleet heartbeat updated
[2026-07-08 07:19:49] 🔹 SYSTEM: Fleet heartbeat updated
[2026-07-08 07:20:50] 🔹 SYSTEM: Fleet heartbeat updated
[2026-07-08 07:21:31] 🔹 SYSTEM: Status check — Pending: 0, Running: 0
[2026-07-08 07:21:52] 🔹 SYSTEM: Fleet heartbeat updated
[2026-07-08 07:22:53] 🔹 SYSTEM: Fleet heartbeat updated
[2026-07-08 07:23:54] 🔹 SYSTEM: Fleet heartbeat updated
[2026-07-08 07:24:55] 🔹 SYSTEM: Fleet heartbeat updated
[2026-07-08 07:25:56] 🔹 SYSTEM: Fleet heartbeat updated
[2026-07-08 07:26:57] 🔹 SYSTEM: Fleet heartbeat updated
[2026-07-08 07:27:58] 🔹 SYSTEM: Fleet heartbeat updated
[2026-07-08 07:28:59] 🔹 SYSTEM: Fleet heartbeat updated
[2026-07-08 07:30:00] 🔹 SYSTEM: Fleet heartbeat updated
[2026-07-08 07:31:01] 🔹 SYSTEM: Fleet heartbeat updated
[2026-07-08 07:31:42] 🔹 SYSTEM: Status check — Pending: 0, Running: 0
[2026-07-08 07:32:03] 🔹 SYSTEM: Fleet heartbeat updated
[2026-07-08 07:33:04] 🔹 SYSTEM: Fleet heartbeat updated
[2026-07-08 07:34:05] 🔹 SYSTEM: Fleet heartbeat updated
[2026-07-08 07:35:06] 🔹 SYSTEM: Fleet heartbeat updated
[2026-07-08 07:36:08] 🔹 SYSTEM: Fleet heartbeat updated
[2026-07-08 07:37:09] 🔹 SYSTEM: Fleet heartbeat updated
[2026-07-08 07:38:10] 🔹 SYSTEM: Fleet heartbeat updated
[2026-07-08 07:39:11] 🔹 SYSTEM: Fleet heartbeat updated
[2026-07-08 07:40:12] 🔹 SYSTEM: Fleet heartbeat updated
[2026-07-08 07:41:14] 🔹 SYSTEM: Fleet heartbeat updated
[2026-07-08 07:41:54] 🔹 SYSTEM: Status check — Pending: 0, Running: 0
[2026-07-08 07:42:15] 🔹 SYSTEM: Fleet heartbeat updated
[2026-07-08 07:43:16] 🔹 SYSTEM: Fleet heartbeat updated
[2026-07-08 07:44:17] 🔹 SYSTEM: Fleet heartbeat updated
[2026-07-08 07:45:22] 🔹 SYSTEM: Fleet heartbeat updated
[2026-07-08 07:46:23] 🔹 SYSTEM: Fleet heartbeat updated
[2026-07-08 07:47:24] 🔹 SYSTEM: Fleet heartbeat updated
[2026-07-08 07:48:25] 🔹 SYSTEM: Fleet heartbeat updated
[2026-07-08 07:49:26] 🔹 SYSTEM: Fleet heartbeat updated
[2026-07-08 07:50:28] 🔹 SYSTEM: Fleet heartbeat updated
[2026-07-08 07:51:29] 🔹 SYSTEM: Fleet heartbeat updated
[2026-07-08 07:52:10] 🔹 SYSTEM: Status check — Pending: 0, Running: 0
[2026-07-08 07:52:30] 🔹 SYSTEM: Fleet heartbeat updated
[2026-07-08 07:53:31] 🔹 SYSTEM: Fleet heartbeat updated
[2026-07-08 07:54:32] 🔹 SYSTEM: Fleet heartbeat updated
[2026-07-08 07:55:33] 🔹 SYSTEM: Fleet heartbeat updated
[2026-07-08 07:56:35] 🔹 SYSTEM: Fleet heartbeat updated
[2026-07-08 07:57:36] 🔹 SYSTEM: Fleet heartbeat updated
[2026-07-08 07:58:37] 🔹 SYSTEM: Fleet heartbeat updated
[2026-07-08 07:59:38] 🔹 SYSTEM: Fleet heartbeat updated
[2026-07-08 08:00:39] 🔹 SYSTEM: Fleet heartbeat updated
[2026-07-08 08:01:40] 🔹 SYSTEM: Fleet heartbeat updated
[2026-07-08 08:02:21] 🔹 SYSTEM: Status check — Pending: 0, Running: 0
[2026-07-08 08:02:42] 🔹 SYSTEM: Fleet heartbeat updated
[2026-07-08 08:03:43] 🔹 SYSTEM: Fleet heartbeat updated
[2026-07-08 08:04:44] 🔹 SYSTEM: Fleet heartbeat updated
[2026-07-08 08:05:45] 🔹 SYSTEM: Fleet heartbeat updated
[2026-07-08 08:06:46] 🔹 SYSTEM: Fleet heartbeat updated
[2026-07-08 08:07:47] 🔹 SYSTEM: Fleet heartbeat updated
[2026-07-08 08:08:48] 🔹 SYSTEM: Fleet heartbeat updated
[2026-07-08 08:09:49] 🔹 SYSTEM: Fleet heartbeat updated
[2026-07-08 08:10:50] 🔹 SYSTEM: Fleet heartbeat updated
[2026-07-08 08:11:52] 🔹 SYSTEM: Fleet heartbeat updated
[2026-07-08 08:12:32] 🔹 SYSTEM: Status check — Pending: 0, Running: 0
[2026-07-08 08:12:53] 🔹 SYSTEM: Fleet heartbeat updated
[2026-07-08 08:13:54] 🔹 SYSTEM: Fleet heartbeat updated
[2026-07-08 08:14:55] 🔹 SYSTEM: Fleet heartbeat updated
[2026-07-08 08:15:57] 🔹 SYSTEM: Fleet heartbeat updated
[2026-07-08 08:16:58] 🔹 SYSTEM: Fleet heartbeat updated
[2026-07-08 08:17:59] 🔹 SYSTEM: Fleet heartbeat updated
[2026-07-08 08:19:00] 🔹 SYSTEM: Fleet heartbeat updated
[2026-07-08 08:20:01] 🔹 SYSTEM: Fleet heartbeat updated
[2026-07-08 08:21:03] 🔹 SYSTEM: Fleet heartbeat updated
[2026-07-08 08:22:04] 🔹 SYSTEM: Fleet heartbeat updated
[2026-07-08 08:22:45] 🔹 SYSTEM: Status check — Pending: 0, Running: 0
[2026-07-08 08:23:05] 🔹 SYSTEM: Fleet heartbeat updated
[2026-07-08 08:24:06] 🔹 SYSTEM: Fleet heartbeat updated
[2026-07-08 08:25:07] 🔹 SYSTEM: Fleet heartbeat updated
[2026-07-08 08:26:09] 🔹 SYSTEM: Fleet heartbeat updated
[2026-07-08 08:27:10] 🔹 SYSTEM: Fleet heartbeat updated
[2026-07-08 08:28:11] 🔹 SYSTEM: Fleet heartbeat updated
[2026-07-08 08:29:12] 🔹 SYSTEM: Fleet heartbeat updated
[2026-07-08 08:30:14] 🔹 SYSTEM: Fleet heartbeat updated
[2026-07-08 08:31:14] 🔹 SYSTEM: Fleet heartbeat updated
[2026-07-08 08:32:16] 🔹 SYSTEM: Fleet heartbeat updated
[2026-07-08 08:32:57] 🔹 SYSTEM: Status check — Pending: 0, Running: 0
[2026-07-08 08:33:17] 🔹 SYSTEM: Fleet heartbeat updated
[2026-07-08 08:34:18] 🔹 SYSTEM: Fleet heartbeat updated
[2026-07-08 08:35:19] 🔹 SYSTEM: Fleet heartbeat updated
[2026-07-08 08:36:20] 🔹 SYSTEM: Fleet heartbeat updated
[2026-07-08 08:37:21] 🔹 SYSTEM: Fleet heartbeat updated
[2026-07-08 08:38:23] 🔹 SYSTEM: Fleet heartbeat updated
[2026-07-08 08:39:24] 🔹 SYSTEM: Fleet heartbeat updated
[2026-07-08 08:40:25] 🔹 SYSTEM: Fleet heartbeat updated
[2026-07-08 08:41:26] 🔹 SYSTEM: Fleet heartbeat updated
[2026-07-08 08:42:27] 🔹 SYSTEM: Fleet heartbeat updated
[2026-07-08 08:43:08] 🔹 SYSTEM: Status check — Pending: 0, Running: 0
[2026-07-08 08:43:29] 🔹 SYSTEM: Fleet heartbeat updated
[2026-07-08 08:44:30] 🔹 SYSTEM: Fleet heartbeat updated
[2026-07-08 08:45:34] 🔹 SYSTEM: Fleet heartbeat updated
[2026-07-08 08:46:35] 🔹 SYSTEM: Fleet heartbeat updated
[2026-07-08 08:47:36] 🔹 SYSTEM: Fleet heartbeat updated
[2026-07-08 08:48:38] 🔹 SYSTEM: Fleet heartbeat updated
[2026-07-08 08:49:39] 🔹 SYSTEM: Fleet heartbeat updated
[2026-07-08 08:50:40] 🔹 SYSTEM: Fleet heartbeat updated
[2026-07-08 08:51:41] 🔹 SYSTEM: Fleet heartbeat updated
[2026-07-08 08:52:42] 🔹 SYSTEM: Fleet heartbeat updated
[2026-07-08 08:53:23] 🔹 SYSTEM: Status check — Pending: 0, Running: 0
[2026-07-08 08:53:43] 🔹 SYSTEM: Fleet heartbeat updated
[2026-07-08 08:54:44] 🔹 SYSTEM: Fleet heartbeat updated
[2026-07-08 08:55:45] 🔹 SYSTEM: Fleet heartbeat updated
[2026-07-08 08:56:47] 🔹 SYSTEM: Fleet heartbeat updated
[2026-07-08 08:57:48] 🔹 SYSTEM: Fleet heartbeat updated
[2026-07-08 08:58:49] 🔹 SYSTEM: Fleet heartbeat updated
[2026-07-08 08:59:50] 🔹 SYSTEM: Fleet heartbeat updated
[2026-07-08 09:00:51] 🔹 SYSTEM: Fleet heartbeat updated
[2026-07-08 09:01:52] 🔹 SYSTEM: Fleet heartbeat updated
[2026-07-08 09:02:54] 🔹 SYSTEM: Fleet heartbeat updated
[2026-07-08 09:03:34] 🔹 SYSTEM: Status check — Pending: 0, Running: 0
[2026-07-08 09:03:55] 🔹 SYSTEM: Fleet heartbeat updated
[2026-07-08 09:04:56] 🔹 SYSTEM: Fleet heartbeat updated
[2026-07-08 09:05:57] 🔹 SYSTEM: Fleet heartbeat updated
[2026-07-08 09:06:58] 🔹 SYSTEM: Fleet heartbeat updated
[2026-07-08 09:07:59] 🔹 SYSTEM: Fleet heartbeat updated
[2026-07-08 09:09:01] 🔹 SYSTEM: Fleet heartbeat updated
[2026-07-08 09:10:02] 🔹 SYSTEM: Fleet heartbeat updated
[2026-07-08 09:11:03] 🔹 SYSTEM: Fleet heartbeat updated
[2026-07-08 09:12:04] 🔹 SYSTEM: Fleet heartbeat updated
[2026-07-08 09:13:05] 🔹 SYSTEM: Fleet heartbeat updated
[2026-07-08 09:13:46] 🔹 SYSTEM: Status check — Pending: 0, Running: 0
[2026-07-08 09:14:06] 🔹 SYSTEM: Fleet heartbeat updated
[2026-07-08 09:15:07] 🔹 SYSTEM: Fleet heartbeat updated
[2026-07-08 09:16:09] 🔹 SYSTEM: Fleet heartbeat updated
[2026-07-08 09:17:10] 🔹 SYSTEM: Fleet heartbeat updated
[2026-07-08 09:18:11] 🔹 SYSTEM: Fleet heartbeat updated
[2026-07-08 09:19:12] 🔹 SYSTEM: Fleet heartbeat updated
[2026-07-08 09:20:13] 🔹 SYSTEM: Fleet heartbeat updated
[2026-07-08 09:21:14] 🔹 SYSTEM: Fleet heartbeat updated
[2026-07-08 09:22:16] 🔹 SYSTEM: Fleet heartbeat updated
[2026-07-08 09:23:17] 🔹 SYSTEM: Fleet heartbeat updated
[2026-07-08 09:23:58] 🔹 SYSTEM: Status check — Pending: 0, Running: 0
[2026-07-08 09:24:18] 🔹 SYSTEM: Fleet heartbeat updated
[2026-07-08 09:25:19] 🔹 SYSTEM: Fleet heartbeat updated
[2026-07-08 09:26:20] 🔹 SYSTEM: Fleet heartbeat updated
[2026-07-08 09:27:21] 🔹 SYSTEM: Fleet heartbeat updated
[2026-07-08 09:28:22] 🔹 SYSTEM: Fleet heartbeat updated
[2026-07-08 09:29:23] 🔹 SYSTEM: Fleet heartbeat updated
[2026-07-08 09:30:25] 🔹 SYSTEM: Fleet heartbeat updated
[2026-07-08 09:31:26] 🔹 SYSTEM: Fleet heartbeat updated
[2026-07-08 09:32:27] 🔹 SYSTEM: Fleet heartbeat updated
[2026-07-08 09:33:28] 🔹 SYSTEM: Fleet heartbeat updated
[2026-07-08 09:34:09] 🔹 SYSTEM: Status check — Pending: 0, Running: 0
[2026-07-08 09:34:30] 🔹 SYSTEM: Fleet heartbeat updated
[2026-07-08 09:35:31] 🔹 SYSTEM: Fleet heartbeat updated
[2026-07-08 09:36:32] 🔹 SYSTEM: Fleet heartbeat updated
[2026-07-08 09:37:33] 🔹 SYSTEM: Fleet heartbeat updated
[2026-07-08 09:38:34] 🔹 SYSTEM: Fleet heartbeat updated
[2026-07-08 09:39:36] 🔹 SYSTEM: Fleet heartbeat updated
[2026-07-08 09:40:37] 🔹 SYSTEM: Fleet heartbeat updated
[2026-07-08 09:41:38] 🔹 SYSTEM: Fleet heartbeat updated
[2026-07-08 09:42:39] 🔹 SYSTEM: Fleet heartbeat updated
[2026-07-08 09:43:40] 🔹 SYSTEM: Fleet heartbeat updated
[2026-07-08 09:44:21] 🔹 SYSTEM: Status check — Pending: 0, Running: 0
[2026-07-08 09:44:44] 🔹 SYSTEM: Fleet heartbeat updated
[2026-07-08 09:45:46] 🔹 SYSTEM: Fleet heartbeat updated
[2026-07-08 09:46:47] 🔹 SYSTEM: Fleet heartbeat updated
[2026-07-08 09:47:48] 🔹 SYSTEM: Fleet heartbeat updated
[2026-07-08 09:48:49] 🔹 SYSTEM: Fleet heartbeat updated
[2026-07-08 09:49:50] 🔹 SYSTEM: Fleet heartbeat updated
[2026-07-08 09:50:51] 🔹 SYSTEM: Fleet heartbeat updated
[2026-07-08 09:51:52] 🔹 SYSTEM: Fleet heartbeat updated
[2026-07-08 09:52:53] 🔹 SYSTEM: Fleet heartbeat updated
[2026-07-08 09:53:54] 🔹 SYSTEM: Fleet heartbeat updated
[2026-07-08 09:54:35] 🔹 SYSTEM: Status check — Pending: 0, Running: 0
[2026-07-08 09:54:55] 🔹 SYSTEM: Fleet heartbeat updated
[2026-07-08 09:55:57] 🔹 SYSTEM: Fleet heartbeat updated
[2026-07-08 09:56:58] 🔹 SYSTEM: Fleet heartbeat updated
[2026-07-08 09:57:59] 🔹 SYSTEM: Fleet heartbeat updated
[2026-07-08 09:59:00] 🔹 SYSTEM: Fleet heartbeat updated
[2026-07-08 10:00:01] 🔹 SYSTEM: Fleet heartbeat updated
[2026-07-08 10:01:02] 🔹 SYSTEM: Fleet heartbeat updated
[2026-07-08 10:02:03] 🔹 SYSTEM: Fleet heartbeat updated
[2026-07-08 10:03:05] 🔹 SYSTEM: Fleet heartbeat updated
[2026-07-08 10:04:06] 🔹 SYSTEM: Fleet heartbeat updated
[2026-07-08 10:04:47] 🔹 SYSTEM: Status check — Pending: 0, Running: 0
[2026-07-08 10:05:07] 🔹 SYSTEM: Fleet heartbeat updated
[2026-07-08 10:06:08] 🔹 SYSTEM: Fleet heartbeat updated
[2026-07-08 10:07:09] 🔹 SYSTEM: Fleet heartbeat updated
[2026-07-08 10:08:11] 🔹 SYSTEM: Fleet heartbeat updated
[2026-07-08 10:09:12] 🔹 SYSTEM: Fleet heartbeat updated
[2026-07-08 10:10:13] 🔹 SYSTEM: Fleet heartbeat updated
[2026-07-08 10:11:14] 🔹 SYSTEM: Fleet heartbeat updated
[2026-07-08 10:12:15] 🔹 SYSTEM: Fleet heartbeat updated
[2026-07-08 10:13:16] 🔹 SYSTEM: Fleet heartbeat updated
[2026-07-08 10:14:17] 🔹 SYSTEM: Fleet heartbeat updated
[2026-07-08 10:14:58] 🔹 SYSTEM: Status check — Pending: 0, Running: 0
[2026-07-08 10:15:18] 🔹 SYSTEM: Fleet heartbeat updated
[2026-07-08 10:16:19] 🔹 SYSTEM: Fleet heartbeat updated
[2026-07-08 10:17:21] 🔹 SYSTEM: Fleet heartbeat updated
[2026-07-08 10:18:22] 🔹 SYSTEM: Fleet heartbeat updated
[2026-07-08 10:19:23] 🔹 SYSTEM: Fleet heartbeat updated
[2026-07-08 10:20:24] 🔹 SYSTEM: Fleet heartbeat updated
[2026-07-08 10:21:25] 🔹 SYSTEM: Fleet heartbeat updated
[2026-07-08 10:22:26] 🔹 SYSTEM: Fleet heartbeat updated
[2026-07-08 10:23:28] 🔹 SYSTEM: Fleet heartbeat updated
[2026-07-08 10:24:29] 🔹 SYSTEM: Fleet heartbeat updated
[2026-07-08 10:25:10] 🔹 SYSTEM: Status check — Pending: 0, Running: 0
[2026-07-08 10:25:30] 🔹 SYSTEM: Fleet heartbeat updated
[2026-07-08 10:26:31] 🔹 SYSTEM: Fleet heartbeat updated
[2026-07-08 10:27:32] 🔹 SYSTEM: Fleet heartbeat updated
[2026-07-08 10:28:33] 🔹 SYSTEM: Fleet heartbeat updated
[2026-07-08 10:29:34] 🔹 SYSTEM: Fleet heartbeat updated
[2026-07-08 10:30:35] 🔹 SYSTEM: Fleet heartbeat updated
[2026-07-08 10:31:37] 🔹 SYSTEM: Fleet heartbeat updated
[2026-07-08 10:32:38] 🔹 SYSTEM: Fleet heartbeat updated
[2026-07-08 10:33:39] 🔹 SYSTEM: Fleet heartbeat updated
[2026-07-08 10:34:40] 🔹 SYSTEM: Fleet heartbeat updated
[2026-07-08 10:35:21] 🔹 SYSTEM: Status check — Pending: 0, Running: 0
[2026-07-08 10:35:41] 🔹 SYSTEM: Fleet heartbeat updated
[2026-07-08 10:36:42] 🔹 SYSTEM: Fleet heartbeat updated
[2026-07-08 10:37:44] 🔹 SYSTEM: Fleet heartbeat updated
[2026-07-08 10:38:45] 🔹 SYSTEM: Fleet heartbeat updated
[2026-07-08 10:39:46] 🔹 SYSTEM: Fleet heartbeat updated
[2026-07-08 10:40:47] 🔹 SYSTEM: Fleet heartbeat updated
[2026-07-08 10:41:48] 🔹 SYSTEM: Fleet heartbeat updated
[2026-07-08 10:42:49] 🔹 SYSTEM: Fleet heartbeat updated
[2026-07-08 10:43:50] 🔹 SYSTEM: Fleet heartbeat updated
[2026-07-08 10:44:57] 🔹 SYSTEM: Fleet heartbeat updated
[2026-07-08 10:45:41] 🔹 SYSTEM: Status check — Pending: 0, Running: 0
[2026-07-08 10:46:01] 🔹 SYSTEM: Fleet heartbeat updated
[2026-07-08 10:47:02] 🔹 SYSTEM: Fleet heartbeat updated
[2026-07-08 10:48:03] 🔹 SYSTEM: Fleet heartbeat updated
[2026-07-08 10:49:05] 🔹 SYSTEM: Fleet heartbeat updated
[2026-07-08 10:50:06] 🔹 SYSTEM: Fleet heartbeat updated
[2026-07-08 10:51:07] 🔹 SYSTEM: Fleet heartbeat updated
[2026-07-08 10:52:08] 🔹 SYSTEM: Fleet heartbeat updated
[2026-07-08 10:53:09] 🔹 SYSTEM: Fleet heartbeat updated
[2026-07-08 10:54:10] 🔹 SYSTEM: Fleet heartbeat updated
[2026-07-08 10:55:12] 🔹 SYSTEM: Fleet heartbeat updated
[2026-07-08 10:55:52] 🔹 SYSTEM: Status check — Pending: 0, Running: 0
[2026-07-08 10:56:13] 🔹 SYSTEM: Fleet heartbeat updated
[2026-07-08 10:57:14] 🔹 SYSTEM: Fleet heartbeat updated
[2026-07-08 10:58:15] 🔹 SYSTEM: Fleet heartbeat updated
[2026-07-08 10:59:16] 🔹 SYSTEM: Fleet heartbeat updated
[2026-07-08 11:00:17] 🔹 SYSTEM: Fleet heartbeat updated
[2026-07-08 11:01:19] 🔹 SYSTEM: Fleet heartbeat updated
[2026-07-08 11:02:22] 🔹 SYSTEM: Fleet heartbeat updated
[2026-07-08 11:03:23] 🔹 SYSTEM: Fleet heartbeat updated
[2026-07-08 11:04:25] 🔹 SYSTEM: Fleet heartbeat updated
[2026-07-08 11:05:26] 🔹 SYSTEM: Fleet heartbeat updated
[2026-07-08 11:06:07] 🔹 SYSTEM: Status check — Pending: 0, Running: 0
[2026-07-08 11:06:27] 🔹 SYSTEM: Fleet heartbeat updated
[2026-07-08 11:07:28] 🔹 SYSTEM: Fleet heartbeat updated
[2026-07-08 11:08:29] 🔹 SYSTEM: Fleet heartbeat updated
[2026-07-08 11:09:31] 🔹 SYSTEM: Fleet heartbeat updated
[2026-07-08 11:10:32] 🔹 SYSTEM: Fleet heartbeat updated
[2026-07-08 11:11:33] 🔹 SYSTEM: Fleet heartbeat updated
[2026-07-08 11:12:34] 🔹 SYSTEM: Fleet heartbeat updated
[2026-07-08 11:13:35] 🔹 SYSTEM: Fleet heartbeat updated
[2026-07-08 11:14:36] 🔹 SYSTEM: Fleet heartbeat updated
[2026-07-08 11:15:37] 🔹 SYSTEM: Fleet heartbeat updated
[2026-07-08 11:16:18] 🔹 SYSTEM: Status check — Pending: 0, Running: 0
[2026-07-08 11:16:39] 🔹 SYSTEM: Fleet heartbeat updated
[2026-07-08 11:17:39] 🔹 SYSTEM: Fleet heartbeat updated
[2026-07-08 11:18:41] 🔹 SYSTEM: Fleet heartbeat updated
[2026-07-08 11:19:42] 🔹 SYSTEM: Fleet heartbeat updated
[2026-07-08 11:20:44] 🔹 SYSTEM: Fleet heartbeat updated
[2026-07-08 11:21:45] 🔹 SYSTEM: Fleet heartbeat updated
[2026-07-08 11:22:46] 🔹 SYSTEM: Fleet heartbeat updated
[2026-07-08 11:23:48] 🔹 SYSTEM: Fleet heartbeat updated
[2026-07-08 11:24:49] 🔹 SYSTEM: Fleet heartbeat updated
[2026-07-08 11:25:50] 🔹 SYSTEM: Fleet heartbeat updated
[2026-07-08 11:26:30] 🔹 SYSTEM: Status check — Pending: 0, Running: 0
[2026-07-08 11:26:51] 🔹 SYSTEM: Fleet heartbeat updated
[2026-07-08 11:27:52] 🔹 SYSTEM: Fleet heartbeat updated
[2026-07-08 11:28:53] 🔹 SYSTEM: Fleet heartbeat updated
[2026-07-08 11:29:56] 🔹 SYSTEM: Fleet heartbeat updated
[2026-07-08 11:30:57] 🔹 SYSTEM: Fleet heartbeat updated
[2026-07-08 11:31:58] 🔹 SYSTEM: Fleet heartbeat updated
[2026-07-08 11:33:00] 🔹 SYSTEM: Fleet heartbeat updated
[2026-07-08 11:34:01] 🔹 SYSTEM: Fleet heartbeat updated
[2026-07-08 11:35:02] 🔹 SYSTEM: Fleet heartbeat updated
[2026-07-08 11:36:04] 🔹 SYSTEM: Fleet heartbeat updated
[2026-07-08 11:36:45] 🔹 SYSTEM: Status check — Pending: 0, Running: 0
[2026-07-08 11:37:06] 🔹 SYSTEM: Fleet heartbeat updated
[2026-07-08 11:38:07] 🔹 SYSTEM: Fleet heartbeat updated
[2026-07-08 11:39:08] 🔹 SYSTEM: Fleet heartbeat updated
[2026-07-08 11:40:09] 🔹 SYSTEM: Fleet heartbeat updated
[2026-07-08 11:41:10] 🔹 SYSTEM: Fleet heartbeat updated
[2026-07-08 11:42:11] 🔹 SYSTEM: Fleet heartbeat updated
[2026-07-08 11:43:12] 🔹 SYSTEM: Fleet heartbeat updated
[2026-07-08 11:44:13] 🔹 SYSTEM: Fleet heartbeat updated
[2026-07-08 11:45:17] 🔹 SYSTEM: Fleet heartbeat updated
[2026-07-08 11:46:18] 🔹 SYSTEM: Fleet heartbeat updated
[2026-07-08 11:46:59] 🔹 SYSTEM: Status check — Pending: 0, Running: 0
[2026-07-08 11:47:19] 🔹 SYSTEM: Fleet heartbeat updated
[2026-07-08 11:48:21] 🔹 SYSTEM: Fleet heartbeat updated
[2026-07-08 11:49:22] 🔹 SYSTEM: Fleet heartbeat updated
[2026-07-08 11:50:23] 🔹 SYSTEM: Fleet heartbeat updated
[2026-07-08 11:51:25] 🔹 SYSTEM: Fleet heartbeat updated
[2026-07-08 11:52:26] 🔹 SYSTEM: Fleet heartbeat updated
[2026-07-08 11:53:27] 🔹 SYSTEM: Fleet heartbeat updated
[2026-07-08 11:54:28] 🔹 SYSTEM: Fleet heartbeat updated
[2026-07-08 11:55:30] 🔹 SYSTEM: Fleet heartbeat updated
[2026-07-08 11:56:31] 🔹 SYSTEM: Fleet heartbeat updated
[2026-07-08 11:57:11] 🔹 SYSTEM: Status check — Pending: 0, Running: 0
[2026-07-08 11:57:32] 🔹 SYSTEM: Fleet heartbeat updated
[2026-07-08 11:58:33] 🔹 SYSTEM: Fleet heartbeat updated
[2026-07-08 11:59:37] 🔹 SYSTEM: Fleet heartbeat updated
[2026-07-08 12:00:38] 🔹 SYSTEM: Fleet heartbeat updated
[2026-07-08 12:01:39] 🔹 SYSTEM: Fleet heartbeat updated
[2026-07-08 12:02:40] 🔹 SYSTEM: Fleet heartbeat updated
[2026-07-08 12:03:41] 🔹 SYSTEM: Fleet heartbeat updated
[2026-07-08 12:04:42] 🔹 SYSTEM: Fleet heartbeat updated
[2026-07-08 12:05:43] 🔹 SYSTEM: Fleet heartbeat updated
[2026-07-08 12:06:45] 🔹 SYSTEM: Fleet heartbeat updated
[2026-07-08 12:07:26] 🔹 SYSTEM: Status check — Pending: 0, Running: 0
[2026-07-08 12:07:46] 🔹 SYSTEM: Fleet heartbeat updated
[2026-07-08 12:08:47] 🔹 SYSTEM: Fleet heartbeat updated
[2026-07-08 12:09:48] 🔹 SYSTEM: Fleet heartbeat updated
[2026-07-08 12:10:50] 🔹 SYSTEM: Fleet heartbeat updated
[2026-07-08 12:11:51] 🔹 SYSTEM: Fleet heartbeat updated
[2026-07-08 12:12:52] 🔹 SYSTEM: Fleet heartbeat updated
[2026-07-08 12:13:53] 🔹 SYSTEM: Fleet heartbeat updated
[2026-07-08 12:14:54] 🔹 SYSTEM: Fleet heartbeat updated
[2026-07-08 12:15:55] 🔹 SYSTEM: Fleet heartbeat updated
[2026-07-08 12:16:56] 🔹 SYSTEM: Fleet heartbeat updated
[2026-07-08 12:17:37] 🔹 SYSTEM: Status check — Pending: 0, Running: 0
[2026-07-08 12:17:57] 🔹 SYSTEM: Fleet heartbeat updated
[2026-07-08 12:18:58] 🔹 SYSTEM: Fleet heartbeat updated
[2026-07-08 12:19:59] 🔹 SYSTEM: Fleet heartbeat updated
[2026-07-08 12:21:01] 🔹 SYSTEM: Fleet heartbeat updated
[2026-07-08 12:22:02] 🔹 SYSTEM: Fleet heartbeat updated
[2026-07-08 12:23:03] 🔹 SYSTEM: Fleet heartbeat updated
[2026-07-08 12:24:04] 🔹 SYSTEM: Fleet heartbeat updated
[2026-07-08 12:25:05] 🔹 SYSTEM: Fleet heartbeat updated
[2026-07-08 12:26:06] 🔹 SYSTEM: Fleet heartbeat updated
[2026-07-08 12:27:08] 🔹 SYSTEM: Fleet heartbeat updated
[2026-07-08 12:27:49] 🔹 SYSTEM: Status check — Pending: 0, Running: 0
[2026-07-08 12:28:09] 🔹 SYSTEM: Fleet heartbeat updated
[2026-07-08 12:29:10] 🔹 SYSTEM: Fleet heartbeat updated
[2026-07-08 12:30:11] 🔹 SYSTEM: Fleet heartbeat updated
[2026-07-08 12:31:12] 🔹 SYSTEM: Fleet heartbeat updated
[2026-07-08 12:32:14] 🔹 SYSTEM: Fleet heartbeat updated
[2026-07-08 12:33:15] 🔹 SYSTEM: Fleet heartbeat updated
[2026-07-08 12:34:16] 🔹 SYSTEM: Fleet heartbeat updated
[2026-07-08 12:35:17] 🔹 SYSTEM: Fleet heartbeat updated
[2026-07-08 12:36:18] 🔹 SYSTEM: Fleet heartbeat updated
[2026-07-08 12:37:19] 🔹 SYSTEM: Fleet heartbeat updated
[2026-07-08 12:38:00] 🔹 SYSTEM: Status check — Pending: 0, Running: 0
[2026-07-08 12:38:20] 🔹 SYSTEM: Fleet heartbeat updated
[2026-07-08 12:39:21] 🔹 SYSTEM: Fleet heartbeat updated
[2026-07-08 12:40:23] 🔹 SYSTEM: Fleet heartbeat updated
[2026-07-08 12:41:24] 🔹 SYSTEM: Fleet heartbeat updated
[2026-07-08 12:42:25] 🔹 SYSTEM: Fleet heartbeat updated
[2026-07-08 12:43:26] 🔹 SYSTEM: Fleet heartbeat updated
[2026-07-08 12:44:27] 🔹 SYSTEM: Fleet heartbeat updated
[2026-07-08 12:45:29] 🔹 SYSTEM: Fleet heartbeat updated
[2026-07-08 12:46:30] 🔹 SYSTEM: Fleet heartbeat updated
[2026-07-08 12:47:31] 🔹 SYSTEM: Fleet heartbeat updated
[2026-07-08 12:48:12] 🔹 SYSTEM: Status check — Pending: 0, Running: 0
[2026-07-08 12:48:32] 🔹 SYSTEM: Fleet heartbeat updated
[2026-07-08 12:49:34] 🔹 SYSTEM: Fleet heartbeat updated
[2026-07-08 12:50:35] 🔹 SYSTEM: Fleet heartbeat updated
[2026-07-08 12:51:36] 🔹 SYSTEM: Fleet heartbeat updated
[2026-07-08 12:52:37] 🔹 SYSTEM: Fleet heartbeat updated
[2026-07-08 12:53:38] 🔹 SYSTEM: Fleet heartbeat updated
[2026-07-08 12:54:40] 🔹 SYSTEM: Fleet heartbeat updated
[2026-07-08 12:55:41] 🔹 SYSTEM: Fleet heartbeat updated
[2026-07-08 12:56:42] 🔹 SYSTEM: Fleet heartbeat updated
[2026-07-08 12:57:44] 🔹 SYSTEM: Fleet heartbeat updated
[2026-07-08 12:58:24] 🔹 SYSTEM: Status check — Pending: 0, Running: 0
[2026-07-08 12:58:45] 🔹 SYSTEM: Fleet heartbeat updated
[2026-07-08 12:59:46] 🔹 SYSTEM: Fleet heartbeat updated
[2026-07-08 13:00:47] 🔹 SYSTEM: Fleet heartbeat updated
[2026-07-08 13:01:48] 🔹 SYSTEM: Fleet heartbeat updated
[2026-07-08 13:02:50] 🔹 SYSTEM: Fleet heartbeat updated
[2026-07-08 13:03:51] 🔹 SYSTEM: Fleet heartbeat updated
[2026-07-08 13:04:52] 🔹 SYSTEM: Fleet heartbeat updated
[2026-07-08 13:05:53] 🔹 SYSTEM: Fleet heartbeat updated
[2026-07-08 13:06:55] 🔹 SYSTEM: Fleet heartbeat updated
[2026-07-08 13:07:56] 🔹 SYSTEM: Fleet heartbeat updated
[2026-07-08 13:08:36] 🔹 SYSTEM: Status check — Pending: 0, Running: 0
[2026-07-08 13:08:57] 🔹 SYSTEM: Fleet heartbeat updated
[2026-07-08 13:09:58] 🔹 SYSTEM: Fleet heartbeat updated
[2026-07-08 13:10:59] 🔹 SYSTEM: Fleet heartbeat updated
[2026-07-08 13:12:00] 🔹 SYSTEM: Fleet heartbeat updated
[2026-07-08 13:13:01] 🔹 SYSTEM: Fleet heartbeat updated
[2026-07-08 13:14:03] 🔹 SYSTEM: Fleet heartbeat updated
[2026-07-08 13:15:04] 🔹 SYSTEM: Fleet heartbeat updated
[2026-07-08 13:16:05] 🔹 SYSTEM: Fleet heartbeat updated
[2026-07-08 13:17:06] 🔹 SYSTEM: Fleet heartbeat updated
[2026-07-08 13:18:08] 🔹 SYSTEM: Fleet heartbeat updated
[2026-07-08 13:18:48] 🔹 SYSTEM: Status check — Pending: 0, Running: 0
[2026-07-08 13:19:09] 🔹 SYSTEM: Fleet heartbeat updated
[2026-07-08 13:20:10] 🔹 SYSTEM: Fleet heartbeat updated
[2026-07-08 13:21:11] 🔹 SYSTEM: Fleet heartbeat updated
[2026-07-08 13:22:12] 🔹 SYSTEM: Fleet heartbeat updated
[2026-07-08 13:23:13] 🔹 SYSTEM: Fleet heartbeat updated
[2026-07-08 13:24:14] 🔹 SYSTEM: Fleet heartbeat updated
[2026-07-08 13:25:16] 🔹 SYSTEM: Fleet heartbeat updated
[2026-07-08 13:26:17] 🔹 SYSTEM: Fleet heartbeat updated
[2026-07-08 13:27:18] 🔹 SYSTEM: Fleet heartbeat updated
[2026-07-08 13:28:20] 🔹 SYSTEM: Fleet heartbeat updated
[2026-07-08 13:29:01] 🔹 SYSTEM: Status check — Pending: 0, Running: 0
[2026-07-08 13:29:21] 🔹 SYSTEM: Fleet heartbeat updated
[2026-07-08 13:30:22] 🔹 SYSTEM: Fleet heartbeat updated
[2026-07-08 13:31:24] 🔹 SYSTEM: Fleet heartbeat updated
[2026-07-08 13:32:25] 🔹 SYSTEM: Fleet heartbeat updated
[2026-07-08 13:33:26] 🔹 SYSTEM: Fleet heartbeat updated
[2026-07-08 13:34:27] 🔹 SYSTEM: Fleet heartbeat updated
[2026-07-08 13:35:28] 🔹 SYSTEM: Fleet heartbeat updated
[2026-07-08 13:36:29] 🔹 SYSTEM: Fleet heartbeat updated
[2026-07-08 13:37:31] 🔹 SYSTEM: Fleet heartbeat updated
[2026-07-08 13:38:32] 🔹 SYSTEM: Fleet heartbeat updated
[2026-07-08 13:39:12] 🔹 SYSTEM: Status check — Pending: 0, Running: 0
[2026-07-08 13:39:33] 🔹 SYSTEM: Fleet heartbeat updated
[2026-07-08 13:40:34] 🔹 SYSTEM: Fleet heartbeat updated
[2026-07-08 13:41:35] 🔹 SYSTEM: Fleet heartbeat updated
[2026-07-08 13:42:36] 🔹 SYSTEM: Fleet heartbeat updated
[2026-07-08 13:43:37] 🔹 SYSTEM: Fleet heartbeat updated
[2026-07-08 13:44:38] 🔹 SYSTEM: Fleet heartbeat updated
[2026-07-08 13:45:41] 🔹 SYSTEM: Fleet heartbeat updated
[2026-07-08 13:46:42] 🔹 SYSTEM: Fleet heartbeat updated
[2026-07-08 13:47:43] 🔹 SYSTEM: Fleet heartbeat updated
[2026-07-08 13:48:45] 🔹 SYSTEM: Fleet heartbeat updated
[2026-07-08 13:49:25] 🔹 SYSTEM: Status check — Pending: 0, Running: 0
[2026-07-08 13:49:46] 🔹 SYSTEM: Fleet heartbeat updated
[2026-07-08 13:50:47] 🔹 SYSTEM: Fleet heartbeat updated
[2026-07-08 13:51:48] 🔹 SYSTEM: Fleet heartbeat updated
[2026-07-08 13:52:50] 🔹 SYSTEM: Fleet heartbeat updated
[2026-07-08 13:53:51] 🔹 SYSTEM: Fleet heartbeat updated
[2026-07-08 13:54:52] 🔹 SYSTEM: Fleet heartbeat updated
[2026-07-08 13:55:53] 🔹 SYSTEM: Fleet heartbeat updated
[2026-07-08 13:56:55] 🔹 SYSTEM: Fleet heartbeat updated
[2026-07-08 13:57:56] 🔹 SYSTEM: Fleet heartbeat updated
[2026-07-08 13:58:57] 🔹 SYSTEM: Fleet heartbeat updated
[2026-07-08 13:59:38] 🔹 SYSTEM: Status check — Pending: 0, Running: 0
[2026-07-08 13:59:58] 🔹 SYSTEM: Fleet heartbeat updated
[2026-07-08 14:00:59] 🔹 SYSTEM: Fleet heartbeat updated
[2026-07-08 14:02:01] 🔹 SYSTEM: Fleet heartbeat updated
[2026-07-08 14:03:02] 🔹 SYSTEM: Fleet heartbeat updated
[2026-07-08 14:04:04] 🔹 SYSTEM: Fleet heartbeat updated
[2026-07-08 14:05:05] 🔹 SYSTEM: Fleet heartbeat updated
[2026-07-08 14:06:06] 🔹 SYSTEM: Fleet heartbeat updated
[2026-07-08 14:07:07] 🔹 SYSTEM: Fleet heartbeat updated
[2026-07-08 14:08:08] 🔹 SYSTEM: Fleet heartbeat updated
[2026-07-08 14:09:10] 🔹 SYSTEM: Fleet heartbeat updated
[2026-07-08 14:09:50] 🔹 SYSTEM: Status check — Pending: 0, Running: 0
[2026-07-08 14:10:11] 🔹 SYSTEM: Fleet heartbeat updated
[2026-07-08 14:11:12] 🔹 SYSTEM: Fleet heartbeat updated
[2026-07-08 14:12:14] 🔹 SYSTEM: Fleet heartbeat updated
[2026-07-08 14:13:15] 🔹 SYSTEM: Fleet heartbeat updated
[2026-07-08 14:14:16] 🔹 SYSTEM: Fleet heartbeat updated
[2026-07-08 14:15:18] 🔹 SYSTEM: Fleet heartbeat updated
[2026-07-08 14:16:19] 🔹 SYSTEM: Fleet heartbeat updated
[2026-07-08 14:17:20] 🔹 SYSTEM: Fleet heartbeat updated
[2026-07-08 14:18:22] 🔹 SYSTEM: Fleet heartbeat updated
[2026-07-08 14:19:23] 🔹 SYSTEM: Fleet heartbeat updated
[2026-07-08 14:20:04] 🔹 SYSTEM: Status check — Pending: 0, Running: 0
[2026-07-08 14:20:25] 🔹 SYSTEM: Fleet heartbeat updated
[2026-07-08 14:21:26] 🔹 SYSTEM: Fleet heartbeat updated
[2026-07-08 14:22:27] 🔹 SYSTEM: Fleet heartbeat updated
[2026-07-08 14:23:29] 🔹 SYSTEM: Fleet heartbeat updated
[2026-07-08 14:24:30] 🔹 SYSTEM: Fleet heartbeat updated
[2026-07-08 14:25:32] 🔹 SYSTEM: Fleet heartbeat updated
[2026-07-08 14:26:33] 🔹 SYSTEM: Fleet heartbeat updated
[2026-07-08 14:27:34] 🔹 SYSTEM: Fleet heartbeat updated
[2026-07-08 14:28:36] 🔹 SYSTEM: Fleet heartbeat updated
[2026-07-08 14:29:37] 🔹 SYSTEM: Fleet heartbeat updated
[2026-07-08 14:30:18] 🔹 SYSTEM: Status check — Pending: 0, Running: 0
[2026-07-08 14:30:38] 🔹 SYSTEM: Fleet heartbeat updated
[2026-07-08 14:31:39] 🔹 SYSTEM: Fleet heartbeat updated
[2026-07-08 14:32:40] 🔹 SYSTEM: Fleet heartbeat updated
[2026-07-08 14:33:42] 🔹 SYSTEM: Fleet heartbeat updated
[2026-07-08 14:34:43] 🔹 SYSTEM: Fleet heartbeat updated
[2026-07-08 14:35:44] 🔹 SYSTEM: Fleet heartbeat updated
[2026-07-08 14:36:45] 🔹 SYSTEM: Fleet heartbeat updated
[2026-07-08 14:37:46] 🔹 SYSTEM: Fleet heartbeat updated
[2026-07-08 14:38:47] 🔹 SYSTEM: Fleet heartbeat updated
[2026-07-08 14:39:48] 🔹 SYSTEM: Fleet heartbeat updated
[2026-07-08 14:40:29] 🔹 SYSTEM: Status check — Pending: 0, Running: 0
[2026-07-08 14:40:50] 🔹 SYSTEM: Fleet heartbeat updated
[2026-07-08 14:41:51] 🔹 SYSTEM: Fleet heartbeat updated
[2026-07-08 14:42:52] 🔹 SYSTEM: Fleet heartbeat updated
[2026-07-08 14:43:53] 🔹 SYSTEM: Fleet heartbeat updated
[2026-07-08 14:44:55] 🔹 SYSTEM: Fleet heartbeat updated
[2026-07-08 14:46:00] 🔹 SYSTEM: Fleet heartbeat updated
[2026-07-08 14:47:01] 🔹 SYSTEM: Fleet heartbeat updated
[2026-07-08 14:48:02] 🔹 SYSTEM: Fleet heartbeat updated
[2026-07-08 14:49:03] 🔹 SYSTEM: Fleet heartbeat updated
[2026-07-08 14:50:04] 🔹 SYSTEM: Fleet heartbeat updated
[2026-07-08 14:50:45] 🔹 SYSTEM: Status check — Pending: 0, Running: 0
[2026-07-08 14:51:06] 🔹 SYSTEM: Fleet heartbeat updated
[2026-07-08 14:52:07] 🔹 SYSTEM: Fleet heartbeat updated
[2026-07-08 14:53:08] 🔹 SYSTEM: Fleet heartbeat updated
[2026-07-08 14:54:09] 🔹 SYSTEM: Fleet heartbeat updated
[2026-07-08 14:55:10] 🔹 SYSTEM: Fleet heartbeat updated
[2026-07-08 14:56:11] 🔹 SYSTEM: Fleet heartbeat updated
[2026-07-08 14:57:13] 🔹 SYSTEM: Fleet heartbeat updated
[2026-07-08 14:58:14] 🔹 SYSTEM: Fleet heartbeat updated
[2026-07-08 14:59:15] 🔹 SYSTEM: Fleet heartbeat updated
[2026-07-08 15:00:16] 🔹 SYSTEM: Fleet heartbeat updated
[2026-07-08 15:00:57] 🔹 SYSTEM: Status check — Pending: 0, Running: 0
[2026-07-08 15:01:18] 🔹 SYSTEM: Fleet heartbeat updated
[2026-07-08 15:02:19] 🔹 SYSTEM: Fleet heartbeat updated
[2026-07-08 15:03:20] 🔹 SYSTEM: Fleet heartbeat updated
[2026-07-08 15:04:21] 🔹 SYSTEM: Fleet heartbeat updated
[2026-07-08 15:05:22] 🔹 SYSTEM: Fleet heartbeat updated
[2026-07-08 15:06:24] 🔹 SYSTEM: Fleet heartbeat updated
[2026-07-08 15:07:25] 🔹 SYSTEM: Fleet heartbeat updated
[2026-07-08 15:08:26] 🔹 SYSTEM: Fleet heartbeat updated
[2026-07-08 15:09:27] 🔹 SYSTEM: Fleet heartbeat updated
[2026-07-08 15:10:28] 🔹 SYSTEM: Fleet heartbeat updated
[2026-07-08 15:11:09] 🔹 SYSTEM: Status check — Pending: 0, Running: 0
[2026-07-08 15:11:30] 🔹 SYSTEM: Fleet heartbeat updated
[2026-07-08 15:12:31] 🔹 SYSTEM: Fleet heartbeat updated
[2026-07-08 15:13:32] 🔹 SYSTEM: Fleet heartbeat updated
[2026-07-08 15:14:33] 🔹 SYSTEM: Fleet heartbeat updated
[2026-07-08 15:15:34] 🔹 SYSTEM: Fleet heartbeat updated
[2026-07-08 15:16:36] 🔹 SYSTEM: Fleet heartbeat updated
[2026-07-08 15:17:37] 🔹 SYSTEM: Fleet heartbeat updated
[2026-07-08 15:18:38] 🔹 SYSTEM: Fleet heartbeat updated
[2026-07-08 15:19:39] 🔹 SYSTEM: Fleet heartbeat updated
[2026-07-08 15:20:41] 🔹 SYSTEM: Fleet heartbeat updated
[2026-07-08 15:21:21] 🔹 SYSTEM: Status check — Pending: 0, Running: 0
[2026-07-08 15:21:42] 🔹 SYSTEM: Fleet heartbeat updated
[2026-07-08 15:22:43] 🔹 SYSTEM: Fleet heartbeat updated
[2026-07-08 15:23:44] 🔹 SYSTEM: Fleet heartbeat updated
[2026-07-08 15:24:45] 🔹 SYSTEM: Fleet heartbeat updated
[2026-07-08 15:25:47] 🔹 SYSTEM: Fleet heartbeat updated
[2026-07-08 15:26:48] 🔹 SYSTEM: Fleet heartbeat updated
[2026-07-08 15:27:49] 🔹 SYSTEM: Fleet heartbeat updated
[2026-07-08 15:28:50] 🔹 SYSTEM: Fleet heartbeat updated
[2026-07-08 15:29:51] 🔹 SYSTEM: Fleet heartbeat updated
[2026-07-08 15:30:53] 🔹 SYSTEM: Fleet heartbeat updated
[2026-07-08 15:31:33] 🔹 SYSTEM: Status check — Pending: 0, Running: 0
[2026-07-08 15:31:54] 🔹 SYSTEM: Fleet heartbeat updated
[2026-07-08 15:32:55] 🔹 SYSTEM: Fleet heartbeat updated
[2026-07-08 15:33:56] 🔹 SYSTEM: Fleet heartbeat updated
[2026-07-08 15:34:57] 🔹 SYSTEM: Fleet heartbeat updated
[2026-07-08 15:35:58] 🔹 SYSTEM: Fleet heartbeat updated
[2026-07-08 15:37:00] 🔹 SYSTEM: Fleet heartbeat updated
[2026-07-08 15:38:01] 🔹 SYSTEM: Fleet heartbeat updated
[2026-07-08 15:39:02] 🔹 SYSTEM: Fleet heartbeat updated
[2026-07-08 15:40:03] 🔹 SYSTEM: Fleet heartbeat updated
[2026-07-08 15:41:04] 🔹 SYSTEM: Fleet heartbeat updated
[2026-07-08 15:41:45] 🔹 SYSTEM: Status check — Pending: 0, Running: 0
[2026-07-08 15:42:05] 🔹 SYSTEM: Fleet heartbeat updated
[2026-07-08 15:43:06] 🔹 SYSTEM: Fleet heartbeat updated
[2026-07-08 15:44:07] 🔹 SYSTEM: Fleet heartbeat updated
[2026-07-08 15:45:10] 🔹 SYSTEM: Fleet heartbeat updated
[2026-07-08 15:46:12] 🔹 SYSTEM: Fleet heartbeat updated
[2026-07-08 15:47:13] 🔹 SYSTEM: Fleet heartbeat updated
[2026-07-08 15:48:14] 🔹 SYSTEM: Fleet heartbeat updated
[2026-07-08 15:49:16] 🔹 SYSTEM: Fleet heartbeat updated
[2026-07-08 15:50:17] 🔹 SYSTEM: Fleet heartbeat updated
[2026-07-08 15:51:18] 🔹 SYSTEM: Fleet heartbeat updated
[2026-07-08 15:51:59] 🔹 SYSTEM: Status check — Pending: 0, Running: 0
[2026-07-08 15:52:19] 🔹 SYSTEM: Fleet heartbeat updated
[2026-07-08 15:53:21] 🔹 SYSTEM: Fleet heartbeat updated
[2026-07-08 15:54:22] 🔹 SYSTEM: Fleet heartbeat updated
[2026-07-08 15:55:23] 🔹 SYSTEM: Fleet heartbeat updated
[2026-07-08 15:56:24] 🔹 SYSTEM: Fleet heartbeat updated
[2026-07-08 15:57:26] 🔹 SYSTEM: Fleet heartbeat updated
[2026-07-08 15:58:27] 🔹 SYSTEM: Fleet heartbeat updated
[2026-07-08 15:59:28] 🔹 SYSTEM: Fleet heartbeat updated
[2026-07-08 16:00:29] 🔹 SYSTEM: Fleet heartbeat updated
[2026-07-08 16:01:30] 🔹 SYSTEM: Fleet heartbeat updated
[2026-07-08 16:02:11] 🔹 SYSTEM: Status check — Pending: 0, Running: 0
[2026-07-08 16:02:31] 🔹 SYSTEM: Fleet heartbeat updated
[2026-07-08 16:03:33] 🔹 SYSTEM: Fleet heartbeat updated
[2026-07-08 16:04:34] 🔹 SYSTEM: Fleet heartbeat updated
[2026-07-08 16:05:35] 🔹 SYSTEM: Fleet heartbeat updated
[2026-07-08 16:06:36] 🔹 SYSTEM: Fleet heartbeat updated
[2026-07-08 16:07:37] 🔹 SYSTEM: Fleet heartbeat updated
[2026-07-08 16:08:39] 🔹 SYSTEM: Fleet heartbeat updated
[2026-07-08 16:09:40] 🔹 SYSTEM: Fleet heartbeat updated
[2026-07-08 16:10:41] 🔹 SYSTEM: Fleet heartbeat updated
[2026-07-08 16:11:42] 🔹 SYSTEM: Fleet heartbeat updated
[2026-07-08 16:12:23] 🔹 SYSTEM: Status check — Pending: 0, Running: 0
[2026-07-08 16:12:44] 🔹 SYSTEM: Fleet heartbeat updated
[2026-07-08 16:13:45] 🔹 SYSTEM: Fleet heartbeat updated
[2026-07-08 16:14:46] 🔹 SYSTEM: Fleet heartbeat updated
[2026-07-08 16:15:48] 🔹 SYSTEM: Fleet heartbeat updated
[2026-07-08 16:16:49] 🔹 SYSTEM: Fleet heartbeat updated
[2026-07-08 16:17:50] 🔹 SYSTEM: Fleet heartbeat updated
[2026-07-08 16:18:51] 🔹 SYSTEM: Fleet heartbeat updated
[2026-07-08 16:19:53] 🔹 SYSTEM: Fleet heartbeat updated
[2026-07-08 16:20:54] 🔹 SYSTEM: Fleet heartbeat updated
[2026-07-08 16:21:55] 🔹 SYSTEM: Fleet heartbeat updated
[2026-07-08 16:22:36] 🔹 SYSTEM: Status check — Pending: 0, Running: 0
[2026-07-08 16:22:56] 🔹 SYSTEM: Fleet heartbeat updated
[2026-07-08 16:23:58] 🔹 SYSTEM: Fleet heartbeat updated
[2026-07-08 16:24:59] 🔹 SYSTEM: Fleet heartbeat updated
[2026-07-08 16:26:00] 🔹 SYSTEM: Fleet heartbeat updated
[2026-07-08 16:27:01] 🔹 SYSTEM: Fleet heartbeat updated
[2026-07-08 16:28:02] 🔹 SYSTEM: Fleet heartbeat updated
[2026-07-08 16:29:04] 🔹 SYSTEM: Fleet heartbeat updated
[2026-07-08 16:30:05] 🔹 SYSTEM: Fleet heartbeat updated
[2026-07-08 16:31:06] 🔹 SYSTEM: Fleet heartbeat updated
[2026-07-08 16:32:07] 🔹 SYSTEM: Fleet heartbeat updated
[2026-07-08 16:32:48] 🔹 SYSTEM: Status check — Pending: 0, Running: 0
[2026-07-08 16:33:08] 🔹 SYSTEM: Fleet heartbeat updated
[2026-07-08 16:34:10] 🔹 SYSTEM: Fleet heartbeat updated
[2026-07-08 16:35:11] 🔹 SYSTEM: Fleet heartbeat updated
[2026-07-08 16:36:12] 🔹 SYSTEM: Fleet heartbeat updated
[2026-07-08 16:37:13] 🔹 SYSTEM: Fleet heartbeat updated
[2026-07-08 16:38:15] 🔹 SYSTEM: Fleet heartbeat updated
[2026-07-08 16:39:16] 🔹 SYSTEM: Fleet heartbeat updated
[2026-07-08 16:40:17] 🔹 SYSTEM: Fleet heartbeat updated
[2026-07-08 16:41:18] 🔹 SYSTEM: Fleet heartbeat updated
[2026-07-08 16:42:19] 🔹 SYSTEM: Fleet heartbeat updated
[2026-07-08 16:43:00] 🔹 SYSTEM: Status check — Pending: 0, Running: 0
[2026-07-08 16:43:20] 🔹 SYSTEM: Fleet heartbeat updated
[2026-07-08 16:44:22] 🔹 SYSTEM: Fleet heartbeat updated
[2026-07-08 16:45:24] 🔹 SYSTEM: Fleet heartbeat updated
[2026-07-08 16:46:25] 🔹 SYSTEM: Fleet heartbeat updated
[2026-07-08 16:47:26] 🔹 SYSTEM: Fleet heartbeat updated
[2026-07-08 16:48:27] 🔹 SYSTEM: Fleet heartbeat updated
[2026-07-08 16:49:28] 🔹 SYSTEM: Fleet heartbeat updated
[2026-07-08 16:50:30] 🔹 SYSTEM: Fleet heartbeat updated
[2026-07-08 16:51:31] 🔹 SYSTEM: Fleet heartbeat updated
[2026-07-08 16:52:32] 🔹 SYSTEM: Fleet heartbeat updated
[2026-07-08 16:53:13] 🔹 SYSTEM: Status check — Pending: 0, Running: 0
[2026-07-08 16:53:33] 🔹 SYSTEM: Fleet heartbeat updated
[2026-07-08 16:54:35] 🔹 SYSTEM: Fleet heartbeat updated
[2026-07-08 16:55:36] 🔹 SYSTEM: Fleet heartbeat updated
[2026-07-08 16:56:37] 🔹 SYSTEM: Fleet heartbeat updated
[2026-07-08 16:57:38] 🔹 SYSTEM: Fleet heartbeat updated
[2026-07-08 16:58:39] 🔹 SYSTEM: Fleet heartbeat updated
[2026-07-08 16:59:40] 🔹 SYSTEM: Fleet heartbeat updated
[2026-07-08 17:00:42] 🔹 SYSTEM: Fleet heartbeat updated
[2026-07-08 17:01:43] 🔹 SYSTEM: Fleet heartbeat updated
[2026-07-08 17:02:44] 🔹 SYSTEM: Fleet heartbeat updated
[2026-07-08 17:03:25] 🔹 SYSTEM: Status check — Pending: 0, Running: 0
[2026-07-08 17:03:45] 🔹 SYSTEM: Fleet heartbeat updated
[2026-07-08 17:04:46] 🔹 SYSTEM: Fleet heartbeat updated
[2026-07-08 17:05:48] 🔹 SYSTEM: Fleet heartbeat updated
[2026-07-08 17:06:49] 🔹 SYSTEM: Fleet heartbeat updated
[2026-07-08 17:07:50] 🔹 SYSTEM: Fleet heartbeat updated
[2026-07-08 17:08:52] 🔹 SYSTEM: Fleet heartbeat updated
[2026-07-08 17:09:54] 🔹 SYSTEM: Fleet heartbeat updated
[2026-07-08 17:10:55] 🔹 SYSTEM: Fleet heartbeat updated
[2026-07-08 17:11:56] 🔹 SYSTEM: Fleet heartbeat updated
[2026-07-08 17:12:57] 🔹 SYSTEM: Fleet heartbeat updated
[2026-07-08 17:13:37] 🔹 SYSTEM: Status check — Pending: 0, Running: 0
[2026-07-08 17:13:58] 🔹 SYSTEM: Fleet heartbeat updated
[2026-07-08 17:14:59] 🔹 SYSTEM: Fleet heartbeat updated
[2026-07-08 17:16:00] 🔹 SYSTEM: Fleet heartbeat updated
[2026-07-08 17:17:01] 🔹 SYSTEM: Fleet heartbeat updated
[2026-07-08 17:18:02] 🔹 SYSTEM: Fleet heartbeat updated
[2026-07-08 17:19:03] 🔹 SYSTEM: Fleet heartbeat updated
[2026-07-08 17:20:04] 🔹 SYSTEM: Fleet heartbeat updated
[2026-07-08 17:21:05] 🔹 SYSTEM: Fleet heartbeat updated
[2026-07-08 17:22:06] 🔹 SYSTEM: Fleet heartbeat updated
[2026-07-08 17:23:07] 🔹 SYSTEM: Fleet heartbeat updated
[2026-07-08 17:23:47] 🔹 SYSTEM: Status check — Pending: 0, Running: 0
[2026-07-08 17:24:08] 🔹 SYSTEM: Fleet heartbeat updated
[2026-07-08 17:25:09] 🔹 SYSTEM: Fleet heartbeat updated
[2026-07-08 17:26:10] 🔹 SYSTEM: Fleet heartbeat updated
[2026-07-08 17:27:11] 🔹 SYSTEM: Fleet heartbeat updated
[2026-07-08 17:28:12] 🔹 SYSTEM: Fleet heartbeat updated
[2026-07-08 17:29:14] 🔹 SYSTEM: Fleet heartbeat updated
[2026-07-08 17:30:15] 🔹 SYSTEM: Fleet heartbeat updated
[2026-07-08 17:31:16] 🔹 SYSTEM: Fleet heartbeat updated
[2026-07-08 17:32:18] 🔹 SYSTEM: Fleet heartbeat updated
[2026-07-08 17:33:19] 🔹 SYSTEM: Fleet heartbeat updated
[2026-07-08 17:34:00] 🔹 SYSTEM: Status check — Pending: 0, Running: 0
[2026-07-08 17:34:21] 🔹 SYSTEM: Fleet heartbeat updated
[2026-07-08 17:35:24] 🔹 SYSTEM: Fleet heartbeat updated
[2026-07-08 17:36:25] 🔹 SYSTEM: Fleet heartbeat updated
[2026-07-08 17:37:26] 🔹 SYSTEM: Fleet heartbeat updated
[2026-07-08 17:38:27] 🔹 SYSTEM: Fleet heartbeat updated
[2026-07-08 17:39:28] 🔹 SYSTEM: Fleet heartbeat updated
[2026-07-08 17:40:29] 🔹 SYSTEM: Fleet heartbeat updated
[2026-07-08 17:41:30] 🔹 SYSTEM: Fleet heartbeat updated
[2026-07-08 17:42:31] 🔹 SYSTEM: Fleet heartbeat updated
[2026-07-08 17:43:31] 🔹 SYSTEM: Fleet heartbeat updated
[2026-07-08 17:44:12] 🔹 SYSTEM: Status check — Pending: 0, Running: 0
[2026-07-08 17:44:33] 🔹 SYSTEM: Fleet heartbeat updated
[2026-07-08 17:45:39] 🔹 SYSTEM: Fleet heartbeat updated
[2026-07-08 17:46:42] 🔹 SYSTEM: Fleet heartbeat updated
[2026-07-08 17:47:42] 🔹 SYSTEM: Fleet heartbeat updated
[2026-07-08 17:48:43] 🔹 SYSTEM: Fleet heartbeat updated
[2026-07-08 17:49:44] 🔹 SYSTEM: Fleet heartbeat updated
[2026-07-08 17:50:45] 🔹 SYSTEM: Fleet heartbeat updated
[2026-07-08 17:51:46] 🔹 SYSTEM: Fleet heartbeat updated
[2026-07-08 17:52:47] 🔹 SYSTEM: Fleet heartbeat updated
[2026-07-08 17:53:48] 🔹 SYSTEM: Fleet heartbeat updated
[2026-07-08 17:54:28] 🔹 SYSTEM: Status check — Pending: 0, Running: 0
[2026-07-08 17:54:49] 🔹 SYSTEM: Fleet heartbeat updated
[2026-07-08 17:55:50] 🔹 SYSTEM: Fleet heartbeat updated
[2026-07-08 17:56:51] 🔹 SYSTEM: Fleet heartbeat updated
[2026-07-08 17:57:52] 🔹 SYSTEM: Fleet heartbeat updated
[2026-07-08 17:58:53] 🔹 SYSTEM: Fleet heartbeat updated
[2026-07-08 17:59:54] 🔹 SYSTEM: Fleet heartbeat updated
[2026-07-08 18:00:55] 🔹 SYSTEM: Fleet heartbeat updated
[2026-07-08 18:01:56] 🔹 SYSTEM: Fleet heartbeat updated
[2026-07-08 18:02:58] 🔹 SYSTEM: Fleet heartbeat updated
[2026-07-08 18:03:59] 🔹 SYSTEM: Fleet heartbeat updated
[2026-07-08 18:04:39] 🔹 SYSTEM: Status check — Pending: 0, Running: 0
[2026-07-08 18:05:00] 🔹 SYSTEM: Fleet heartbeat updated
[2026-07-08 18:06:01] 🔹 SYSTEM: Fleet heartbeat updated
[2026-07-08 18:07:02] 🔹 SYSTEM: Fleet heartbeat updated
[2026-07-08 18:08:03] 🔹 SYSTEM: Fleet heartbeat updated
[2026-07-08 18:09:04] 🔹 SYSTEM: Fleet heartbeat updated
[2026-07-08 18:10:06] 🔹 SYSTEM: Fleet heartbeat updated
[2026-07-08 18:11:07] 🔹 SYSTEM: Fleet heartbeat updated
[2026-07-08 18:12:08] 🔹 SYSTEM: Fleet heartbeat updated
[2026-07-08 18:13:09] 🔹 SYSTEM: Fleet heartbeat updated
[2026-07-08 18:14:10] 🔹 SYSTEM: Fleet heartbeat updated
[2026-07-08 18:14:51] 🔹 SYSTEM: Status check — Pending: 0, Running: 0
[2026-07-08 18:15:12] 🔹 SYSTEM: Fleet heartbeat updated
[2026-07-08 18:16:13] 🔹 SYSTEM: Fleet heartbeat updated
[2026-07-08 18:17:14] 🔹 SYSTEM: Fleet heartbeat updated
[2026-07-08 18:18:15] 🔹 SYSTEM: Fleet heartbeat updated
[2026-07-08 18:19:17] 🔹 SYSTEM: Fleet heartbeat updated
[2026-07-08 18:20:18] 🔹 SYSTEM: Fleet heartbeat updated
[2026-07-08 18:21:19] 🔹 SYSTEM: Fleet heartbeat updated
[2026-07-08 18:22:20] 🔹 SYSTEM: Fleet heartbeat updated
[2026-07-08 18:23:22] 🔹 SYSTEM: Fleet heartbeat updated
[2026-07-08 18:24:23] 🔹 SYSTEM: Fleet heartbeat updated
[2026-07-08 18:25:04] 🔹 SYSTEM: Status check — Pending: 0, Running: 0
[2026-07-08 18:25:24] 🔹 SYSTEM: Fleet heartbeat updated
[2026-07-08 18:26:25] 🔹 SYSTEM: Fleet heartbeat updated
[2026-07-08 18:27:27] 🔹 SYSTEM: Fleet heartbeat updated
[2026-07-08 18:28:28] 🔹 SYSTEM: Fleet heartbeat updated
[2026-07-08 18:29:29] 🔹 SYSTEM: Fleet heartbeat updated
[2026-07-08 18:30:30] 🔹 SYSTEM: Fleet heartbeat updated
[2026-07-08 18:31:31] 🔹 SYSTEM: Fleet heartbeat updated
[2026-07-08 18:32:33] 🔹 SYSTEM: Fleet heartbeat updated
[2026-07-08 18:33:34] 🔹 SYSTEM: Fleet heartbeat updated
[2026-07-08 18:34:35] 🔹 SYSTEM: Fleet heartbeat updated
[2026-07-08 18:35:16] 🔹 SYSTEM: Status check — Pending: 0, Running: 0
[2026-07-08 18:35:37] 🔹 SYSTEM: Fleet heartbeat updated
[2026-07-08 18:36:38] 🔹 SYSTEM: Fleet heartbeat updated
[2026-07-08 18:37:39] 🔹 SYSTEM: Fleet heartbeat updated
[2026-07-08 18:38:40] 🔹 SYSTEM: Fleet heartbeat updated
[2026-07-08 18:39:41] 🔹 SYSTEM: Fleet heartbeat updated
[2026-07-08 18:40:43] 🔹 SYSTEM: Fleet heartbeat updated
[2026-07-08 18:41:44] 🔹 SYSTEM: Fleet heartbeat updated
[2026-07-08 18:42:45] 🔹 SYSTEM: Fleet heartbeat updated
[2026-07-08 18:43:46] 🔹 SYSTEM: Fleet heartbeat updated
[2026-07-08 18:44:48] 🔹 SYSTEM: Fleet heartbeat updated
[2026-07-08 18:45:28] 🔹 SYSTEM: Status check — Pending: 0, Running: 0
[2026-07-08 18:45:49] 🔹 SYSTEM: Fleet heartbeat updated
[2026-07-08 18:46:50] 🔹 SYSTEM: Fleet heartbeat updated
[2026-07-08 18:47:51] 🔹 SYSTEM: Fleet heartbeat updated
[2026-07-08 18:48:53] 🔹 SYSTEM: Fleet heartbeat updated
[2026-07-08 18:49:54] 🔹 SYSTEM: Fleet heartbeat updated
[2026-07-08 18:50:55] 🔹 SYSTEM: Fleet heartbeat updated
[2026-07-08 18:51:56] 🔹 SYSTEM: Fleet heartbeat updated
[2026-07-08 18:52:58] 🔹 SYSTEM: Fleet heartbeat updated
[2026-07-08 18:53:59] 🔹 SYSTEM: Fleet heartbeat updated
[2026-07-08 18:55:00] 🔹 SYSTEM: Fleet heartbeat updated
[2026-07-08 18:55:41] 🔹 SYSTEM: Status check — Pending: 0, Running: 0
[2026-07-08 18:56:01] 🔹 SYSTEM: Fleet heartbeat updated
[2026-07-08 18:57:03] 🔹 SYSTEM: Fleet heartbeat updated
[2026-07-08 18:58:04] 🔹 SYSTEM: Fleet heartbeat updated
[2026-07-08 18:59:05] 🔹 SYSTEM: Fleet heartbeat updated
[2026-07-08 19:00:06] 🔹 SYSTEM: Fleet heartbeat updated
[2026-07-08 19:01:07] 🔹 SYSTEM: Fleet heartbeat updated
[2026-07-08 19:02:08] 🔹 SYSTEM: Fleet heartbeat updated
[2026-07-08 19:03:09] 🔹 SYSTEM: Fleet heartbeat updated
[2026-07-08 19:04:11] 🔹 SYSTEM: Fleet heartbeat updated
[2026-07-08 19:05:12] 🔹 SYSTEM: Fleet heartbeat updated
[2026-07-08 19:05:53] 🔹 SYSTEM: Status check — Pending: 0, Running: 0
[2026-07-08 19:06:13] 🔹 SYSTEM: Fleet heartbeat updated
[2026-07-08 19:07:14] 🔹 SYSTEM: Fleet heartbeat updated
[2026-07-08 19:08:15] 🔹 SYSTEM: Fleet heartbeat updated
[2026-07-08 19:09:17] 🔹 SYSTEM: Fleet heartbeat updated
[2026-07-08 19:10:18] 🔹 SYSTEM: Fleet heartbeat updated
[2026-07-08 19:11:19] 🔹 SYSTEM: Fleet heartbeat updated
[2026-07-08 19:12:20] 🔹 SYSTEM: Fleet heartbeat updated
[2026-07-08 19:13:22] 🔹 SYSTEM: Fleet heartbeat updated
[2026-07-08 19:14:23] 🔹 SYSTEM: Fleet heartbeat updated
[2026-07-08 19:15:24] 🔹 SYSTEM: Fleet heartbeat updated
[2026-07-08 19:16:05] 🔹 SYSTEM: Status check — Pending: 0, Running: 0
[2026-07-08 19:16:25] 🔹 SYSTEM: Fleet heartbeat updated
[2026-07-08 19:17:26] 🔹 SYSTEM: Fleet heartbeat updated
[2026-07-08 19:18:27] 🔹 SYSTEM: Fleet heartbeat updated
[2026-07-08 19:19:29] 🔹 SYSTEM: Fleet heartbeat updated
[2026-07-08 19:20:30] 🔹 SYSTEM: Fleet heartbeat updated
[2026-07-08 19:21:31] 🔹 SYSTEM: Fleet heartbeat updated
[2026-07-08 19:22:32] 🔹 SYSTEM: Fleet heartbeat updated
[2026-07-08 19:23:34] 🔹 SYSTEM: Fleet heartbeat updated
[2026-07-08 19:24:35] 🔹 SYSTEM: Fleet heartbeat updated
[2026-07-08 19:25:36] 🔹 SYSTEM: Fleet heartbeat updated
[2026-07-08 19:26:17] 🔹 SYSTEM: Status check — Pending: 0, Running: 0
[2026-07-08 19:26:37] 🔹 SYSTEM: Fleet heartbeat updated
[2026-07-08 19:27:39] 🔹 SYSTEM: Fleet heartbeat updated
[2026-07-08 19:28:40] 🔹 SYSTEM: Fleet heartbeat updated
[2026-07-08 19:29:41] 🔹 SYSTEM: Fleet heartbeat updated
[2026-07-08 19:30:42] 🔹 SYSTEM: Fleet heartbeat updated
[2026-07-08 19:31:44] 🔹 SYSTEM: Fleet heartbeat updated
[2026-07-08 19:32:45] 🔹 SYSTEM: Fleet heartbeat updated
[2026-07-08 19:33:46] 🔹 SYSTEM: Fleet heartbeat updated
[2026-07-08 19:34:47] 🔹 SYSTEM: Fleet heartbeat updated
[2026-07-08 19:35:48] 🔹 SYSTEM: Fleet heartbeat updated
[2026-07-08 19:36:29] 🔹 SYSTEM: Status check — Pending: 0, Running: 0
[2026-07-08 19:36:49] 🔹 SYSTEM: Fleet heartbeat updated
[2026-07-08 19:37:51] 🔹 SYSTEM: Fleet heartbeat updated
[2026-07-08 19:38:52] 🔹 SYSTEM: Fleet heartbeat updated
[2026-07-08 19:39:53] 🔹 SYSTEM: Fleet heartbeat updated
[2026-07-08 19:40:54] 🔹 SYSTEM: Fleet heartbeat updated
[2026-07-08 19:41:56] 🔹 SYSTEM: Fleet heartbeat updated
[2026-07-08 19:42:57] 🔹 SYSTEM: Fleet heartbeat updated
[2026-07-08 19:43:58] 🔹 SYSTEM: Fleet heartbeat updated
[2026-07-08 19:45:02] 🔹 SYSTEM: Fleet heartbeat updated
[2026-07-08 19:46:04] 🔹 SYSTEM: Fleet heartbeat updated
[2026-07-08 19:46:44] 🔹 SYSTEM: Status check — Pending: 0, Running: 0
[2026-07-08 19:47:05] 🔹 SYSTEM: Fleet heartbeat updated
[2026-07-08 19:48:06] 🔹 SYSTEM: Fleet heartbeat updated
[2026-07-08 19:49:07] 🔹 SYSTEM: Fleet heartbeat updated
[2026-07-08 19:50:09] 🔹 SYSTEM: Fleet heartbeat updated
[2026-07-08 19:51:10] 🔹 SYSTEM: Fleet heartbeat updated
[2026-07-08 19:52:11] 🔹 SYSTEM: Fleet heartbeat updated
[2026-07-08 19:53:12] 🔹 SYSTEM: Fleet heartbeat updated
[2026-07-08 19:54:13] 🔹 SYSTEM: Fleet heartbeat updated
[2026-07-08 19:55:15] 🔹 SYSTEM: Fleet heartbeat updated
[2026-07-08 19:56:16] 🔹 SYSTEM: Fleet heartbeat updated
[2026-07-08 19:56:57] 🔹 SYSTEM: Status check — Pending: 0, Running: 0
[2026-07-08 19:57:17] 🔹 SYSTEM: Fleet heartbeat updated
[2026-07-08 19:58:18] 🔹 SYSTEM: Fleet heartbeat updated
[2026-07-08 19:59:20] 🔹 SYSTEM: Fleet heartbeat updated
[2026-07-08 20:00:21] 🔹 SYSTEM: Fleet heartbeat updated
[2026-07-08 20:01:22] 🔹 SYSTEM: Fleet heartbeat updated
[2026-07-08 20:02:23] 🔹 SYSTEM: Fleet heartbeat updated
[2026-07-08 20:03:25] 🔹 SYSTEM: Fleet heartbeat updated
[2026-07-08 20:04:26] 🔹 SYSTEM: Fleet heartbeat updated
[2026-07-08 20:05:27] 🔹 SYSTEM: Fleet heartbeat updated
[2026-07-08 20:06:29] 🔹 SYSTEM: Fleet heartbeat updated
[2026-07-08 20:07:09] 🔹 SYSTEM: Status check — Pending: 0, Running: 0
[2026-07-08 20:07:30] 🔹 SYSTEM: Fleet heartbeat updated
[2026-07-08 20:08:31] 🔹 SYSTEM: Fleet heartbeat updated
[2026-07-08 20:09:32] 🔹 SYSTEM: Fleet heartbeat updated
[2026-07-08 20:10:33] 🔹 SYSTEM: Fleet heartbeat updated
[2026-07-08 20:11:35] 🔹 SYSTEM: Fleet heartbeat updated
[2026-07-08 20:12:36] 🔹 SYSTEM: Fleet heartbeat updated
[2026-07-08 20:13:37] 🔹 SYSTEM: Fleet heartbeat updated
[2026-07-08 20:14:38] 🔹 SYSTEM: Fleet heartbeat updated
[2026-07-08 20:15:39] 🔹 SYSTEM: Fleet heartbeat updated
[2026-07-08 20:16:41] 🔹 SYSTEM: Fleet heartbeat updated
[2026-07-08 20:17:22] 🔹 SYSTEM: Status check — Pending: 0, Running: 0
[2026-07-08 20:17:42] 🔹 SYSTEM: Fleet heartbeat updated
[2026-07-08 20:18:43] 🔹 SYSTEM: Fleet heartbeat updated
[2026-07-08 20:19:44] 🔹 SYSTEM: Fleet heartbeat updated
[2026-07-08 20:20:46] 🔹 SYSTEM: Fleet heartbeat updated
[2026-07-08 20:21:47] 🔹 SYSTEM: Fleet heartbeat updated
[2026-07-08 20:22:48] 🔹 SYSTEM: Fleet heartbeat updated
[2026-07-08 20:23:49] 🔹 SYSTEM: Fleet heartbeat updated
[2026-07-08 20:24:50] 🔹 SYSTEM: Fleet heartbeat updated
[2026-07-08 20:25:52] 🔹 SYSTEM: Fleet heartbeat updated
[2026-07-08 20:26:53] 🔹 SYSTEM: Fleet heartbeat updated
[2026-07-08 20:27:34] 🔹 SYSTEM: Status check — Pending: 0, Running: 0
[2026-07-08 20:27:54] 🔹 SYSTEM: Fleet heartbeat updated
[2026-07-08 20:28:55] 🔹 SYSTEM: Fleet heartbeat updated
[2026-07-08 20:29:56] 🔹 SYSTEM: Fleet heartbeat updated
[2026-07-08 20:30:58] 🔹 SYSTEM: Fleet heartbeat updated
[2026-07-08 20:31:59] 🔹 SYSTEM: Fleet heartbeat updated
[2026-07-08 20:33:00] 🔹 SYSTEM: Fleet heartbeat updated
[2026-07-08 20:34:01] 🔹 SYSTEM: Fleet heartbeat updated
[2026-07-08 20:35:03] 🔹 SYSTEM: Fleet heartbeat updated
[2026-07-08 20:36:04] 🔹 SYSTEM: Fleet heartbeat updated
[2026-07-08 20:37:05] 🔹 SYSTEM: Fleet heartbeat updated
[2026-07-08 20:37:46] 🔹 SYSTEM: Status check — Pending: 0, Running: 0
[2026-07-08 20:38:06] 🔹 SYSTEM: Fleet heartbeat updated
[2026-07-08 20:39:07] 🔹 SYSTEM: Fleet heartbeat updated
[2026-07-08 20:40:08] 🔹 SYSTEM: Fleet heartbeat updated
[2026-07-08 20:41:10] 🔹 SYSTEM: Fleet heartbeat updated
[2026-07-08 20:42:11] 🔹 SYSTEM: Fleet heartbeat updated
[2026-07-08 20:43:12] 🔹 SYSTEM: Fleet heartbeat updated
[2026-07-08 20:44:13] 🔹 SYSTEM: Fleet heartbeat updated
[2026-07-08 20:45:17] 🔹 SYSTEM: Fleet heartbeat updated
[2026-07-08 20:46:19] 🔹 SYSTEM: Fleet heartbeat updated
[2026-07-08 20:47:21] 🔹 SYSTEM: Fleet heartbeat updated
[2026-07-08 20:48:01] 🔹 SYSTEM: Status check — Pending: 0, Running: 0
[2026-07-08 20:48:22] 🔹 SYSTEM: Fleet heartbeat updated
[2026-07-08 20:49:23] 🔹 SYSTEM: Fleet heartbeat updated
[2026-07-08 20:50:24] 🔹 SYSTEM: Fleet heartbeat updated
[2026-07-08 20:51:25] 🔹 SYSTEM: Fleet heartbeat updated
[2026-07-08 20:52:26] 🔹 SYSTEM: Fleet heartbeat updated
[2026-07-08 20:53:28] 🔹 SYSTEM: Fleet heartbeat updated
[2026-07-08 20:54:29] 🔹 SYSTEM: Fleet heartbeat updated
[2026-07-08 20:55:30] 🔹 SYSTEM: Fleet heartbeat updated
[2026-07-08 20:56:31] 🔹 SYSTEM: Fleet heartbeat updated
[2026-07-08 20:57:33] 🔹 SYSTEM: Fleet heartbeat updated
[2026-07-08 20:58:14] 🔹 SYSTEM: Status check — Pending: 0, Running: 0
[2026-07-08 20:58:34] 🔹 SYSTEM: Fleet heartbeat updated
[2026-07-08 20:59:35] 🔹 SYSTEM: Fleet heartbeat updated
[2026-07-08 21:00:36] 🔹 SYSTEM: Fleet heartbeat updated
[2026-07-08 21:01:37] 🔹 SYSTEM: Fleet heartbeat updated
[2026-07-08 21:02:39] 🔹 SYSTEM: Fleet heartbeat updated
[2026-07-08 21:03:40] 🔹 SYSTEM: Fleet heartbeat updated
[2026-07-08 21:04:41] 🔹 SYSTEM: Fleet heartbeat updated
[2026-07-08 21:05:42] 🔹 SYSTEM: Fleet heartbeat updated
[2026-07-08 21:06:44] 🔹 SYSTEM: Fleet heartbeat updated
[2026-07-08 21:07:45] 🔹 SYSTEM: Fleet heartbeat updated
[2026-07-08 21:08:26] 🔹 SYSTEM: Status check — Pending: 0, Running: 0
[2026-07-08 21:08:46] 🔹 SYSTEM: Fleet heartbeat updated
[2026-07-08 21:09:48] 🔹 SYSTEM: Fleet heartbeat updated
[2026-07-08 21:10:49] 🔹 SYSTEM: Fleet heartbeat updated
[2026-07-08 21:11:50] 🔹 SYSTEM: Fleet heartbeat updated
[2026-07-08 21:12:51] 🔹 SYSTEM: Fleet heartbeat updated
[2026-07-08 21:13:52] 🔹 SYSTEM: Fleet heartbeat updated
[2026-07-08 21:14:53] 🔹 SYSTEM: Fleet heartbeat updated
[2026-07-08 21:15:54] 🔹 SYSTEM: Fleet heartbeat updated
[2026-07-08 21:16:56] 🔹 SYSTEM: Fleet heartbeat updated
[2026-07-08 21:17:57] 🔹 SYSTEM: Fleet heartbeat updated
[2026-07-08 21:18:37] 🔹 SYSTEM: Status check — Pending: 0, Running: 0
[2026-07-08 21:18:58] 🔹 SYSTEM: Fleet heartbeat updated
[2026-07-08 21:19:59] 🔹 SYSTEM: Fleet heartbeat updated
[2026-07-08 21:21:00] 🔹 SYSTEM: Fleet heartbeat updated
[2026-07-08 21:22:02] 🔹 SYSTEM: Fleet heartbeat updated
[2026-07-08 21:23:03] 🔹 SYSTEM: Fleet heartbeat updated
[2026-07-08 21:24:04] 🔹 SYSTEM: Fleet heartbeat updated
[2026-07-08 21:25:05] 🔹 SYSTEM: Fleet heartbeat updated
[2026-07-08 21:26:06] 🔹 SYSTEM: Fleet heartbeat updated
[2026-07-08 21:27:07] 🔹 SYSTEM: Fleet heartbeat updated
[2026-07-08 21:28:09] 🔹 SYSTEM: Fleet heartbeat updated
[2026-07-08 21:28:50] 🔹 SYSTEM: Status check — Pending: 0, Running: 0
[2026-07-08 21:29:10] 🔹 SYSTEM: Fleet heartbeat updated
[2026-07-08 21:30:11] 🔹 SYSTEM: Fleet heartbeat updated
[2026-07-08 21:31:12] 🔹 SYSTEM: Fleet heartbeat updated
[2026-07-08 21:32:14] 🔹 SYSTEM: Fleet heartbeat updated
[2026-07-08 21:33:15] 🔹 SYSTEM: Fleet heartbeat updated
[2026-07-08 21:34:16] 🔹 SYSTEM: Fleet heartbeat updated
[2026-07-08 21:35:17] 🔹 SYSTEM: Fleet heartbeat updated
[2026-07-08 21:36:19] 🔹 SYSTEM: Fleet heartbeat updated
[2026-07-08 21:37:20] 🔹 SYSTEM: Fleet heartbeat updated
[2026-07-08 21:38:21] 🔹 SYSTEM: Fleet heartbeat updated
[2026-07-08 21:39:02] 🔹 SYSTEM: Status check — Pending: 0, Running: 0
[2026-07-08 21:39:22] 🔹 SYSTEM: Fleet heartbeat updated
[2026-07-08 21:40:24] 🔹 SYSTEM: Fleet heartbeat updated
[2026-07-08 21:41:25] 🔹 SYSTEM: Fleet heartbeat updated
[2026-07-08 21:42:26] 🔹 SYSTEM: Fleet heartbeat updated
[2026-07-08 21:43:27] 🔹 SYSTEM: Fleet heartbeat updated
[2026-07-08 21:44:28] 🔹 SYSTEM: Fleet heartbeat updated
[2026-07-08 21:45:33] 🔹 SYSTEM: Fleet heartbeat updated
[2026-07-08 21:46:35] 🔹 SYSTEM: Fleet heartbeat updated
[2026-07-08 21:47:36] 🔹 SYSTEM: Fleet heartbeat updated
[2026-07-08 21:48:37] 🔹 SYSTEM: Fleet heartbeat updated
[2026-07-08 21:49:18] 🔹 SYSTEM: Status check — Pending: 0, Running: 0
[2026-07-08 21:49:38] 🔹 SYSTEM: Fleet heartbeat updated
[2026-07-08 21:50:40] 🔹 SYSTEM: Fleet heartbeat updated
[2026-07-08 21:51:41] 🔹 SYSTEM: Fleet heartbeat updated
[2026-07-08 21:52:43] 🔹 SYSTEM: Fleet heartbeat updated
[2026-07-08 21:53:44] 🔹 SYSTEM: Fleet heartbeat updated
[2026-07-08 21:54:45] 🔹 SYSTEM: Fleet heartbeat updated
[2026-07-08 21:55:46] 🔹 SYSTEM: Fleet heartbeat updated
[2026-07-08 21:56:47] 🔹 SYSTEM: Fleet heartbeat updated
[2026-07-08 21:57:49] 🔹 SYSTEM: Fleet heartbeat updated
[2026-07-08 21:58:50] 🔹 SYSTEM: Fleet heartbeat updated
[2026-07-08 21:59:31] 🔹 SYSTEM: Status check — Pending: 0, Running: 0
[2026-07-08 21:59:51] 🔹 SYSTEM: Fleet heartbeat updated
[2026-07-08 22:00:52] 🔹 SYSTEM: Fleet heartbeat updated
[2026-07-08 22:01:53] 🔹 SYSTEM: Fleet heartbeat updated
[2026-07-08 22:02:55] 🔹 SYSTEM: Fleet heartbeat updated
[2026-07-08 22:03:56] 🔹 SYSTEM: Fleet heartbeat updated
[2026-07-08 22:04:57] 🔹 SYSTEM: Fleet heartbeat updated
[2026-07-08 22:05:58] 🔹 SYSTEM: Fleet heartbeat updated
[2026-07-08 22:06:59] 🔹 SYSTEM: Fleet heartbeat updated
[2026-07-08 22:08:01] 🔹 SYSTEM: Fleet heartbeat updated
[2026-07-08 22:09:02] 🔹 SYSTEM: Fleet heartbeat updated
[2026-07-08 22:09:43] 🔹 SYSTEM: Status check — Pending: 0, Running: 0
[2026-07-08 22:10:03] 🔹 SYSTEM: Fleet heartbeat updated
[2026-07-08 22:11:04] 🔹 SYSTEM: Fleet heartbeat updated
[2026-07-08 22:12:05] 🔹 SYSTEM: Fleet heartbeat updated
[2026-07-08 22:13:07] 🔹 SYSTEM: Fleet heartbeat updated
[2026-07-08 22:14:08] 🔹 SYSTEM: Fleet heartbeat updated
[2026-07-08 22:15:09] 🔹 SYSTEM: Fleet heartbeat updated
[2026-07-08 22:16:10] 🔹 SYSTEM: Fleet heartbeat updated
[2026-07-08 22:17:12] 🔹 SYSTEM: Fleet heartbeat updated
[2026-07-08 22:18:13] 🔹 SYSTEM: Fleet heartbeat updated
[2026-07-08 22:19:14] 🔹 SYSTEM: Fleet heartbeat updated
[2026-07-08 22:19:55] 🔹 SYSTEM: Status check — Pending: 0, Running: 0
[2026-07-08 22:20:15] 🔹 SYSTEM: Fleet heartbeat updated
[2026-07-08 22:21:16] 🔹 SYSTEM: Fleet heartbeat updated
[2026-07-08 22:22:17] 🔹 SYSTEM: Fleet heartbeat updated
[2026-07-08 22:23:18] 🔹 SYSTEM: Fleet heartbeat updated
[2026-07-08 22:24:19] 🔹 SYSTEM: Fleet heartbeat updated
[2026-07-08 22:25:21] 🔹 SYSTEM: Fleet heartbeat updated
[2026-07-08 22:26:22] 🔹 SYSTEM: Fleet heartbeat updated
[2026-07-08 22:27:23] 🔹 SYSTEM: Fleet heartbeat updated
[2026-07-08 22:28:24] 🔹 SYSTEM: Fleet heartbeat updated
[2026-07-08 22:29:26] 🔹 SYSTEM: Fleet heartbeat updated
[2026-07-08 22:30:06] 🔹 SYSTEM: Status check — Pending: 0, Running: 0
[2026-07-08 22:30:27] 🔹 SYSTEM: Fleet heartbeat updated
[2026-07-08 22:31:28] 🔹 SYSTEM: Fleet heartbeat updated
[2026-07-08 22:32:29] 🔹 SYSTEM: Fleet heartbeat updated
[2026-07-08 22:33:30] 🔹 SYSTEM: Fleet heartbeat updated
[2026-07-08 22:34:31] 🔹 SYSTEM: Fleet heartbeat updated
[2026-07-08 22:35:32] 🔹 SYSTEM: Fleet heartbeat updated
[2026-07-08 22:36:33] 🔹 SYSTEM: Fleet heartbeat updated
[2026-07-08 22:37:34] 🔹 SYSTEM: Fleet heartbeat updated
[2026-07-08 22:38:35] 🔹 SYSTEM: Fleet heartbeat updated
[2026-07-08 22:39:37] 🔹 SYSTEM: Fleet heartbeat updated
[2026-07-08 22:40:17] 🔹 SYSTEM: Status check — Pending: 0, Running: 0
[2026-07-08 22:40:38] 🔹 SYSTEM: Fleet heartbeat updated
[2026-07-08 22:41:39] 🔹 SYSTEM: Fleet heartbeat updated
[2026-07-08 22:42:40] 🔹 SYSTEM: Fleet heartbeat updated
[2026-07-08 22:43:42] 🔹 SYSTEM: Fleet heartbeat updated
[2026-07-08 22:44:43] 🔹 SYSTEM: Fleet heartbeat updated
[2026-07-08 22:45:47] 🔹 SYSTEM: Fleet heartbeat updated
[2026-07-08 22:46:48] 🔹 SYSTEM: Fleet heartbeat updated
[2026-07-08 22:47:49] 🔹 SYSTEM: Fleet heartbeat updated
[2026-07-08 22:48:51] 🔹 SYSTEM: Fleet heartbeat updated
[2026-07-08 22:49:52] 🔹 SYSTEM: Fleet heartbeat updated
[2026-07-08 22:50:33] 🔹 SYSTEM: Status check — Pending: 0, Running: 0
[2026-07-08 22:50:53] 🔹 SYSTEM: Fleet heartbeat updated
[2026-07-08 22:51:54] 🔹 SYSTEM: Fleet heartbeat updated
[2026-07-08 22:52:55] 🔹 SYSTEM: Fleet heartbeat updated
[2026-07-08 22:53:57] 🔹 SYSTEM: Fleet heartbeat updated
[2026-07-08 22:54:58] 🔹 SYSTEM: Fleet heartbeat updated
[2026-07-08 22:55:59] 🔹 SYSTEM: Fleet heartbeat updated
[2026-07-08 22:57:00] 🔹 SYSTEM: Fleet heartbeat updated
[2026-07-08 22:58:01] 🔹 SYSTEM: Fleet heartbeat updated
[2026-07-08 22:59:02] 🔹 SYSTEM: Fleet heartbeat updated
[2026-07-08 23:00:04] 🔹 SYSTEM: Fleet heartbeat updated
[2026-07-08 23:00:44] 🔹 SYSTEM: Status check — Pending: 0, Running: 0
[2026-07-08 23:01:05] 🔹 SYSTEM: Fleet heartbeat updated
[2026-07-08 23:02:06] 🔹 SYSTEM: Fleet heartbeat updated
[2026-07-08 23:03:07] 🔹 SYSTEM: Fleet heartbeat updated
[2026-07-08 23:04:08] 🔹 SYSTEM: Fleet heartbeat updated
[2026-07-08 23:05:10] 🔹 SYSTEM: Fleet heartbeat updated
[2026-07-08 23:06:11] 🔹 SYSTEM: Fleet heartbeat updated
[2026-07-08 23:07:12] 🔹 SYSTEM: Fleet heartbeat updated
[2026-07-08 23:08:14] 🔹 SYSTEM: Fleet heartbeat updated
[2026-07-08 23:09:15] 🔹 SYSTEM: Fleet heartbeat updated
[2026-07-08 23:10:16] 🔹 SYSTEM: Fleet heartbeat updated
[2026-07-08 23:10:57] 🔹 SYSTEM: Status check — Pending: 0, Running: 0
[2026-07-08 23:11:17] 🔹 SYSTEM: Fleet heartbeat updated
[2026-07-08 23:12:18] 🔹 SYSTEM: Fleet heartbeat updated
[2026-07-08 23:13:19] 🔹 SYSTEM: Fleet heartbeat updated
[2026-07-08 23:14:21] 🔹 SYSTEM: Fleet heartbeat updated
[2026-07-08 23:15:22] 🔹 SYSTEM: Fleet heartbeat updated
[2026-07-08 23:16:23] 🔹 SYSTEM: Fleet heartbeat updated
[2026-07-08 23:17:25] 🔹 SYSTEM: Fleet heartbeat updated
[2026-07-08 23:18:26] 🔹 SYSTEM: Fleet heartbeat updated
[2026-07-08 23:19:27] 🔹 SYSTEM: Fleet heartbeat updated
[2026-07-08 23:20:28] 🔹 SYSTEM: Fleet heartbeat updated
[2026-07-08 23:21:09] 🔹 SYSTEM: Status check — Pending: 0, Running: 0
[2026-07-08 23:21:29] 🔹 SYSTEM: Fleet heartbeat updated
[2026-07-08 23:22:30] 🔹 SYSTEM: Fleet heartbeat updated
[2026-07-08 23:23:31] 🔹 SYSTEM: Fleet heartbeat updated
[2026-07-08 23:24:33] 🔹 SYSTEM: Fleet heartbeat updated
[2026-07-08 23:25:34] 🔹 SYSTEM: Fleet heartbeat updated
[2026-07-08 23:26:35] 🔹 SYSTEM: Fleet heartbeat updated
[2026-07-08 23:27:36] 🔹 SYSTEM: Fleet heartbeat updated
[2026-07-08 23:28:37] 🔹 SYSTEM: Fleet heartbeat updated
[2026-07-08 23:29:39] 🔹 SYSTEM: Fleet heartbeat updated
[2026-07-08 23:30:40] 🔹 SYSTEM: Fleet heartbeat updated
[2026-07-08 23:31:21] 🔹 SYSTEM: Status check — Pending: 0, Running: 0
[2026-07-08 23:31:41] 🔹 SYSTEM: Fleet heartbeat updated
[2026-07-08 23:32:42] 🔹 SYSTEM: Fleet heartbeat updated
[2026-07-08 23:33:44] 🔹 SYSTEM: Fleet heartbeat updated
[2026-07-08 23:34:45] 🔹 SYSTEM: Fleet heartbeat updated
[2026-07-08 23:35:46] 🔹 SYSTEM: Fleet heartbeat updated
[2026-07-08 23:36:47] 🔹 SYSTEM: Fleet heartbeat updated
[2026-07-08 23:37:48] 🔹 SYSTEM: Fleet heartbeat updated
[2026-07-08 23:38:50] 🔹 SYSTEM: Fleet heartbeat updated
[2026-07-08 23:39:51] 🔹 SYSTEM: Fleet heartbeat updated
[2026-07-08 23:40:52] 🔹 SYSTEM: Fleet heartbeat updated
[2026-07-08 23:41:33] 🔹 SYSTEM: Status check — Pending: 0, Running: 0
[2026-07-08 23:41:53] 🔹 SYSTEM: Fleet heartbeat updated
[2026-07-08 23:42:54] 🔹 SYSTEM: Fleet heartbeat updated
[2026-07-08 23:43:56] 🔹 SYSTEM: Fleet heartbeat updated
[2026-07-08 23:44:57] 🔹 SYSTEM: Fleet heartbeat updated
[2026-07-08 23:45:58] 🔹 SYSTEM: Fleet heartbeat updated
[2026-07-08 23:46:58] 🔹 SYSTEM: Fleet heartbeat updated
[2026-07-08 23:48:00] 🔹 SYSTEM: Fleet heartbeat updated
[2026-07-08 23:49:01] 🔹 SYSTEM: Fleet heartbeat updated
[2026-07-08 23:50:02] 🔹 SYSTEM: Fleet heartbeat updated
[2026-07-08 23:51:03] 🔹 SYSTEM: Fleet heartbeat updated
[2026-07-08 23:51:44] 🔹 SYSTEM: Status check — Pending: 0, Running: 0
[2026-07-08 23:52:04] 🔹 SYSTEM: Fleet heartbeat updated
[2026-07-08 23:53:05] 🔹 SYSTEM: Fleet heartbeat updated
[2026-07-08 23:54:06] 🔹 SYSTEM: Fleet heartbeat updated
[2026-07-08 23:55:08] 🔹 SYSTEM: Fleet heartbeat updated
[2026-07-08 23:56:09] 🔹 SYSTEM: Fleet heartbeat updated
[2026-07-08 23:57:10] 🔹 SYSTEM: Fleet heartbeat updated
[2026-07-08 23:58:11] 🔹 SYSTEM: Fleet heartbeat updated
[2026-07-08 23:59:12] 🔹 SYSTEM: Fleet heartbeat updated
[2026-07-09 00:00:13] 🔹 SYSTEM: Fleet heartbeat updated
[2026-07-09 00:01:14] 🔹 SYSTEM: Fleet heartbeat updated
[2026-07-09 00:01:55] 🔹 SYSTEM: Status check — Pending: 0, Running: 0
[2026-07-09 00:02:16] 🔹 SYSTEM: Fleet heartbeat updated
[2026-07-09 00:03:17] 🔹 SYSTEM: Fleet heartbeat updated
[2026-07-09 00:04:18] 🔹 SYSTEM: Fleet heartbeat updated
[2026-07-09 00:05:19] 🔹 SYSTEM: Fleet heartbeat updated
[2026-07-09 00:06:20] 🔹 SYSTEM: Fleet heartbeat updated
[2026-07-09 00:07:21] 🔹 SYSTEM: Fleet heartbeat updated
[2026-07-09 00:08:23] 🔹 SYSTEM: Fleet heartbeat updated
[2026-07-09 00:09:24] 🔹 SYSTEM: Fleet heartbeat updated
[2026-07-09 00:10:25] 🔹 SYSTEM: Fleet heartbeat updated
[2026-07-09 00:11:26] 🔹 SYSTEM: Fleet heartbeat updated
[2026-07-09 00:12:07] 🔹 SYSTEM: Status check — Pending: 0, Running: 0
[2026-07-09 00:12:28] 🔹 SYSTEM: Fleet heartbeat updated
[2026-07-09 00:13:29] 🔹 SYSTEM: Fleet heartbeat updated
[2026-07-09 00:14:30] 🔹 SYSTEM: Fleet heartbeat updated
[2026-07-09 00:15:31] 🔹 SYSTEM: Fleet heartbeat updated
[2026-07-09 00:16:33] 🔹 SYSTEM: Fleet heartbeat updated
[2026-07-09 00:17:34] 🔹 SYSTEM: Fleet heartbeat updated
[2026-07-09 00:18:35] 🔹 SYSTEM: Fleet heartbeat updated
[2026-07-09 00:19:36] 🔹 SYSTEM: Fleet heartbeat updated
[2026-07-09 00:20:37] 🔹 SYSTEM: Fleet heartbeat updated
[2026-07-09 00:21:38] 🔹 SYSTEM: Fleet heartbeat updated
[2026-07-09 00:22:19] 🔹 SYSTEM: Status check — Pending: 0, Running: 0
[2026-07-09 00:22:40] 🔹 SYSTEM: Fleet heartbeat updated
[2026-07-09 00:23:41] 🔹 SYSTEM: Fleet heartbeat updated
[2026-07-09 00:24:42] 🔹 SYSTEM: Fleet heartbeat updated
[2026-07-09 00:25:43] 🔹 SYSTEM: Fleet heartbeat updated
[2026-07-09 00:26:44] 🔹 SYSTEM: Fleet heartbeat updated
[2026-07-09 00:27:46] 🔹 SYSTEM: Fleet heartbeat updated
[2026-07-09 00:28:47] 🔹 SYSTEM: Fleet heartbeat updated
[2026-07-09 00:29:48] 🔹 SYSTEM: Fleet heartbeat updated
[2026-07-09 00:30:49] 🔹 SYSTEM: Fleet heartbeat updated
[2026-07-09 00:31:50] 🔹 SYSTEM: Fleet heartbeat updated
[2026-07-09 00:32:31] 🔹 SYSTEM: Status check — Pending: 0, Running: 0
[2026-07-09 00:32:52] 🔹 SYSTEM: Fleet heartbeat updated
[2026-07-09 00:33:53] 🔹 SYSTEM: Fleet heartbeat updated
[2026-07-09 00:34:54] 🔹 SYSTEM: Fleet heartbeat updated
[2026-07-09 00:35:55] 🔹 SYSTEM: Fleet heartbeat updated
[2026-07-09 00:36:57] 🔹 SYSTEM: Fleet heartbeat updated
[2026-07-09 00:37:58] 🔹 SYSTEM: Fleet heartbeat updated
[2026-07-09 00:38:59] 🔹 SYSTEM: Fleet heartbeat updated
[2026-07-09 00:40:00] 🔹 SYSTEM: Fleet heartbeat updated
[2026-07-09 00:41:01] 🔹 SYSTEM: Fleet heartbeat updated
[2026-07-09 00:42:03] 🔹 SYSTEM: Fleet heartbeat updated
[2026-07-09 00:42:44] 🔹 SYSTEM: Status check — Pending: 0, Running: 0
[2026-07-09 00:43:04] 🔹 SYSTEM: Fleet heartbeat updated
[2026-07-09 00:44:05] 🔹 SYSTEM: Fleet heartbeat updated
[2026-07-09 00:45:09] 🔹 SYSTEM: Fleet heartbeat updated
[2026-07-09 00:46:10] 🔹 SYSTEM: Fleet heartbeat updated
[2026-07-09 00:47:11] 🔹 SYSTEM: Fleet heartbeat updated
[2026-07-09 00:48:12] 🔹 SYSTEM: Fleet heartbeat updated
[2026-07-09 00:49:13] 🔹 SYSTEM: Fleet heartbeat updated
[2026-07-09 00:50:15] 🔹 SYSTEM: Fleet heartbeat updated
[2026-07-09 00:51:16] 🔹 SYSTEM: Fleet heartbeat updated
[2026-07-09 00:52:17] 🔹 SYSTEM: Fleet heartbeat updated
[2026-07-09 00:52:58] 🔹 SYSTEM: Status check — Pending: 0, Running: 0
[2026-07-09 00:53:18] 🔹 SYSTEM: Fleet heartbeat updated
[2026-07-09 00:54:19] 🔹 SYSTEM: Fleet heartbeat updated
[2026-07-09 00:55:20] 🔹 SYSTEM: Fleet heartbeat updated
[2026-07-09 00:56:22] 🔹 SYSTEM: Fleet heartbeat updated
[2026-07-09 00:57:23] 🔹 SYSTEM: Fleet heartbeat updated
[2026-07-09 00:58:24] 🔹 SYSTEM: Fleet heartbeat updated
[2026-07-09 00:59:25] 🔹 SYSTEM: Fleet heartbeat updated
[2026-07-09 01:00:26] 🔹 SYSTEM: Fleet heartbeat updated
[2026-07-09 01:01:28] 🔹 SYSTEM: Fleet heartbeat updated
[2026-07-09 01:02:29] 🔹 SYSTEM: Fleet heartbeat updated
[2026-07-09 01:03:10] 🔹 SYSTEM: Status check — Pending: 0, Running: 0
[2026-07-09 01:03:30] 🔹 SYSTEM: Fleet heartbeat updated
[2026-07-09 01:04:31] 🔹 SYSTEM: Fleet heartbeat updated
[2026-07-09 01:05:33] 🔹 SYSTEM: Fleet heartbeat updated
[2026-07-09 01:06:34] 🔹 SYSTEM: Fleet heartbeat updated
[2026-07-09 01:07:35] 🔹 SYSTEM: Fleet heartbeat updated
[2026-07-09 01:08:37] 🔹 SYSTEM: Fleet heartbeat updated
[2026-07-09 01:09:38] 🔹 SYSTEM: Fleet heartbeat updated
[2026-07-09 01:10:39] 🔹 SYSTEM: Fleet heartbeat updated
[2026-07-09 01:11:40] 🔹 SYSTEM: Fleet heartbeat updated
[2026-07-09 01:12:41] 🔹 SYSTEM: Fleet heartbeat updated
[2026-07-09 01:13:22] 🔹 SYSTEM: Status check — Pending: 0, Running: 0
[2026-07-09 01:13:43] 🔹 SYSTEM: Fleet heartbeat updated
[2026-07-09 01:14:44] 🔹 SYSTEM: Fleet heartbeat updated
[2026-07-09 01:15:45] 🔹 SYSTEM: Fleet heartbeat updated
[2026-07-09 01:16:46] 🔹 SYSTEM: Fleet heartbeat updated
[2026-07-09 01:17:48] 🔹 SYSTEM: Fleet heartbeat updated
[2026-07-09 01:18:49] 🔹 SYSTEM: Fleet heartbeat updated
[2026-07-09 01:19:50] 🔹 SYSTEM: Fleet heartbeat updated
[2026-07-09 01:20:51] 🔹 SYSTEM: Fleet heartbeat updated
[2026-07-09 01:21:52] 🔹 SYSTEM: Fleet heartbeat updated
[2026-07-09 01:22:53] 🔹 SYSTEM: Fleet heartbeat updated
[2026-07-09 01:23:34] 🔹 SYSTEM: Status check — Pending: 0, Running: 0
[2026-07-09 01:23:54] 🔹 SYSTEM: Fleet heartbeat updated
[2026-07-09 01:24:56] 🔹 SYSTEM: Fleet heartbeat updated
[2026-07-09 01:25:57] 🔹 SYSTEM: Fleet heartbeat updated
[2026-07-09 01:26:58] 🔹 SYSTEM: Fleet heartbeat updated
[2026-07-09 01:27:59] 🔹 SYSTEM: Fleet heartbeat updated
[2026-07-09 01:29:01] 🔹 SYSTEM: Fleet heartbeat updated
[2026-07-09 01:30:02] 🔹 SYSTEM: Fleet heartbeat updated
[2026-07-09 01:31:03] 🔹 SYSTEM: Fleet heartbeat updated
[2026-07-09 01:32:04] 🔹 SYSTEM: Fleet heartbeat updated
[2026-07-09 01:33:06] 🔹 SYSTEM: Fleet heartbeat updated
[2026-07-09 01:33:46] 🔹 SYSTEM: Status check — Pending: 0, Running: 0
[2026-07-09 01:34:07] 🔹 SYSTEM: Fleet heartbeat updated
[2026-07-09 01:35:08] 🔹 SYSTEM: Fleet heartbeat updated
[2026-07-09 01:36:09] 🔹 SYSTEM: Fleet heartbeat updated
[2026-07-09 01:37:10] 🔹 SYSTEM: Fleet heartbeat updated
[2026-07-09 01:38:11] 🔹 SYSTEM: Fleet heartbeat updated
[2026-07-09 01:39:13] 🔹 SYSTEM: Fleet heartbeat updated
[2026-07-09 01:40:14] 🔹 SYSTEM: Fleet heartbeat updated
[2026-07-09 01:41:15] 🔹 SYSTEM: Fleet heartbeat updated
[2026-07-09 01:42:16] 🔹 SYSTEM: Fleet heartbeat updated
[2026-07-09 01:43:17] 🔹 SYSTEM: Fleet heartbeat updated
[2026-07-09 01:43:58] 🔹 SYSTEM: Status check — Pending: 0, Running: 0
[2026-07-09 01:44:18] 🔹 SYSTEM: Fleet heartbeat updated
[2026-07-09 01:45:19] 🔹 SYSTEM: Fleet heartbeat updated
[2026-07-09 01:46:21] 🔹 SYSTEM: Fleet heartbeat updated
[2026-07-09 01:47:22] 🔹 SYSTEM: Fleet heartbeat updated
[2026-07-09 01:48:23] 🔹 SYSTEM: Fleet heartbeat updated
[2026-07-09 01:49:24] 🔹 SYSTEM: Fleet heartbeat updated
[2026-07-09 01:50:25] 🔹 SYSTEM: Fleet heartbeat updated
[2026-07-09 01:51:27] 🔹 SYSTEM: Fleet heartbeat updated
[2026-07-09 01:52:28] 🔹 SYSTEM: Fleet heartbeat updated
[2026-07-09 01:53:29] 🔹 SYSTEM: Fleet heartbeat updated
[2026-07-09 01:54:09] 🔹 SYSTEM: Status check — Pending: 0, Running: 0
[2026-07-09 01:54:30] 🔹 SYSTEM: Fleet heartbeat updated
[2026-07-09 01:55:31] 🔹 SYSTEM: Fleet heartbeat updated
[2026-07-09 01:56:32] 🔹 SYSTEM: Fleet heartbeat updated
[2026-07-09 01:57:33] 🔹 SYSTEM: Fleet heartbeat updated
[2026-07-09 01:58:35] 🔹 SYSTEM: Fleet heartbeat updated
[2026-07-09 01:59:36] 🔹 SYSTEM: Fleet heartbeat updated
[2026-07-09 02:00:37] 🔹 SYSTEM: Fleet heartbeat updated
[2026-07-09 02:01:38] 🔹 SYSTEM: Fleet heartbeat updated
[2026-07-09 02:02:40] 🔹 SYSTEM: Fleet heartbeat updated
[2026-07-09 02:03:41] 🔹 SYSTEM: Fleet heartbeat updated
[2026-07-09 02:04:22] 🔹 SYSTEM: Status check — Pending: 0, Running: 0
[2026-07-09 02:04:42] 🔹 SYSTEM: Fleet heartbeat updated
[2026-07-09 02:05:43] 🔹 SYSTEM: Fleet heartbeat updated
[2026-07-09 02:06:44] 🔹 SYSTEM: Fleet heartbeat updated
[2026-07-09 02:07:46] 🔹 SYSTEM: Fleet heartbeat updated
[2026-07-09 02:08:47] 🔹 SYSTEM: Fleet heartbeat updated
[2026-07-09 02:09:48] 🔹 SYSTEM: Fleet heartbeat updated
[2026-07-09 02:10:49] 🔹 SYSTEM: Fleet heartbeat updated
[2026-07-09 02:11:50] 🔹 SYSTEM: Fleet heartbeat updated
[2026-07-09 02:12:51] 🔹 SYSTEM: Fleet heartbeat updated
[2026-07-09 02:13:52] 🔹 SYSTEM: Fleet heartbeat updated
[2026-07-09 02:14:33] 🔹 SYSTEM: Status check — Pending: 0, Running: 0
[2026-07-09 02:14:54] 🔹 SYSTEM: Fleet heartbeat updated
[2026-07-09 02:15:55] 🔹 SYSTEM: Fleet heartbeat updated
[2026-07-09 02:16:56] 🔹 SYSTEM: Fleet heartbeat updated
[2026-07-09 02:17:57] 🔹 SYSTEM: Fleet heartbeat updated
[2026-07-09 02:18:58] 🔹 SYSTEM: Fleet heartbeat updated
[2026-07-09 02:19:59] 🔹 SYSTEM: Fleet heartbeat updated
[2026-07-09 02:21:00] 🔹 SYSTEM: Fleet heartbeat updated
[2026-07-09 02:22:02] 🔹 SYSTEM: Fleet heartbeat updated
[2026-07-09 02:23:03] 🔹 SYSTEM: Fleet heartbeat updated
[2026-07-09 02:24:04] 🔹 SYSTEM: Fleet heartbeat updated
[2026-07-09 02:24:45] 🔹 SYSTEM: Status check — Pending: 0, Running: 0
[2026-07-09 02:25:05] 🔹 SYSTEM: Fleet heartbeat updated
[2026-07-09 02:26:06] 🔹 SYSTEM: Fleet heartbeat updated
[2026-07-09 02:27:07] 🔹 SYSTEM: Fleet heartbeat updated
[2026-07-09 02:28:09] 🔹 SYSTEM: Fleet heartbeat updated
[2026-07-09 02:29:10] 🔹 SYSTEM: Fleet heartbeat updated
[2026-07-09 02:30:11] 🔹 SYSTEM: Fleet heartbeat updated
[2026-07-09 02:31:12] 🔹 SYSTEM: Fleet heartbeat updated
[2026-07-09 02:32:13] 🔹 SYSTEM: Fleet heartbeat updated
[2026-07-09 02:33:14] 🔹 SYSTEM: Fleet heartbeat updated
[2026-07-09 02:34:15] 🔹 SYSTEM: Fleet heartbeat updated
[2026-07-09 02:34:56] 🔹 SYSTEM: Status check — Pending: 0, Running: 0
[2026-07-09 02:35:17] 🔹 SYSTEM: Fleet heartbeat updated
[2026-07-09 02:36:18] 🔹 SYSTEM: Fleet heartbeat updated
[2026-07-09 02:37:19] 🔹 SYSTEM: Fleet heartbeat updated
[2026-07-09 02:38:20] 🔹 SYSTEM: Fleet heartbeat updated
[2026-07-09 02:39:21] 🔹 SYSTEM: Fleet heartbeat updated
[2026-07-09 02:40:22] 🔹 SYSTEM: Fleet heartbeat updated
[2026-07-09 02:41:24] 🔹 SYSTEM: Fleet heartbeat updated
[2026-07-09 02:42:25] 🔹 SYSTEM: Fleet heartbeat updated
[2026-07-09 02:43:26] 🔹 SYSTEM: Fleet heartbeat updated
[2026-07-09 02:44:28] 🔹 SYSTEM: Fleet heartbeat updated
[2026-07-09 02:45:12] 🔹 SYSTEM: Status check — Pending: 0, Running: 0
[2026-07-09 02:45:33] 🔹 SYSTEM: Fleet heartbeat updated
[2026-07-09 02:46:34] 🔹 SYSTEM: Fleet heartbeat updated
[2026-07-09 02:47:35] 🔹 SYSTEM: Fleet heartbeat updated
[2026-07-09 02:48:36] 🔹 SYSTEM: Fleet heartbeat updated
[2026-07-09 02:49:37] 🔹 SYSTEM: Fleet heartbeat updated
[2026-07-09 02:50:38] 🔹 SYSTEM: Fleet heartbeat updated
[2026-07-09 02:51:40] 🔹 SYSTEM: Fleet heartbeat updated
[2026-07-09 02:52:41] 🔹 SYSTEM: Fleet heartbeat updated
[2026-07-09 02:53:42] 🔹 SYSTEM: Fleet heartbeat updated
[2026-07-09 02:54:43] 🔹 SYSTEM: Fleet heartbeat updated
[2026-07-09 02:55:24] 🔹 SYSTEM: Status check — Pending: 0, Running: 0
[2026-07-09 02:55:45] 🔹 SYSTEM: Fleet heartbeat updated
[2026-07-09 02:56:46] 🔹 SYSTEM: Fleet heartbeat updated
[2026-07-09 02:57:47] 🔹 SYSTEM: Fleet heartbeat updated
[2026-07-09 02:58:48] 🔹 SYSTEM: Fleet heartbeat updated
[2026-07-09 02:59:50] 🔹 SYSTEM: Fleet heartbeat updated
[2026-07-09 03:00:51] 🔹 SYSTEM: Fleet heartbeat updated
[2026-07-09 03:01:52] 🔹 SYSTEM: Fleet heartbeat updated
[2026-07-09 03:02:53] 🔹 SYSTEM: Fleet heartbeat updated
[2026-07-09 03:03:54] 🔹 SYSTEM: Fleet heartbeat updated
[2026-07-09 03:04:55] 🔹 SYSTEM: Fleet heartbeat updated
[2026-07-09 03:05:36] 🔹 SYSTEM: Status check — Pending: 0, Running: 0
[2026-07-09 03:05:57] 🔹 SYSTEM: Fleet heartbeat updated
[2026-07-09 03:06:58] 🔹 SYSTEM: Fleet heartbeat updated
[2026-07-09 03:08:00] 🔹 SYSTEM: Fleet heartbeat updated
[2026-07-09 03:09:01] 🔹 SYSTEM: Fleet heartbeat updated
[2026-07-09 03:10:03] 🔹 SYSTEM: Fleet heartbeat updated
[2026-07-09 03:11:04] 🔹 SYSTEM: Fleet heartbeat updated
[2026-07-09 03:12:05] 🔹 SYSTEM: Fleet heartbeat updated
[2026-07-09 03:13:06] 🔹 SYSTEM: Fleet heartbeat updated
[2026-07-09 03:14:08] 🔹 SYSTEM: Fleet heartbeat updated
[2026-07-09 03:15:10] 🔹 SYSTEM: Fleet heartbeat updated
[2026-07-09 03:15:50] 🔹 SYSTEM: Status check — Pending: 0, Running: 0
[2026-07-09 03:16:11] 🔹 SYSTEM: Fleet heartbeat updated
[2026-07-09 03:17:12] 🔹 SYSTEM: Fleet heartbeat updated
[2026-07-09 03:18:13] 🔹 SYSTEM: Fleet heartbeat updated
[2026-07-09 03:19:14] 🔹 SYSTEM: Fleet heartbeat updated
[2026-07-09 03:20:15] 🔹 SYSTEM: Fleet heartbeat updated
[2026-07-09 03:21:17] 🔹 SYSTEM: Fleet heartbeat updated
[2026-07-09 03:22:18] 🔹 SYSTEM: Fleet heartbeat updated
[2026-07-09 03:23:19] 🔹 SYSTEM: Fleet heartbeat updated
[2026-07-09 03:24:20] 🔹 SYSTEM: Fleet heartbeat updated
[2026-07-09 03:25:21] 🔹 SYSTEM: Fleet heartbeat updated
[2026-07-09 03:26:02] 🔹 SYSTEM: Status check — Pending: 0, Running: 0
[2026-07-09 03:26:23] 🔹 SYSTEM: Fleet heartbeat updated
[2026-07-09 03:27:24] 🔹 SYSTEM: Fleet heartbeat updated
[2026-07-09 03:28:25] 🔹 SYSTEM: Fleet heartbeat updated
[2026-07-09 03:29:27] 🔹 SYSTEM: Fleet heartbeat updated
[2026-07-09 03:30:28] 🔹 SYSTEM: Fleet heartbeat updated
[2026-07-09 03:31:29] 🔹 SYSTEM: Fleet heartbeat updated
[2026-07-09 03:32:30] 🔹 SYSTEM: Fleet heartbeat updated
[2026-07-09 03:33:31] 🔹 SYSTEM: Fleet heartbeat updated
[2026-07-09 03:34:32] 🔹 SYSTEM: Fleet heartbeat updated
[2026-07-09 03:35:34] 🔹 SYSTEM: Fleet heartbeat updated
[2026-07-09 03:36:14] 🔹 SYSTEM: Status check — Pending: 0, Running: 0
[2026-07-09 03:36:35] 🔹 SYSTEM: Fleet heartbeat updated
[2026-07-09 03:37:36] 🔹 SYSTEM: Fleet heartbeat updated
[2026-07-09 03:38:37] 🔹 SYSTEM: Fleet heartbeat updated
[2026-07-09 03:39:38] 🔹 SYSTEM: Fleet heartbeat updated
[2026-07-09 03:40:39] 🔹 SYSTEM: Fleet heartbeat updated
[2026-07-09 03:41:41] 🔹 SYSTEM: Fleet heartbeat updated
[2026-07-09 03:42:42] 🔹 SYSTEM: Fleet heartbeat updated
[2026-07-09 03:43:43] 🔹 SYSTEM: Fleet heartbeat updated
[2026-07-09 03:44:48] 🔹 SYSTEM: Fleet heartbeat updated
[2026-07-09 03:45:54] 🔹 SYSTEM: Fleet heartbeat updated
[2026-07-09 03:46:34] 🔹 SYSTEM: Status check — Pending: 0, Running: 0
[2026-07-09 03:46:55] 🔹 SYSTEM: Fleet heartbeat updated
[2026-07-09 03:47:56] 🔹 SYSTEM: Fleet heartbeat updated
[2026-07-09 03:48:57] 🔹 SYSTEM: Fleet heartbeat updated
[2026-07-09 03:49:59] 🔹 SYSTEM: Fleet heartbeat updated
[2026-07-09 03:51:00] 🔹 SYSTEM: Fleet heartbeat updated
[2026-07-09 03:52:01] 🔹 SYSTEM: Fleet heartbeat updated
[2026-07-09 03:53:02] 🔹 SYSTEM: Fleet heartbeat updated
[2026-07-09 03:54:03] 🔹 SYSTEM: Fleet heartbeat updated
[2026-07-09 03:55:05] 🔹 SYSTEM: Fleet heartbeat updated
[2026-07-09 03:56:06] 🔹 SYSTEM: Fleet heartbeat updated
[2026-07-09 03:56:47] 🔹 SYSTEM: Status check — Pending: 0, Running: 0
[2026-07-09 03:57:07] 🔹 SYSTEM: Fleet heartbeat updated
[2026-07-09 03:58:08] 🔹 SYSTEM: Fleet heartbeat updated
[2026-07-09 03:59:09] 🔹 SYSTEM: Fleet heartbeat updated
[2026-07-09 04:00:11] 🔹 SYSTEM: Fleet heartbeat updated
[2026-07-09 04:01:12] 🔹 SYSTEM: Fleet heartbeat updated
[2026-07-09 04:02:13] 🔹 SYSTEM: Fleet heartbeat updated
[2026-07-09 04:03:14] 🔹 SYSTEM: Fleet heartbeat updated
[2026-07-09 04:04:15] 🔹 SYSTEM: Fleet heartbeat updated
[2026-07-09 04:05:17] 🔹 SYSTEM: Fleet heartbeat updated
[2026-07-09 04:06:18] 🔹 SYSTEM: Fleet heartbeat updated
[2026-07-09 04:06:59] 🔹 SYSTEM: Status check — Pending: 0, Running: 0
[2026-07-09 04:07:19] 🔹 SYSTEM: Fleet heartbeat updated
[2026-07-09 04:08:20] 🔹 SYSTEM: Fleet heartbeat updated
[2026-07-09 04:09:21] 🔹 SYSTEM: Fleet heartbeat updated
[2026-07-09 04:10:23] 🔹 SYSTEM: Fleet heartbeat updated
[2026-07-09 04:11:24] 🔹 SYSTEM: Fleet heartbeat updated
[2026-07-09 04:12:25] 🔹 SYSTEM: Fleet heartbeat updated
[2026-07-09 04:13:26] 🔹 SYSTEM: Fleet heartbeat updated
[2026-07-09 04:14:27] 🔹 SYSTEM: Fleet heartbeat updated
[2026-07-09 04:15:28] 🔹 SYSTEM: Fleet heartbeat updated
[2026-07-09 04:16:30] 🔹 SYSTEM: Fleet heartbeat updated
[2026-07-09 04:17:10] 🔹 SYSTEM: Status check — Pending: 0, Running: 0
[2026-07-09 04:17:31] 🔹 SYSTEM: Fleet heartbeat updated
[2026-07-09 04:18:32] 🔹 SYSTEM: Fleet heartbeat updated
[2026-07-09 04:19:33] 🔹 SYSTEM: Fleet heartbeat updated
[2026-07-09 04:20:34] 🔹 SYSTEM: Fleet heartbeat updated
[2026-07-09 04:21:35] 🔹 SYSTEM: Fleet heartbeat updated
[2026-07-09 04:22:36] 🔹 SYSTEM: Fleet heartbeat updated
[2026-07-09 04:23:37] 🔹 SYSTEM: Fleet heartbeat updated
[2026-07-09 04:24:38] 🔹 SYSTEM: Fleet heartbeat updated
[2026-07-09 04:25:39] 🔹 SYSTEM: Fleet heartbeat updated
[2026-07-09 04:26:40] 🔹 SYSTEM: Fleet heartbeat updated
[2026-07-09 04:27:21] 🔹 SYSTEM: Status check — Pending: 0, Running: 0
[2026-07-09 04:27:41] 🔹 SYSTEM: Fleet heartbeat updated
[2026-07-09 04:28:42] 🔹 SYSTEM: Fleet heartbeat updated
[2026-07-09 04:29:43] 🔹 SYSTEM: Fleet heartbeat updated
[2026-07-09 04:30:44] 🔹 SYSTEM: Fleet heartbeat updated
[2026-07-09 04:31:44] 🔹 SYSTEM: Fleet heartbeat updated
[2026-07-09 04:32:45] 🔹 SYSTEM: Fleet heartbeat updated
[2026-07-09 04:33:46] 🔹 SYSTEM: Fleet heartbeat updated
[2026-07-09 04:34:47] 🔹 SYSTEM: Fleet heartbeat updated
[2026-07-09 04:35:48] 🔹 SYSTEM: Fleet heartbeat updated
[2026-07-09 04:36:49] 🔹 SYSTEM: Fleet heartbeat updated
[2026-07-09 04:37:29] 🔹 SYSTEM: Status check — Pending: 0, Running: 0
[2026-07-09 04:37:50] 🔹 SYSTEM: Fleet heartbeat updated
[2026-07-09 04:38:51] 🔹 SYSTEM: Fleet heartbeat updated
[2026-07-09 04:39:52] 🔹 SYSTEM: Fleet heartbeat updated
[2026-07-09 04:40:53] 🔹 SYSTEM: Fleet heartbeat updated
[2026-07-09 04:41:53] 🔹 SYSTEM: Fleet heartbeat updated
[2026-07-09 04:42:54] 🔹 SYSTEM: Fleet heartbeat updated
[2026-07-09 04:43:55] 🔹 SYSTEM: Fleet heartbeat updated
[2026-07-09 04:45:09] 🔹 SYSTEM: Fleet heartbeat updated
[2026-07-09 04:46:13] 🔹 SYSTEM: Fleet heartbeat updated
[2026-07-09 04:47:14] 🔹 SYSTEM: Fleet heartbeat updated
[2026-07-09 04:47:55] 🔹 SYSTEM: Status check — Pending: 0, Running: 0
[2026-07-09 04:48:15] 🔹 SYSTEM: Fleet heartbeat updated
[2026-07-09 04:49:16] 🔹 SYSTEM: Fleet heartbeat updated
[2026-07-09 04:50:17] 🔹 SYSTEM: Fleet heartbeat updated
[2026-07-09 04:51:18] 🔹 SYSTEM: Fleet heartbeat updated
[2026-07-09 04:52:19] 🔹 SYSTEM: Fleet heartbeat updated
[2026-07-09 04:53:19] 🔹 SYSTEM: Fleet heartbeat updated
[2026-07-09 04:54:20] 🔹 SYSTEM: Fleet heartbeat updated
[2026-07-09 04:55:21] 🔹 SYSTEM: Fleet heartbeat updated
[2026-07-09 04:56:22] 🔹 SYSTEM: Fleet heartbeat updated
[2026-07-09 04:57:23] 🔹 SYSTEM: Fleet heartbeat updated
[2026-07-09 04:58:04] 🔹 SYSTEM: Status check — Pending: 0, Running: 0
[2026-07-09 04:58:24] 🔹 SYSTEM: Fleet heartbeat updated
[2026-07-09 04:59:25] 🔹 SYSTEM: Fleet heartbeat updated
[2026-07-09 05:00:26] 🔹 SYSTEM: Fleet heartbeat updated
[2026-07-09 05:01:27] 🔹 SYSTEM: Fleet heartbeat updated
[2026-07-09 05:02:28] 🔹 SYSTEM: Fleet heartbeat updated
[2026-07-09 05:03:29] 🔹 SYSTEM: Fleet heartbeat updated
[2026-07-09 05:04:29] 🔹 SYSTEM: Fleet heartbeat updated
[2026-07-09 05:05:30] 🔹 SYSTEM: Fleet heartbeat updated
[2026-07-09 05:06:31] 🔹 SYSTEM: Fleet heartbeat updated
[2026-07-09 05:07:32] 🔹 SYSTEM: Fleet heartbeat updated
[2026-07-09 05:08:13] 🔹 SYSTEM: Status check — Pending: 0, Running: 0
[2026-07-09 05:08:33] 🔹 SYSTEM: Fleet heartbeat updated
[2026-07-09 05:09:34] 🔹 SYSTEM: Fleet heartbeat updated
[2026-07-09 05:10:35] 🔹 SYSTEM: Fleet heartbeat updated
[2026-07-09 05:11:36] 🔹 SYSTEM: Fleet heartbeat updated
[2026-07-09 05:12:36] 🔹 SYSTEM: Fleet heartbeat updated
[2026-07-09 05:13:37] 🔹 SYSTEM: Fleet heartbeat updated
[2026-07-09 05:14:38] 🔹 SYSTEM: Fleet heartbeat updated
[2026-07-09 05:15:39] 🔹 SYSTEM: Fleet heartbeat updated
[2026-07-09 05:16:40] 🔹 SYSTEM: Fleet heartbeat updated
[2026-07-09 05:17:41] 🔹 SYSTEM: Fleet heartbeat updated
[2026-07-09 05:18:21] 🔹 SYSTEM: Status check — Pending: 0, Running: 0
[2026-07-09 05:18:41] 🔹 SYSTEM: Fleet heartbeat updated
[2026-07-09 05:19:42] 🔹 SYSTEM: Fleet heartbeat updated
[2026-07-09 05:20:43] 🔹 SYSTEM: Fleet heartbeat updated
[2026-07-09 05:21:44] 🔹 SYSTEM: Fleet heartbeat updated
[2026-07-09 05:22:45] 🔹 SYSTEM: Fleet heartbeat updated
[2026-07-09 05:23:46] 🔹 SYSTEM: Fleet heartbeat updated
[2026-07-09 05:24:47] 🔹 SYSTEM: Fleet heartbeat updated
[2026-07-09 05:25:48] 🔹 SYSTEM: Fleet heartbeat updated
[2026-07-09 05:26:49] 🔹 SYSTEM: Fleet heartbeat updated
[2026-07-09 05:27:49] 🔹 SYSTEM: Fleet heartbeat updated
[2026-07-09 05:28:30] 🔹 SYSTEM: Status check — Pending: 0, Running: 0
[2026-07-09 05:28:50] 🔹 SYSTEM: Fleet heartbeat updated
[2026-07-09 05:29:51] 🔹 SYSTEM: Fleet heartbeat updated
[2026-07-09 05:30:52] 🔹 SYSTEM: Fleet heartbeat updated
[2026-07-09 05:31:53] 🔹 SYSTEM: Fleet heartbeat updated
[2026-07-09 05:32:54] 🔹 SYSTEM: Fleet heartbeat updated
[2026-07-09 05:33:55] 🔹 SYSTEM: Fleet heartbeat updated
[2026-07-09 05:34:56] 🔹 SYSTEM: Fleet heartbeat updated
[2026-07-09 05:35:56] 🔹 SYSTEM: Fleet heartbeat updated
[2026-07-09 05:36:57] 🔹 SYSTEM: Fleet heartbeat updated
[2026-07-09 05:37:58] 🔹 SYSTEM: Fleet heartbeat updated
[2026-07-09 05:38:39] 🔹 SYSTEM: Status check — Pending: 0, Running: 0
[2026-07-09 05:38:59] 🔹 SYSTEM: Fleet heartbeat updated
[2026-07-09 05:40:00] 🔹 SYSTEM: Fleet heartbeat updated
[2026-07-09 05:41:01] 🔹 SYSTEM: Fleet heartbeat updated
[2026-07-09 05:42:01] 🔹 SYSTEM: Fleet heartbeat updated
[2026-07-09 05:43:02] 🔹 SYSTEM: Fleet heartbeat updated
[2026-07-09 05:44:03] 🔹 SYSTEM: Fleet heartbeat updated
[2026-07-09 05:45:08] 🔹 SYSTEM: Fleet heartbeat updated
[2026-07-09 05:46:13] 🔹 SYSTEM: Fleet heartbeat updated
[2026-07-09 05:47:14] 🔹 SYSTEM: Fleet heartbeat updated
[2026-07-09 05:48:15] 🔹 SYSTEM: Fleet heartbeat updated
[2026-07-09 05:48:55] 🔹 SYSTEM: Status check — Pending: 0, Running: 0
[2026-07-09 05:49:15] 🔹 SYSTEM: Fleet heartbeat updated
[2026-07-09 05:50:16] 🔹 SYSTEM: Fleet heartbeat updated
[2026-07-09 05:51:17] 🔹 SYSTEM: Fleet heartbeat updated
[2026-07-09 05:52:18] 🔹 SYSTEM: Fleet heartbeat updated
[2026-07-09 05:53:19] 🔹 SYSTEM: Fleet heartbeat updated
[2026-07-09 05:54:20] 🔹 SYSTEM: Fleet heartbeat updated
[2026-07-09 05:55:21] 🔹 SYSTEM: Fleet heartbeat updated
[2026-07-09 05:56:21] 🔹 SYSTEM: Fleet heartbeat updated
[2026-07-09 05:57:22] 🔹 SYSTEM: Fleet heartbeat updated
[2026-07-09 05:58:23] 🔹 SYSTEM: Fleet heartbeat updated
[2026-07-09 05:59:04] 🔹 SYSTEM: Status check — Pending: 0, Running: 0
[2026-07-09 05:59:24] 🔹 SYSTEM: Fleet heartbeat updated
[2026-07-09 06:00:25] 🔹 SYSTEM: Fleet heartbeat updated
[2026-07-09 06:01:26] 🔹 SYSTEM: Fleet heartbeat updated
[2026-07-09 06:02:27] 🔹 SYSTEM: Fleet heartbeat updated
[2026-07-09 06:03:27] 🔹 SYSTEM: Fleet heartbeat updated
[2026-07-09 06:04:28] 🔹 SYSTEM: Fleet heartbeat updated
[2026-07-09 06:05:29] 🔹 SYSTEM: Fleet heartbeat updated
[2026-07-09 06:06:30] 🔹 SYSTEM: Fleet heartbeat updated
[2026-07-09 06:07:31] 🔹 SYSTEM: Fleet heartbeat updated
[2026-07-09 06:08:32] 🔹 SYSTEM: Fleet heartbeat updated
[2026-07-09 06:09:12] 🔹 SYSTEM: Status check — Pending: 0, Running: 0
[2026-07-09 06:09:33] 🔹 SYSTEM: Fleet heartbeat updated
[2026-07-09 06:10:33] 🔹 SYSTEM: Fleet heartbeat updated
[2026-07-09 06:11:34] 🔹 SYSTEM: Fleet heartbeat updated
[2026-07-09 06:12:35] 🔹 SYSTEM: Fleet heartbeat updated
[2026-07-09 06:13:36] 🔹 SYSTEM: Fleet heartbeat updated
[2026-07-09 06:14:37] 🔹 SYSTEM: Fleet heartbeat updated
[2026-07-09 06:15:38] 🔹 SYSTEM: Fleet heartbeat updated
[2026-07-09 06:16:39] 🔹 SYSTEM: Fleet heartbeat updated
[2026-07-09 06:17:40] 🔹 SYSTEM: Fleet heartbeat updated
[2026-07-09 06:18:40] 🔹 SYSTEM: Fleet heartbeat updated
[2026-07-09 06:19:21] 🔹 SYSTEM: Status check — Pending: 0, Running: 0
[2026-07-09 06:19:41] 🔹 SYSTEM: Fleet heartbeat updated
[2026-07-09 06:20:42] 🔹 SYSTEM: Fleet heartbeat updated
[2026-07-09 06:21:43] 🔹 SYSTEM: Fleet heartbeat updated
[2026-07-09 06:22:44] 🔹 SYSTEM: Fleet heartbeat updated
[2026-07-09 06:23:45] 🔹 SYSTEM: Fleet heartbeat updated
[2026-07-09 06:24:46] 🔹 SYSTEM: Fleet heartbeat updated
[2026-07-09 06:25:47] 🔹 SYSTEM: Fleet heartbeat updated
[2026-07-09 06:26:48] 🔹 SYSTEM: Fleet heartbeat updated
[2026-07-09 06:27:49] 🔹 SYSTEM: Fleet heartbeat updated
[2026-07-09 06:28:49] 🔹 SYSTEM: Fleet heartbeat updated
[2026-07-09 06:29:30] 🔹 SYSTEM: Status check — Pending: 0, Running: 0
[2026-07-09 06:29:50] 🔹 SYSTEM: Fleet heartbeat updated
[2026-07-09 06:30:51] 🔹 SYSTEM: Fleet heartbeat updated
[2026-07-09 06:31:52] 🔹 SYSTEM: Fleet heartbeat updated
[2026-07-09 06:32:53] 🔹 SYSTEM: Fleet heartbeat updated
[2026-07-09 06:33:54] 🔹 SYSTEM: Fleet heartbeat updated
[2026-07-09 06:34:55] 🔹 SYSTEM: Fleet heartbeat updated
[2026-07-09 06:35:56] 🔹 SYSTEM: Fleet heartbeat updated
[2026-07-09 06:36:56] 🔹 SYSTEM: Fleet heartbeat updated
[2026-07-09 06:37:57] 🔹 SYSTEM: Fleet heartbeat updated
[2026-07-09 06:38:58] 🔹 SYSTEM: Fleet heartbeat updated
[2026-07-09 06:39:39] 🔹 SYSTEM: Status check — Pending: 0, Running: 0
[2026-07-09 06:39:59] 🔹 SYSTEM: Fleet heartbeat updated
[2026-07-09 06:41:00] 🔹 SYSTEM: Fleet heartbeat updated
[2026-07-09 06:42:01] 🔹 SYSTEM: Fleet heartbeat updated
[2026-07-09 06:43:02] 🔹 SYSTEM: Fleet heartbeat updated
[2026-07-09 06:44:02] 🔹 SYSTEM: Fleet heartbeat updated
[2026-07-09 06:45:03] 🔹 SYSTEM: Fleet heartbeat updated
[2026-07-09 06:46:08] 🔹 SYSTEM: Fleet heartbeat updated
[2026-07-09 06:47:09] 🔹 SYSTEM: Fleet heartbeat updated
[2026-07-09 06:48:10] 🔹 SYSTEM: Fleet heartbeat updated
[2026-07-09 06:49:11] 🔹 SYSTEM: Fleet heartbeat updated
[2026-07-09 06:49:51] 🔹 SYSTEM: Status check — Pending: 0, Running: 0
[2026-07-09 06:50:12] 🔹 SYSTEM: Fleet heartbeat updated
[2026-07-09 06:51:12] 🔹 SYSTEM: Fleet heartbeat updated
[2026-07-09 06:52:13] 🔹 SYSTEM: Fleet heartbeat updated
[2026-07-09 06:53:14] 🔹 SYSTEM: Fleet heartbeat updated
[2026-07-09 06:54:15] 🔹 SYSTEM: Fleet heartbeat updated
[2026-07-09 06:55:16] 🔹 SYSTEM: Fleet heartbeat updated
[2026-07-09 06:56:17] 🔹 SYSTEM: Fleet heartbeat updated
[2026-07-09 06:57:18] 🔹 SYSTEM: Fleet heartbeat updated
[2026-07-09 06:58:18] 🔹 SYSTEM: Fleet heartbeat updated
[2026-07-09 06:59:19] 🔹 SYSTEM: Fleet heartbeat updated
[2026-07-09 07:00:00] 🔹 SYSTEM: Status check — Pending: 0, Running: 0
[2026-07-09 07:00:20] 🔹 SYSTEM: Fleet heartbeat updated
[2026-07-09 07:01:21] 🔹 SYSTEM: Fleet heartbeat updated
[2026-07-09 07:02:22] 🔹 SYSTEM: Fleet heartbeat updated
[2026-07-09 07:03:23] 🔹 SYSTEM: Fleet heartbeat updated
[2026-07-09 07:04:24] 🔹 SYSTEM: Fleet heartbeat updated
[2026-07-09 07:05:25] 🔹 SYSTEM: Fleet heartbeat updated
[2026-07-09 07:06:25] 🔹 SYSTEM: Fleet heartbeat updated
[2026-07-09 07:07:26] 🔹 SYSTEM: Fleet heartbeat updated
[2026-07-09 07:08:27] 🔹 SYSTEM: Fleet heartbeat updated
[2026-07-09 07:09:28] 🔹 SYSTEM: Fleet heartbeat updated
[2026-07-09 07:10:09] 🔹 SYSTEM: Status check — Pending: 0, Running: 0
[2026-07-09 07:10:29] 🔹 SYSTEM: Fleet heartbeat updated
[2026-07-09 07:11:30] 🔹 SYSTEM: Fleet heartbeat updated
[2026-07-09 07:12:31] 🔹 SYSTEM: Fleet heartbeat updated
[2026-07-09 07:13:32] 🔹 SYSTEM: Fleet heartbeat updated
[2026-07-09 07:14:32] 🔹 SYSTEM: Fleet heartbeat updated
[2026-07-09 07:15:33] 🔹 SYSTEM: Fleet heartbeat updated
[2026-07-09 07:16:34] 🔹 SYSTEM: Fleet heartbeat updated
[2026-07-09 07:17:35] 🔹 SYSTEM: Fleet heartbeat updated
[2026-07-09 07:18:35] 🔹 SYSTEM: Fleet heartbeat updated
[2026-07-09 07:19:36] 🔹 SYSTEM: Fleet heartbeat updated
[2026-07-09 07:20:17] 🔹 SYSTEM: Status check — Pending: 0, Running: 0
[2026-07-09 07:20:37] 🔹 SYSTEM: Fleet heartbeat updated
[2026-07-09 07:21:38] 🔹 SYSTEM: Fleet heartbeat updated
[2026-07-09 07:22:39] 🔹 SYSTEM: Fleet heartbeat updated
[2026-07-09 07:23:40] 🔹 SYSTEM: Fleet heartbeat updated
[2026-07-09 07:24:40] 🔹 SYSTEM: Fleet heartbeat updated
[2026-07-09 07:25:41] 🔹 SYSTEM: Fleet heartbeat updated
[2026-07-09 07:26:42] 🔹 SYSTEM: Fleet heartbeat updated
[2026-07-09 07:27:43] 🔹 SYSTEM: Fleet heartbeat updated
[2026-07-09 07:28:44] 🔹 SYSTEM: Fleet heartbeat updated
[2026-07-09 07:29:44] 🔹 SYSTEM: Fleet heartbeat updated
[2026-07-09 07:30:25] 🔹 SYSTEM: Status check — Pending: 0, Running: 0
[2026-07-09 07:30:45] 🔹 SYSTEM: Fleet heartbeat updated
[2026-07-09 07:31:46] 🔹 SYSTEM: Fleet heartbeat updated
[2026-07-09 07:32:47] 🔹 SYSTEM: Fleet heartbeat updated
[2026-07-09 07:33:48] 🔹 SYSTEM: Fleet heartbeat updated
[2026-07-09 07:34:48] 🔹 SYSTEM: Fleet heartbeat updated
[2026-07-09 07:35:49] 🔹 SYSTEM: Fleet heartbeat updated
[2026-07-09 07:36:50] 🔹 SYSTEM: Fleet heartbeat updated
[2026-07-09 07:37:51] 🔹 SYSTEM: Fleet heartbeat updated
[2026-07-09 07:38:52] 🔹 SYSTEM: Fleet heartbeat updated
[2026-07-09 07:39:53] 🔹 SYSTEM: Fleet heartbeat updated
[2026-07-09 07:40:33] 🔹 SYSTEM: Status check — Pending: 0, Running: 0
[2026-07-09 07:40:53] 🔹 SYSTEM: Fleet heartbeat updated
[2026-07-09 07:41:54] 🔹 SYSTEM: Fleet heartbeat updated
[2026-07-09 07:42:55] 🔹 SYSTEM: Fleet heartbeat updated
[2026-07-09 07:43:56] 🔹 SYSTEM: Fleet heartbeat updated
[2026-07-09 07:45:01] 🔹 SYSTEM: Fleet heartbeat updated
[2026-07-09 07:46:02] 🔹 SYSTEM: Fleet heartbeat updated
[2026-07-09 07:47:03] 🔹 SYSTEM: Fleet heartbeat updated
[2026-07-09 07:48:03] 🔹 SYSTEM: Fleet heartbeat updated
[2026-07-09 07:49:04] 🔹 SYSTEM: Fleet heartbeat updated
[2026-07-09 07:50:05] 🔹 SYSTEM: Fleet heartbeat updated
[2026-07-09 07:50:46] 🔹 SYSTEM: Status check — Pending: 0, Running: 0
[2026-07-09 07:51:06] 🔹 SYSTEM: Fleet heartbeat updated
[2026-07-09 07:52:07] 🔹 SYSTEM: Fleet heartbeat updated
[2026-07-09 07:53:08] 🔹 SYSTEM: Fleet heartbeat updated
[2026-07-09 07:54:08] 🔹 SYSTEM: Fleet heartbeat updated
[2026-07-09 07:55:09] 🔹 SYSTEM: Fleet heartbeat updated
[2026-07-09 07:56:10] 🔹 SYSTEM: Fleet heartbeat updated
[2026-07-09 07:57:11] 🔹 SYSTEM: Fleet heartbeat updated
[2026-07-09 07:58:12] 🔹 SYSTEM: Fleet heartbeat updated
[2026-07-09 07:59:13] 🔹 SYSTEM: Fleet heartbeat updated
[2026-07-09 08:00:13] 🔹 SYSTEM: Fleet heartbeat updated
[2026-07-09 08:00:54] 🔹 SYSTEM: Status check — Pending: 0, Running: 0
[2026-07-09 08:01:14] 🔹 SYSTEM: Fleet heartbeat updated
[2026-07-09 08:02:15] 🔹 SYSTEM: Fleet heartbeat updated
[2026-07-09 08:03:16] 🔹 SYSTEM: Fleet heartbeat updated
[2026-07-09 08:04:17] 🔹 SYSTEM: Fleet heartbeat updated
[2026-07-09 08:05:18] 🔹 SYSTEM: Fleet heartbeat updated
[2026-07-09 08:06:18] 🔹 SYSTEM: Fleet heartbeat updated
[2026-07-09 08:07:19] 🔹 SYSTEM: Fleet heartbeat updated
[2026-07-09 08:08:20] 🔹 SYSTEM: Fleet heartbeat updated
[2026-07-09 08:09:21] 🔹 SYSTEM: Fleet heartbeat updated
[2026-07-09 08:10:22] 🔹 SYSTEM: Fleet heartbeat updated
[2026-07-09 08:11:02] 🔹 SYSTEM: Status check — Pending: 0, Running: 0
[2026-07-09 08:11:23] 🔹 SYSTEM: Fleet heartbeat updated
[2026-07-09 08:12:23] 🔹 SYSTEM: Fleet heartbeat updated
[2026-07-09 08:13:24] 🔹 SYSTEM: Fleet heartbeat updated
[2026-07-09 08:14:25] 🔹 SYSTEM: Fleet heartbeat updated
[2026-07-09 08:15:26] 🔹 SYSTEM: Fleet heartbeat updated
[2026-07-09 08:16:26] 🔹 SYSTEM: Fleet heartbeat updated
[2026-07-09 08:17:27] 🔹 SYSTEM: Fleet heartbeat updated
[2026-07-09 08:18:28] 🔹 SYSTEM: Fleet heartbeat updated
[2026-07-09 08:19:29] 🔹 SYSTEM: Fleet heartbeat updated
[2026-07-09 08:20:30] 🔹 SYSTEM: Fleet heartbeat updated
[2026-07-09 08:21:10] 🔹 SYSTEM: Status check — Pending: 0, Running: 0
[2026-07-09 08:21:31] 🔹 SYSTEM: Fleet heartbeat updated
[2026-07-09 08:22:32] 🔹 SYSTEM: Fleet heartbeat updated
[2026-07-09 08:23:33] 🔹 SYSTEM: Fleet heartbeat updated
[2026-07-09 08:24:33] 🔹 SYSTEM: Fleet heartbeat updated
[2026-07-09 08:25:34] 🔹 SYSTEM: Fleet heartbeat updated
[2026-07-09 08:26:35] 🔹 SYSTEM: Fleet heartbeat updated
[2026-07-09 08:27:36] 🔹 SYSTEM: Fleet heartbeat updated
[2026-07-09 08:28:37] 🔹 SYSTEM: Fleet heartbeat updated
[2026-07-09 08:29:37] 🔹 SYSTEM: Fleet heartbeat updated
[2026-07-09 08:30:38] 🔹 SYSTEM: Fleet heartbeat updated
[2026-07-09 08:31:19] 🔹 SYSTEM: Status check — Pending: 0, Running: 0
[2026-07-09 08:31:39] 🔹 SYSTEM: Fleet heartbeat updated
[2026-07-09 08:32:40] 🔹 SYSTEM: Fleet heartbeat updated
[2026-07-09 08:33:41] 🔹 SYSTEM: Fleet heartbeat updated
[2026-07-09 08:34:41] 🔹 SYSTEM: Fleet heartbeat updated
[2026-07-09 08:35:42] 🔹 SYSTEM: Fleet heartbeat updated
[2026-07-09 08:36:43] 🔹 SYSTEM: Fleet heartbeat updated
[2026-07-09 08:37:44] 🔹 SYSTEM: Fleet heartbeat updated
[2026-07-09 08:38:45] 🔹 SYSTEM: Fleet heartbeat updated
[2026-07-09 08:39:46] 🔹 SYSTEM: Fleet heartbeat updated
[2026-07-09 08:40:47] 🔹 SYSTEM: Fleet heartbeat updated
[2026-07-09 08:41:27] 🔹 SYSTEM: Status check — Pending: 0, Running: 0
[2026-07-09 08:41:48] 🔹 SYSTEM: Fleet heartbeat updated
[2026-07-09 08:42:49] 🔹 SYSTEM: Fleet heartbeat updated
[2026-07-09 08:43:49] 🔹 SYSTEM: Fleet heartbeat updated
[2026-07-09 08:44:50] 🔹 SYSTEM: Fleet heartbeat updated
[2026-07-09 08:45:52] 🔹 SYSTEM: Fleet heartbeat updated
[2026-07-09 08:46:53] 🔹 SYSTEM: Fleet heartbeat updated
[2026-07-09 08:47:54] 🔹 SYSTEM: Fleet heartbeat updated
[2026-07-09 08:48:55] 🔹 SYSTEM: Fleet heartbeat updated
[2026-07-09 08:49:56] 🔹 SYSTEM: Fleet heartbeat updated
[2026-07-09 08:50:56] 🔹 SYSTEM: Fleet heartbeat updated
[2026-07-09 08:51:37] 🔹 SYSTEM: Status check — Pending: 0, Running: 0
[2026-07-09 08:51:57] 🔹 SYSTEM: Fleet heartbeat updated
[2026-07-09 08:52:58] 🔹 SYSTEM: Fleet heartbeat updated
[2026-07-09 08:53:59] 🔹 SYSTEM: Fleet heartbeat updated
[2026-07-09 08:55:00] 🔹 SYSTEM: Fleet heartbeat updated
[2026-07-09 08:56:01] 🔹 SYSTEM: Fleet heartbeat updated
[2026-07-09 08:57:01] 🔹 SYSTEM: Fleet heartbeat updated
[2026-07-09 08:58:02] 🔹 SYSTEM: Fleet heartbeat updated
[2026-07-09 08:59:03] 🔹 SYSTEM: Fleet heartbeat updated
[2026-07-09 09:00:04] 🔹 SYSTEM: Fleet heartbeat updated
[2026-07-09 09:01:05] 🔹 SYSTEM: Fleet heartbeat updated
[2026-07-09 09:01:46] 🔹 SYSTEM: Status check — Pending: 0, Running: 0
[2026-07-09 09:02:06] 🔹 SYSTEM: Fleet heartbeat updated
[2026-07-09 09:03:07] 🔹 SYSTEM: Fleet heartbeat updated
[2026-07-09 09:04:08] 🔹 SYSTEM: Fleet heartbeat updated
[2026-07-09 09:05:09] 🔹 SYSTEM: Fleet heartbeat updated
[2026-07-09 09:06:10] 🔹 SYSTEM: Fleet heartbeat updated
[2026-07-09 09:07:11] 🔹 SYSTEM: Fleet heartbeat updated
[2026-07-09 09:08:12] 🔹 SYSTEM: Fleet heartbeat updated
[2026-07-09 09:09:13] 🔹 SYSTEM: Fleet heartbeat updated
[2026-07-09 09:10:13] 🔹 SYSTEM: Fleet heartbeat updated
[2026-07-09 09:11:14] 🔹 SYSTEM: Fleet heartbeat updated
[2026-07-09 09:11:55] 🔹 SYSTEM: Status check — Pending: 0, Running: 0
[2026-07-09 09:12:15] 🔹 SYSTEM: Fleet heartbeat updated
[2026-07-09 09:13:16] 🔹 SYSTEM: Fleet heartbeat updated
[2026-07-09 09:14:17] 🔹 SYSTEM: Fleet heartbeat updated
[2026-07-09 09:15:18] 🔹 SYSTEM: Fleet heartbeat updated
[2026-07-09 09:16:19] 🔹 SYSTEM: Fleet heartbeat updated
[2026-07-09 09:17:19] 🔹 SYSTEM: Fleet heartbeat updated
[2026-07-09 09:18:20] 🔹 SYSTEM: Fleet heartbeat updated
[2026-07-09 09:19:21] 🔹 SYSTEM: Fleet heartbeat updated
[2026-07-09 09:20:22] 🔹 SYSTEM: Fleet heartbeat updated
[2026-07-09 09:21:23] 🔹 SYSTEM: Fleet heartbeat updated
[2026-07-09 09:22:03] 🔹 SYSTEM: Status check — Pending: 0, Running: 0
[2026-07-09 09:22:24] 🔹 SYSTEM: Fleet heartbeat updated
[2026-07-09 09:23:24] 🔹 SYSTEM: Fleet heartbeat updated
[2026-07-09 09:24:25] 🔹 SYSTEM: Fleet heartbeat updated
[2026-07-09 09:25:26] 🔹 SYSTEM: Fleet heartbeat updated
[2026-07-09 09:26:27] 🔹 SYSTEM: Fleet heartbeat updated
[2026-07-09 09:27:28] 🔹 SYSTEM: Fleet heartbeat updated
[2026-07-09 09:28:29] 🔹 SYSTEM: Fleet heartbeat updated
[2026-07-09 09:29:30] 🔹 SYSTEM: Fleet heartbeat updated
[2026-07-09 09:30:31] 🔹 SYSTEM: Fleet heartbeat updated
[2026-07-09 09:31:31] 🔹 SYSTEM: Fleet heartbeat updated
[2026-07-09 09:32:12] 🔹 SYSTEM: Status check — Pending: 0, Running: 0
[2026-07-09 09:32:32] 🔹 SYSTEM: Fleet heartbeat updated
[2026-07-09 09:33:33] 🔹 SYSTEM: Fleet heartbeat updated
[2026-07-09 09:34:34] 🔹 SYSTEM: Fleet heartbeat updated
[2026-07-09 09:35:35] 🔹 SYSTEM: Fleet heartbeat updated
[2026-07-09 09:36:36] 🔹 SYSTEM: Fleet heartbeat updated
[2026-07-09 09:37:36] 🔹 SYSTEM: Fleet heartbeat updated
[2026-07-09 09:38:37] 🔹 SYSTEM: Fleet heartbeat updated
[2026-07-09 09:39:38] 🔹 SYSTEM: Fleet heartbeat updated
[2026-07-09 09:40:39] 🔹 SYSTEM: Fleet heartbeat updated
[2026-07-09 09:41:40] 🔹 SYSTEM: Fleet heartbeat updated
[2026-07-09 09:42:20] 🔹 SYSTEM: Status check — Pending: 0, Running: 0
[2026-07-09 09:42:40] 🔹 SYSTEM: Fleet heartbeat updated
[2026-07-09 09:43:41] 🔹 SYSTEM: Fleet heartbeat updated
[2026-07-09 09:44:42] 🔹 SYSTEM: Fleet heartbeat updated
[2026-07-09 09:45:44] 🔹 SYSTEM: Fleet heartbeat updated
[2026-07-09 09:46:45] 🔹 SYSTEM: Fleet heartbeat updated
[2026-07-09 09:47:46] 🔹 SYSTEM: Fleet heartbeat updated
[2026-07-09 09:48:46] 🔹 SYSTEM: Fleet heartbeat updated
[2026-07-09 09:49:47] 🔹 SYSTEM: Fleet heartbeat updated
[2026-07-09 09:50:48] 🔹 SYSTEM: Fleet heartbeat updated
[2026-07-09 09:51:49] 🔹 SYSTEM: Fleet heartbeat updated
[2026-07-09 09:52:30] 🔹 SYSTEM: Status check — Pending: 0, Running: 0
[2026-07-09 09:52:50] 🔹 SYSTEM: Fleet heartbeat updated
[2026-07-09 09:53:51] 🔹 SYSTEM: Fleet heartbeat updated
[2026-07-09 09:54:52] 🔹 SYSTEM: Fleet heartbeat updated
[2026-07-09 09:55:53] 🔹 SYSTEM: Fleet heartbeat updated
[2026-07-09 09:56:54] 🔹 SYSTEM: Fleet heartbeat updated
[2026-07-09 09:57:54] 🔹 SYSTEM: Fleet heartbeat updated
[2026-07-09 09:58:55] 🔹 SYSTEM: Fleet heartbeat updated
[2026-07-09 09:59:56] 🔹 SYSTEM: Fleet heartbeat updated
[2026-07-09 10:00:57] 🔹 SYSTEM: Fleet heartbeat updated
[2026-07-09 10:01:58] 🔹 SYSTEM: Fleet heartbeat updated
[2026-07-09 10:02:38] 🔹 SYSTEM: Status check — Pending: 0, Running: 0
[2026-07-09 10:02:59] 🔹 SYSTEM: Fleet heartbeat updated
[2026-07-09 10:04:00] 🔹 SYSTEM: Fleet heartbeat updated
[2026-07-09 10:05:00] 🔹 SYSTEM: Fleet heartbeat updated
[2026-07-09 10:06:01] 🔹 SYSTEM: Fleet heartbeat updated
[2026-07-09 10:07:02] 🔹 SYSTEM: Fleet heartbeat updated
[2026-07-09 10:08:03] 🔹 SYSTEM: Fleet heartbeat updated
[2026-07-09 10:09:04] 🔹 SYSTEM: Fleet heartbeat updated
[2026-07-09 10:10:05] 🔹 SYSTEM: Fleet heartbeat updated
[2026-07-09 10:11:06] 🔹 SYSTEM: Fleet heartbeat updated
[2026-07-09 10:12:06] 🔹 SYSTEM: Fleet heartbeat updated
[2026-07-09 10:12:47] 🔹 SYSTEM: Status check — Pending: 0, Running: 0
[2026-07-09 10:13:08] 🔹 SYSTEM: Fleet heartbeat updated
[2026-07-09 10:14:09] 🔹 SYSTEM: Fleet heartbeat updated
[2026-07-09 10:15:10] 🔹 SYSTEM: Fleet heartbeat updated
[2026-07-09 10:16:10] 🔹 SYSTEM: Fleet heartbeat updated
[2026-07-09 10:17:11] 🔹 SYSTEM: Fleet heartbeat updated
[2026-07-09 10:18:12] 🔹 SYSTEM: Fleet heartbeat updated
[2026-07-09 10:19:13] 🔹 SYSTEM: Fleet heartbeat updated
[2026-07-09 10:20:14] 🔹 SYSTEM: Fleet heartbeat updated
[2026-07-09 10:21:15] 🔹 SYSTEM: Fleet heartbeat updated
[2026-07-09 10:22:16] 🔹 SYSTEM: Fleet heartbeat updated
[2026-07-09 10:22:56] 🔹 SYSTEM: Status check — Pending: 0, Running: 0
[2026-07-09 10:23:16] 🔹 SYSTEM: Fleet heartbeat updated
[2026-07-09 10:24:17] 🔹 SYSTEM: Fleet heartbeat updated
[2026-07-09 10:25:18] 🔹 SYSTEM: Fleet heartbeat updated
[2026-07-09 10:26:19] 🔹 SYSTEM: Fleet heartbeat updated
[2026-07-09 10:27:20] 🔹 SYSTEM: Fleet heartbeat updated
[2026-07-09 10:28:21] 🔹 SYSTEM: Fleet heartbeat updated
[2026-07-09 10:29:21] 🔹 SYSTEM: Fleet heartbeat updated
[2026-07-09 10:30:22] 🔹 SYSTEM: Fleet heartbeat updated
[2026-07-09 10:31:23] 🔹 SYSTEM: Fleet heartbeat updated
[2026-07-09 10:32:24] 🔹 SYSTEM: Fleet heartbeat updated
[2026-07-09 10:33:04] 🔹 SYSTEM: Status check — Pending: 0, Running: 0
[2026-07-09 10:33:25] 🔹 SYSTEM: Fleet heartbeat updated
[2026-07-09 10:34:26] 🔹 SYSTEM: Fleet heartbeat updated
[2026-07-09 10:35:26] 🔹 SYSTEM: Fleet heartbeat updated
[2026-07-09 10:36:27] 🔹 SYSTEM: Fleet heartbeat updated
[2026-07-09 10:37:28] 🔹 SYSTEM: Fleet heartbeat updated
[2026-07-09 10:38:29] 🔹 SYSTEM: Fleet heartbeat updated
[2026-07-09 10:39:30] 🔹 SYSTEM: Fleet heartbeat updated
[2026-07-09 10:40:31] 🔹 SYSTEM: Fleet heartbeat updated
[2026-07-09 10:41:33] 🔹 SYSTEM: Fleet heartbeat updated
[2026-07-09 10:42:34] 🔹 SYSTEM: Fleet heartbeat updated
[2026-07-09 10:43:15] 🔹 SYSTEM: Status check — Pending: 0, Running: 0
[2026-07-09 10:43:35] 🔹 SYSTEM: Fleet heartbeat updated
[2026-07-09 10:44:36] 🔹 SYSTEM: Fleet heartbeat updated
[2026-07-09 10:45:38] 🔹 SYSTEM: Fleet heartbeat updated
[2026-07-09 10:46:39] 🔹 SYSTEM: Fleet heartbeat updated
[2026-07-09 10:47:41] 🔹 SYSTEM: Fleet heartbeat updated
[2026-07-09 10:48:42] 🔹 SYSTEM: Fleet heartbeat updated
[2026-07-09 10:49:43] 🔹 SYSTEM: Fleet heartbeat updated
[2026-07-09 10:50:44] 🔹 SYSTEM: Fleet heartbeat updated
[2026-07-09 10:51:46] 🔹 SYSTEM: Fleet heartbeat updated
[2026-07-09 10:52:47] 🔹 SYSTEM: Fleet heartbeat updated
[2026-07-09 10:53:28] 🔹 SYSTEM: Status check — Pending: 0, Running: 0
[2026-07-09 10:53:48] 🔹 SYSTEM: Fleet heartbeat updated
[2026-07-09 10:54:49] 🔹 SYSTEM: Fleet heartbeat updated
[2026-07-09 10:55:50] 🔹 SYSTEM: Fleet heartbeat updated
[2026-07-09 10:56:52] 🔹 SYSTEM: Fleet heartbeat updated
[2026-07-09 10:57:53] 🔹 SYSTEM: Fleet heartbeat updated
[2026-07-09 10:58:54] 🔹 SYSTEM: Fleet heartbeat updated
[2026-07-09 10:59:55] 🔹 SYSTEM: Fleet heartbeat updated
[2026-07-09 11:00:56] 🔹 SYSTEM: Fleet heartbeat updated
[2026-07-09 11:01:57] 🔹 SYSTEM: Fleet heartbeat updated
[2026-07-09 11:02:58] 🔹 SYSTEM: Fleet heartbeat updated
[2026-07-09 11:03:39] 🔹 SYSTEM: Status check — Pending: 0, Running: 0
[2026-07-09 11:03:59] 🔹 SYSTEM: Fleet heartbeat updated
[2026-07-09 11:05:00] 🔹 SYSTEM: Fleet heartbeat updated
[2026-07-09 11:06:02] 🔹 SYSTEM: Fleet heartbeat updated
[2026-07-09 11:07:03] 🔹 SYSTEM: Fleet heartbeat updated
[2026-07-09 11:08:04] 🔹 SYSTEM: Fleet heartbeat updated
[2026-07-09 11:09:06] 🔹 SYSTEM: Fleet heartbeat updated
[2026-07-09 11:10:07] 🔹 SYSTEM: Fleet heartbeat updated
[2026-07-09 11:11:08] 🔹 SYSTEM: Fleet heartbeat updated
[2026-07-09 11:12:09] 🔹 SYSTEM: Fleet heartbeat updated
[2026-07-09 11:13:10] 🔹 SYSTEM: Fleet heartbeat updated
[2026-07-09 11:13:51] 🔹 SYSTEM: Status check — Pending: 0, Running: 0
[2026-07-09 11:14:12] 🔹 SYSTEM: Fleet heartbeat updated
[2026-07-09 11:15:13] 🔹 SYSTEM: Fleet heartbeat updated
[2026-07-09 11:16:14] 🔹 SYSTEM: Fleet heartbeat updated
[2026-07-09 11:17:15] 🔹 SYSTEM: Fleet heartbeat updated
[2026-07-09 11:18:17] 🔹 SYSTEM: Fleet heartbeat updated
[2026-07-09 11:19:18] 🔹 SYSTEM: Fleet heartbeat updated
[2026-07-09 11:20:19] 🔹 SYSTEM: Fleet heartbeat updated
[2026-07-09 11:21:20] 🔹 SYSTEM: Fleet heartbeat updated
[2026-07-09 11:22:21] 🔹 SYSTEM: Fleet heartbeat updated
[2026-07-09 11:23:22] 🔹 SYSTEM: Fleet heartbeat updated
[2026-07-09 11:24:03] 🔹 SYSTEM: Status check — Pending: 0, Running: 0
[2026-07-09 11:24:24] 🔹 SYSTEM: Fleet heartbeat updated
[2026-07-09 11:25:25] 🔹 SYSTEM: Fleet heartbeat updated
[2026-07-09 11:26:26] 🔹 SYSTEM: Fleet heartbeat updated
[2026-07-09 11:27:28] 🔹 SYSTEM: Fleet heartbeat updated
[2026-07-09 11:28:29] 🔹 SYSTEM: Fleet heartbeat updated
[2026-07-09 11:29:30] 🔹 SYSTEM: Fleet heartbeat updated
[2026-07-09 11:30:31] 🔹 SYSTEM: Fleet heartbeat updated
[2026-07-09 11:31:32] 🔹 SYSTEM: Fleet heartbeat updated
[2026-07-09 11:32:33] 🔹 SYSTEM: Fleet heartbeat updated
[2026-07-09 11:33:34] 🔹 SYSTEM: Fleet heartbeat updated
[2026-07-09 11:34:15] 🔹 SYSTEM: Status check — Pending: 0, Running: 0
[2026-07-09 11:34:35] 🔹 SYSTEM: Fleet heartbeat updated
[2026-07-09 11:35:37] 🔹 SYSTEM: Fleet heartbeat updated
[2026-07-09 11:36:38] 🔹 SYSTEM: Fleet heartbeat updated
[2026-07-09 11:37:39] 🔹 SYSTEM: Fleet heartbeat updated
[2026-07-09 11:38:40] 🔹 SYSTEM: Fleet heartbeat updated
[2026-07-09 11:39:42] 🔹 SYSTEM: Fleet heartbeat updated
[2026-07-09 11:40:43] 🔹 SYSTEM: Fleet heartbeat updated
[2026-07-09 11:41:44] 🔹 SYSTEM: Fleet heartbeat updated
[2026-07-09 11:42:45] 🔹 SYSTEM: Fleet heartbeat updated
[2026-07-09 11:43:46] 🔹 SYSTEM: Fleet heartbeat updated
[2026-07-09 11:44:27] 🔹 SYSTEM: Status check — Pending: 0, Running: 0
[2026-07-09 11:44:48] 🔹 SYSTEM: Fleet heartbeat updated
[2026-07-09 11:45:52] 🔹 SYSTEM: Fleet heartbeat updated
[2026-07-09 11:46:54] 🔹 SYSTEM: Fleet heartbeat updated
[2026-07-09 11:47:55] 🔹 SYSTEM: Fleet heartbeat updated
[2026-07-09 11:48:56] 🔹 SYSTEM: Fleet heartbeat updated
[2026-07-09 11:49:57] 🔹 SYSTEM: Fleet heartbeat updated
[2026-07-09 11:50:59] 🔹 SYSTEM: Fleet heartbeat updated
[2026-07-09 11:52:00] 🔹 SYSTEM: Fleet heartbeat updated
[2026-07-09 11:53:01] 🔹 SYSTEM: Fleet heartbeat updated
[2026-07-09 11:54:02] 🔹 SYSTEM: Fleet heartbeat updated
[2026-07-09 11:54:43] 🔹 SYSTEM: Status check — Pending: 0, Running: 0
[2026-07-09 11:55:03] 🔹 SYSTEM: Fleet heartbeat updated
[2026-07-09 11:56:05] 🔹 SYSTEM: Fleet heartbeat updated
[2026-07-09 11:57:06] 🔹 SYSTEM: Fleet heartbeat updated
[2026-07-09 11:58:07] 🔹 SYSTEM: Fleet heartbeat updated
[2026-07-09 11:59:08] 🔹 SYSTEM: Fleet heartbeat updated
[2026-07-09 12:00:09] 🔹 SYSTEM: Fleet heartbeat updated
[2026-07-09 12:01:11] 🔹 SYSTEM: Fleet heartbeat updated
[2026-07-09 12:02:12] 🔹 SYSTEM: Fleet heartbeat updated
[2026-07-09 12:03:13] 🔹 SYSTEM: Fleet heartbeat updated
[2026-07-09 12:04:14] 🔹 SYSTEM: Fleet heartbeat updated
[2026-07-09 12:04:55] 🔹 SYSTEM: Status check — Pending: 0, Running: 0
[2026-07-09 12:05:15] 🔹 SYSTEM: Fleet heartbeat updated
[2026-07-09 12:06:17] 🔹 SYSTEM: Fleet heartbeat updated
[2026-07-09 12:07:18] 🔹 SYSTEM: Fleet heartbeat updated
[2026-07-09 12:08:19] 🔹 SYSTEM: Fleet heartbeat updated
[2026-07-09 12:09:21] 🔹 SYSTEM: Fleet heartbeat updated
[2026-07-09 12:10:22] 🔹 SYSTEM: Fleet heartbeat updated
[2026-07-09 12:11:23] 🔹 SYSTEM: Fleet heartbeat updated
[2026-07-09 12:12:24] 🔹 SYSTEM: Fleet heartbeat updated
[2026-07-09 12:13:25] 🔹 SYSTEM: Fleet heartbeat updated
[2026-07-09 12:14:27] 🔹 SYSTEM: Fleet heartbeat updated
[2026-07-09 12:15:07] 🔹 SYSTEM: Status check — Pending: 0, Running: 0
[2026-07-09 12:15:28] 🔹 SYSTEM: Fleet heartbeat updated
[2026-07-09 12:16:29] 🔹 SYSTEM: Fleet heartbeat updated
[2026-07-09 12:17:30] 🔹 SYSTEM: Fleet heartbeat updated
[2026-07-09 12:18:31] 🔹 SYSTEM: Fleet heartbeat updated
[2026-07-09 12:19:33] 🔹 SYSTEM: Fleet heartbeat updated
[2026-07-09 12:20:35] 🔹 SYSTEM: Fleet heartbeat updated
[2026-07-09 12:21:36] 🔹 SYSTEM: Fleet heartbeat updated
[2026-07-09 12:22:37] 🔹 SYSTEM: Fleet heartbeat updated
[2026-07-09 12:23:38] 🔹 SYSTEM: Fleet heartbeat updated
[2026-07-09 12:24:39] 🔹 SYSTEM: Fleet heartbeat updated
[2026-07-09 12:25:20] 🔹 SYSTEM: Status check — Pending: 0, Running: 0
[2026-07-09 12:25:40] 🔹 SYSTEM: Fleet heartbeat updated
[2026-07-09 12:26:41] 🔹 SYSTEM: Fleet heartbeat updated
[2026-07-09 12:27:43] 🔹 SYSTEM: Fleet heartbeat updated
[2026-07-09 12:28:44] 🔹 SYSTEM: Fleet heartbeat updated
[2026-07-09 12:29:45] 🔹 SYSTEM: Fleet heartbeat updated
[2026-07-09 12:30:46] 🔹 SYSTEM: Fleet heartbeat updated
[2026-07-09 12:31:47] 🔹 SYSTEM: Fleet heartbeat updated
[2026-07-09 12:32:49] 🔹 SYSTEM: Fleet heartbeat updated
[2026-07-09 12:33:50] 🔹 SYSTEM: Fleet heartbeat updated
[2026-07-09 12:34:52] 🔹 SYSTEM: Fleet heartbeat updated
[2026-07-09 12:35:33] 🔹 SYSTEM: Status check — Pending: 0, Running: 0
[2026-07-09 12:35:53] 🔹 SYSTEM: Fleet heartbeat updated
[2026-07-09 12:36:54] 🔹 SYSTEM: Fleet heartbeat updated
[2026-07-09 12:37:56] 🔹 SYSTEM: Fleet heartbeat updated
[2026-07-09 12:38:57] 🔹 SYSTEM: Fleet heartbeat updated
[2026-07-09 12:39:58] 🔹 SYSTEM: Fleet heartbeat updated
[2026-07-09 12:40:59] 🔹 SYSTEM: Fleet heartbeat updated
[2026-07-09 12:42:00] 🔹 SYSTEM: Fleet heartbeat updated
[2026-07-09 12:43:01] 🔹 SYSTEM: Fleet heartbeat updated
[2026-07-09 12:44:02] 🔹 SYSTEM: Fleet heartbeat updated
[2026-07-09 12:45:04] 🔹 SYSTEM: Fleet heartbeat updated
[2026-07-09 12:45:46] 🔹 SYSTEM: Status check — Pending: 0, Running: 0
[2026-07-09 12:46:06] 🔹 SYSTEM: Fleet heartbeat updated
[2026-07-09 12:47:07] 🔹 SYSTEM: Fleet heartbeat updated
[2026-07-09 12:48:09] 🔹 SYSTEM: Fleet heartbeat updated
[2026-07-09 12:49:10] 🔹 SYSTEM: Fleet heartbeat updated
[2026-07-09 12:50:11] 🔹 SYSTEM: Fleet heartbeat updated
[2026-07-09 12:51:12] 🔹 SYSTEM: Fleet heartbeat updated
[2026-07-09 12:52:13] 🔹 SYSTEM: Fleet heartbeat updated
[2026-07-09 12:53:15] 🔹 SYSTEM: Fleet heartbeat updated
[2026-07-09 12:54:16] 🔹 SYSTEM: Fleet heartbeat updated
[2026-07-09 12:55:17] 🔹 SYSTEM: Fleet heartbeat updated
[2026-07-09 12:55:58] 🔹 SYSTEM: Status check — Pending: 0, Running: 0
[2026-07-09 12:56:18] 🔹 SYSTEM: Fleet heartbeat updated
[2026-07-09 12:57:19] 🔹 SYSTEM: Fleet heartbeat updated
[2026-07-09 12:58:21] 🔹 SYSTEM: Fleet heartbeat updated
[2026-07-09 12:59:22] 🔹 SYSTEM: Fleet heartbeat updated
[2026-07-09 13:00:23] 🔹 SYSTEM: Fleet heartbeat updated
[2026-07-09 13:01:24] 🔹 SYSTEM: Fleet heartbeat updated
[2026-07-09 13:02:25] 🔹 SYSTEM: Fleet heartbeat updated
[2026-07-09 13:03:26] 🔹 SYSTEM: Fleet heartbeat updated
[2026-07-09 13:04:27] 🔹 SYSTEM: Fleet heartbeat updated
[2026-07-09 13:05:29] 🔹 SYSTEM: Fleet heartbeat updated
[2026-07-09 13:06:10] 🔹 SYSTEM: Status check — Pending: 0, Running: 0
[2026-07-09 13:06:30] 🔹 SYSTEM: Fleet heartbeat updated
[2026-07-09 13:07:31] 🔹 SYSTEM: Fleet heartbeat updated
[2026-07-09 13:08:32] 🔹 SYSTEM: Fleet heartbeat updated
[2026-07-09 13:09:33] 🔹 SYSTEM: Fleet heartbeat updated
[2026-07-09 13:10:35] 🔹 SYSTEM: Fleet heartbeat updated
[2026-07-09 13:11:36] 🔹 SYSTEM: Fleet heartbeat updated
[2026-07-09 13:12:37] 🔹 SYSTEM: Fleet heartbeat updated
[2026-07-09 13:13:38] 🔹 SYSTEM: Fleet heartbeat updated
[2026-07-09 13:14:39] 🔹 SYSTEM: Fleet heartbeat updated
[2026-07-09 13:15:40] 🔹 SYSTEM: Fleet heartbeat updated
[2026-07-09 13:16:21] 🔹 SYSTEM: Status check — Pending: 0, Running: 0
[2026-07-09 13:16:41] 🔹 SYSTEM: Fleet heartbeat updated
[2026-07-09 13:17:42] 🔹 SYSTEM: Fleet heartbeat updated
[2026-07-09 13:18:43] 🔹 SYSTEM: Fleet heartbeat updated
[2026-07-09 13:19:45] 🔹 SYSTEM: Fleet heartbeat updated
[2026-07-09 13:20:46] 🔹 SYSTEM: Fleet heartbeat updated
[2026-07-09 13:21:47] 🔹 SYSTEM: Fleet heartbeat updated
[2026-07-09 13:22:48] 🔹 SYSTEM: Fleet heartbeat updated
[2026-07-09 13:23:50] 🔹 SYSTEM: Fleet heartbeat updated
[2026-07-09 13:24:51] 🔹 SYSTEM: Fleet heartbeat updated
[2026-07-09 13:25:52] 🔹 SYSTEM: Fleet heartbeat updated
[2026-07-09 13:26:33] 🔹 SYSTEM: Status check — Pending: 0, Running: 0
[2026-07-09 13:26:53] 🔹 SYSTEM: Fleet heartbeat updated
[2026-07-09 13:27:55] 🔹 SYSTEM: Fleet heartbeat updated
[2026-07-09 13:28:56] 🔹 SYSTEM: Fleet heartbeat updated
[2026-07-09 13:29:57] 🔹 SYSTEM: Fleet heartbeat updated
[2026-07-09 13:30:58] 🔹 SYSTEM: Fleet heartbeat updated
[2026-07-09 13:31:59] 🔹 SYSTEM: Fleet heartbeat updated
[2026-07-09 13:33:00] 🔹 SYSTEM: Fleet heartbeat updated
[2026-07-09 13:34:02] 🔹 SYSTEM: Fleet heartbeat updated
[2026-07-09 13:35:03] 🔹 SYSTEM: Fleet heartbeat updated
[2026-07-09 13:36:04] 🔹 SYSTEM: Fleet heartbeat updated
[2026-07-09 13:36:45] 🔹 SYSTEM: Status check — Pending: 0, Running: 0
[2026-07-09 13:37:05] 🔹 SYSTEM: Fleet heartbeat updated
[2026-07-09 13:38:07] 🔹 SYSTEM: Fleet heartbeat updated
[2026-07-09 13:39:08] 🔹 SYSTEM: Fleet heartbeat updated
[2026-07-09 13:40:09] 🔹 SYSTEM: Fleet heartbeat updated
[2026-07-09 13:41:10] 🔹 SYSTEM: Fleet heartbeat updated
[2026-07-09 13:42:12] 🔹 SYSTEM: Fleet heartbeat updated
[2026-07-09 13:43:13] 🔹 SYSTEM: Fleet heartbeat updated
[2026-07-09 13:44:14] 🔹 SYSTEM: Fleet heartbeat updated
[2026-07-09 13:45:15] 🔹 SYSTEM: Fleet heartbeat updated
[2026-07-09 13:46:17] 🔹 SYSTEM: Fleet heartbeat updated
[2026-07-09 13:46:58] 🔹 SYSTEM: Status check — Pending: 0, Running: 0
[2026-07-09 13:47:18] 🔹 SYSTEM: Fleet heartbeat updated
[2026-07-09 13:48:19] 🔹 SYSTEM: Fleet heartbeat updated
[2026-07-09 13:49:21] 🔹 SYSTEM: Fleet heartbeat updated
[2026-07-09 13:50:22] 🔹 SYSTEM: Fleet heartbeat updated
[2026-07-09 13:51:23] 🔹 SYSTEM: Fleet heartbeat updated
[2026-07-09 13:52:24] 🔹 SYSTEM: Fleet heartbeat updated
[2026-07-09 13:53:25] 🔹 SYSTEM: Fleet heartbeat updated
[2026-07-09 13:54:26] 🔹 SYSTEM: Fleet heartbeat updated
[2026-07-09 13:55:27] 🔹 SYSTEM: Fleet heartbeat updated
[2026-07-09 13:56:29] 🔹 SYSTEM: Fleet heartbeat updated
[2026-07-09 13:57:09] 🔹 SYSTEM: Status check — Pending: 0, Running: 0
[2026-07-09 13:57:30] 🔹 SYSTEM: Fleet heartbeat updated
[2026-07-09 13:58:31] 🔹 SYSTEM: Fleet heartbeat updated
[2026-07-09 13:59:32] 🔹 SYSTEM: Fleet heartbeat updated
[2026-07-09 14:00:33] 🔹 SYSTEM: Fleet heartbeat updated
[2026-07-09 14:01:34] 🔹 SYSTEM: Fleet heartbeat updated
[2026-07-09 14:02:36] 🔹 SYSTEM: Fleet heartbeat updated
[2026-07-09 14:03:37] 🔹 SYSTEM: Fleet heartbeat updated
[2026-07-09 14:04:38] 🔹 SYSTEM: Fleet heartbeat updated
[2026-07-09 14:05:39] 🔹 SYSTEM: Fleet heartbeat updated
[2026-07-09 14:06:40] 🔹 SYSTEM: Fleet heartbeat updated
[2026-07-09 14:07:21] 🔹 SYSTEM: Status check — Pending: 0, Running: 0
[2026-07-09 14:07:41] 🔹 SYSTEM: Fleet heartbeat updated
[2026-07-09 14:08:42] 🔹 SYSTEM: Fleet heartbeat updated
[2026-07-09 14:09:44] 🔹 SYSTEM: Fleet heartbeat updated
[2026-07-09 14:10:45] 🔹 SYSTEM: Fleet heartbeat updated
[2026-07-09 14:11:46] 🔹 SYSTEM: Fleet heartbeat updated
[2026-07-09 14:12:47] 🔹 SYSTEM: Fleet heartbeat updated
[2026-07-09 14:13:48] 🔹 SYSTEM: Fleet heartbeat updated
[2026-07-09 14:14:50] 🔹 SYSTEM: Fleet heartbeat updated
[2026-07-09 14:15:52] 🔹 SYSTEM: Fleet heartbeat updated
[2026-07-09 14:16:53] 🔹 SYSTEM: Fleet heartbeat updated
[2026-07-09 14:17:34] 🔹 SYSTEM: Status check — Pending: 0, Running: 0
[2026-07-09 14:17:54] 🔹 SYSTEM: Fleet heartbeat updated
[2026-07-09 14:18:55] 🔹 SYSTEM: Fleet heartbeat updated
[2026-07-09 14:19:57] 🔹 SYSTEM: Fleet heartbeat updated
[2026-07-09 14:20:58] 🔹 SYSTEM: Fleet heartbeat updated
[2026-07-09 14:21:59] 🔹 SYSTEM: Fleet heartbeat updated
[2026-07-09 14:23:01] 🔹 SYSTEM: Fleet heartbeat updated
[2026-07-09 14:24:02] 🔹 SYSTEM: Fleet heartbeat updated
[2026-07-09 14:25:03] 🔹 SYSTEM: Fleet heartbeat updated
[2026-07-09 14:26:04] 🔹 SYSTEM: Fleet heartbeat updated
[2026-07-09 14:27:06] 🔹 SYSTEM: Fleet heartbeat updated
[2026-07-09 14:27:47] 🔹 SYSTEM: Status check — Pending: 0, Running: 0
[2026-07-09 14:28:07] 🔹 SYSTEM: Fleet heartbeat updated
[2026-07-09 14:29:08] 🔹 SYSTEM: Fleet heartbeat updated
[2026-07-09 14:30:10] 🔹 SYSTEM: Fleet heartbeat updated
[2026-07-09 14:31:11] 🔹 SYSTEM: Fleet heartbeat updated
[2026-07-09 14:32:12] 🔹 SYSTEM: Fleet heartbeat updated
[2026-07-09 14:33:13] 🔹 SYSTEM: Fleet heartbeat updated
[2026-07-09 14:34:14] 🔹 SYSTEM: Fleet heartbeat updated
[2026-07-09 14:35:16] 🔹 SYSTEM: Fleet heartbeat updated
[2026-07-09 14:36:17] 🔹 SYSTEM: Fleet heartbeat updated
[2026-07-09 14:37:18] 🔹 SYSTEM: Fleet heartbeat updated
[2026-07-09 14:37:59] 🔹 SYSTEM: Status check — Pending: 0, Running: 0
[2026-07-09 14:38:19] 🔹 SYSTEM: Fleet heartbeat updated
[2026-07-09 14:39:20] 🔹 SYSTEM: Fleet heartbeat updated
[2026-07-09 14:40:21] 🔹 SYSTEM: Fleet heartbeat updated
[2026-07-09 14:41:23] 🔹 SYSTEM: Fleet heartbeat updated
[2026-07-09 14:42:24] 🔹 SYSTEM: Fleet heartbeat updated
[2026-07-09 14:43:25] 🔹 SYSTEM: Fleet heartbeat updated
[2026-07-09 14:44:26] 🔹 SYSTEM: Fleet heartbeat updated
[2026-07-09 14:45:31] 🔹 SYSTEM: Fleet heartbeat updated
[2026-07-09 14:46:32] 🔹 SYSTEM: Fleet heartbeat updated
[2026-07-09 14:47:33] 🔹 SYSTEM: Fleet heartbeat updated
[2026-07-09 14:48:14] 🔹 SYSTEM: Status check — Pending: 0, Running: 0
[2026-07-09 14:48:34] 🔹 SYSTEM: Fleet heartbeat updated
[2026-07-09 14:49:36] 🔹 SYSTEM: Fleet heartbeat updated
[2026-07-09 14:50:37] 🔹 SYSTEM: Fleet heartbeat updated
[2026-07-09 14:51:38] 🔹 SYSTEM: Fleet heartbeat updated
[2026-07-09 14:52:40] 🔹 SYSTEM: Fleet heartbeat updated
[2026-07-09 14:53:41] 🔹 SYSTEM: Fleet heartbeat updated
[2026-07-09 14:54:42] 🔹 SYSTEM: Fleet heartbeat updated
[2026-07-09 14:55:43] 🔹 SYSTEM: Fleet heartbeat updated
[2026-07-09 14:56:44] 🔹 SYSTEM: Fleet heartbeat updated
[2026-07-09 14:57:45] 🔹 SYSTEM: Fleet heartbeat updated
[2026-07-09 14:58:26] 🔹 SYSTEM: Status check — Pending: 0, Running: 0
[2026-07-09 14:58:47] 🔹 SYSTEM: Fleet heartbeat updated
[2026-07-09 14:59:48] 🔹 SYSTEM: Fleet heartbeat updated
[2026-07-09 15:00:49] 🔹 SYSTEM: Fleet heartbeat updated
[2026-07-09 15:01:50] 🔹 SYSTEM: Fleet heartbeat updated
[2026-07-09 15:02:51] 🔹 SYSTEM: Fleet heartbeat updated
[2026-07-09 15:03:52] 🔹 SYSTEM: Fleet heartbeat updated
[2026-07-09 15:04:53] 🔹 SYSTEM: Fleet heartbeat updated
[2026-07-09 15:05:55] 🔹 SYSTEM: Fleet heartbeat updated
[2026-07-09 15:06:56] 🔹 SYSTEM: Fleet heartbeat updated
[2026-07-09 15:07:57] 🔹 SYSTEM: Fleet heartbeat updated
[2026-07-09 15:08:38] 🔹 SYSTEM: Status check — Pending: 0, Running: 0
[2026-07-09 15:08:59] 🔹 SYSTEM: Fleet heartbeat updated
[2026-07-09 15:10:00] 🔹 SYSTEM: Fleet heartbeat updated
[2026-07-09 15:11:01] 🔹 SYSTEM: Fleet heartbeat updated
[2026-07-09 15:12:03] 🔹 SYSTEM: Fleet heartbeat updated
[2026-07-09 15:13:04] 🔹 SYSTEM: Fleet heartbeat updated
[2026-07-09 15:14:05] 🔹 SYSTEM: Fleet heartbeat updated
[2026-07-09 15:15:06] 🔹 SYSTEM: Fleet heartbeat updated
[2026-07-09 15:16:07] 🔹 SYSTEM: Fleet heartbeat updated
[2026-07-09 15:17:09] 🔹 SYSTEM: Fleet heartbeat updated
[2026-07-09 15:18:10] 🔹 SYSTEM: Fleet heartbeat updated
[2026-07-09 15:18:51] 🔹 SYSTEM: Status check — Pending: 0, Running: 0
[2026-07-09 15:19:11] 🔹 SYSTEM: Fleet heartbeat updated
[2026-07-09 15:20:12] 🔹 SYSTEM: Fleet heartbeat updated
[2026-07-09 15:21:13] 🔹 SYSTEM: Fleet heartbeat updated
[2026-07-09 15:22:15] 🔹 SYSTEM: Fleet heartbeat updated
[2026-07-09 15:23:16] 🔹 SYSTEM: Fleet heartbeat updated
[2026-07-09 15:24:17] 🔹 SYSTEM: Fleet heartbeat updated
[2026-07-09 15:25:18] 🔹 SYSTEM: Fleet heartbeat updated
[2026-07-09 15:26:19] 🔹 SYSTEM: Fleet heartbeat updated
[2026-07-09 15:27:20] 🔹 SYSTEM: Fleet heartbeat updated
[2026-07-09 15:28:22] 🔹 SYSTEM: Fleet heartbeat updated
[2026-07-09 15:29:03] 🔹 SYSTEM: Status check — Pending: 0, Running: 0
[2026-07-09 15:29:23] 🔹 SYSTEM: Fleet heartbeat updated
[2026-07-09 15:30:24] 🔹 SYSTEM: Fleet heartbeat updated
[2026-07-09 15:31:26] 🔹 SYSTEM: Fleet heartbeat updated
[2026-07-09 15:32:27] 🔹 SYSTEM: Fleet heartbeat updated
[2026-07-09 15:33:28] 🔹 SYSTEM: Fleet heartbeat updated
[2026-07-09 15:34:29] 🔹 SYSTEM: Fleet heartbeat updated
[2026-07-09 15:35:30] 🔹 SYSTEM: Fleet heartbeat updated
[2026-07-09 15:36:31] 🔹 SYSTEM: Fleet heartbeat updated
[2026-07-09 15:37:33] 🔹 SYSTEM: Fleet heartbeat updated
[2026-07-09 15:38:34] 🔹 SYSTEM: Fleet heartbeat updated
[2026-07-09 15:39:14] 🔹 SYSTEM: Status check — Pending: 0, Running: 0
[2026-07-09 15:39:35] 🔹 SYSTEM: Fleet heartbeat updated
[2026-07-09 15:40:36] 🔹 SYSTEM: Fleet heartbeat updated
[2026-07-09 15:41:37] 🔹 SYSTEM: Fleet heartbeat updated
[2026-07-09 15:42:39] 🔹 SYSTEM: Fleet heartbeat updated
[2026-07-09 15:43:40] 🔹 SYSTEM: Fleet heartbeat updated
[2026-07-09 15:44:45] 🔹 SYSTEM: Fleet heartbeat updated
[2026-07-09 15:45:47] 🔹 SYSTEM: Fleet heartbeat updated
[2026-07-09 15:46:48] 🔹 SYSTEM: Fleet heartbeat updated
[2026-07-09 15:47:50] 🔹 SYSTEM: Fleet heartbeat updated
[2026-07-09 15:48:51] 🔹 SYSTEM: Fleet heartbeat updated
[2026-07-09 15:49:32] 🔹 SYSTEM: Status check — Pending: 0, Running: 0
[2026-07-09 15:49:52] 🔹 SYSTEM: Fleet heartbeat updated
[2026-07-09 15:50:53] 🔹 SYSTEM: Fleet heartbeat updated
[2026-07-09 15:51:55] 🔹 SYSTEM: Fleet heartbeat updated
[2026-07-09 15:52:56] 🔹 SYSTEM: Fleet heartbeat updated
[2026-07-09 15:53:57] 🔹 SYSTEM: Fleet heartbeat updated
[2026-07-09 15:54:58] 🔹 SYSTEM: Fleet heartbeat updated
[2026-07-09 15:55:59] 🔹 SYSTEM: Fleet heartbeat updated
[2026-07-09 15:57:01] 🔹 SYSTEM: Fleet heartbeat updated
[2026-07-09 15:58:02] 🔹 SYSTEM: Fleet heartbeat updated
[2026-07-09 15:59:03] 🔹 SYSTEM: Fleet heartbeat updated
[2026-07-09 15:59:44] 🔹 SYSTEM: Status check — Pending: 0, Running: 0
[2026-07-09 16:00:04] 🔹 SYSTEM: Fleet heartbeat updated
[2026-07-09 16:01:06] 🔹 SYSTEM: Fleet heartbeat updated
[2026-07-09 16:02:07] 🔹 SYSTEM: Fleet heartbeat updated
[2026-07-09 16:03:08] 🔹 SYSTEM: Fleet heartbeat updated
[2026-07-09 16:04:09] 🔹 SYSTEM: Fleet heartbeat updated
[2026-07-09 16:05:10] 🔹 SYSTEM: Fleet heartbeat updated
[2026-07-09 16:06:11] 🔹 SYSTEM: Fleet heartbeat updated
[2026-07-09 16:07:13] 🔹 SYSTEM: Fleet heartbeat updated
[2026-07-09 16:08:14] 🔹 SYSTEM: Fleet heartbeat updated
[2026-07-09 16:09:15] 🔹 SYSTEM: Fleet heartbeat updated
[2026-07-09 16:09:56] 🔹 SYSTEM: Status check — Pending: 0, Running: 0
[2026-07-09 16:10:16] 🔹 SYSTEM: Fleet heartbeat updated
[2026-07-09 16:11:17] 🔹 SYSTEM: Fleet heartbeat updated
[2026-07-09 16:12:19] 🔹 SYSTEM: Fleet heartbeat updated
[2026-07-09 16:13:20] 🔹 SYSTEM: Fleet heartbeat updated
[2026-07-09 16:14:21] 🔹 SYSTEM: Fleet heartbeat updated
[2026-07-09 16:15:22] 🔹 SYSTEM: Fleet heartbeat updated
[2026-07-09 16:16:23] 🔹 SYSTEM: Fleet heartbeat updated
[2026-07-09 16:17:25] 🔹 SYSTEM: Fleet heartbeat updated
[2026-07-09 16:18:26] 🔹 SYSTEM: Fleet heartbeat updated
[2026-07-09 16:19:27] 🔹 SYSTEM: Fleet heartbeat updated
[2026-07-09 16:20:08] 🔹 SYSTEM: Status check — Pending: 0, Running: 0
[2026-07-09 16:20:29] 🔹 SYSTEM: Fleet heartbeat updated
[2026-07-09 16:21:30] 🔹 SYSTEM: Fleet heartbeat updated
[2026-07-09 16:22:31] 🔹 SYSTEM: Fleet heartbeat updated
[2026-07-09 16:23:32] 🔹 SYSTEM: Fleet heartbeat updated
[2026-07-09 16:24:34] 🔹 SYSTEM: Fleet heartbeat updated
[2026-07-09 16:25:35] 🔹 SYSTEM: Fleet heartbeat updated
[2026-07-09 16:26:36] 🔹 SYSTEM: Fleet heartbeat updated
[2026-07-09 16:27:37] 🔹 SYSTEM: Fleet heartbeat updated
[2026-07-09 16:28:38] 🔹 SYSTEM: Fleet heartbeat updated
[2026-07-09 16:29:39] 🔹 SYSTEM: Fleet heartbeat updated
[2026-07-09 16:30:20] 🔹 SYSTEM: Status check — Pending: 0, Running: 0
[2026-07-09 16:30:41] 🔹 SYSTEM: Fleet heartbeat updated
[2026-07-09 16:31:42] 🔹 SYSTEM: Fleet heartbeat updated
[2026-07-09 16:32:43] 🔹 SYSTEM: Fleet heartbeat updated
[2026-07-09 16:33:44] 🔹 SYSTEM: Fleet heartbeat updated
[2026-07-09 16:34:45] 🔹 SYSTEM: Fleet heartbeat updated
[2026-07-09 16:35:47] 🔹 SYSTEM: Fleet heartbeat updated
[2026-07-09 16:36:48] 🔹 SYSTEM: Fleet heartbeat updated
[2026-07-09 16:37:49] 🔹 SYSTEM: Fleet heartbeat updated
[2026-07-09 16:38:50] 🔹 SYSTEM: Fleet heartbeat updated
[2026-07-09 16:39:51] 🔹 SYSTEM: Fleet heartbeat updated
[2026-07-09 16:40:33] 🔹 SYSTEM: Status check — Pending: 0, Running: 0
[2026-07-09 16:40:53] 🔹 SYSTEM: Fleet heartbeat updated
[2026-07-09 16:41:54] 🔹 SYSTEM: Fleet heartbeat updated
[2026-07-09 16:42:55] 🔹 SYSTEM: Fleet heartbeat updated
[2026-07-09 16:43:56] 🔹 SYSTEM: Fleet heartbeat updated
[2026-07-09 16:44:58] 🔹 SYSTEM: Fleet heartbeat updated
[2026-07-09 16:46:01] 🔹 SYSTEM: Fleet heartbeat updated
[2026-07-09 16:47:04] 🔹 SYSTEM: Fleet heartbeat updated
[2026-07-09 16:48:06] 🔹 SYSTEM: Fleet heartbeat updated
[2026-07-09 16:49:07] 🔹 SYSTEM: Fleet heartbeat updated
[2026-07-09 16:50:08] 🔹 SYSTEM: Fleet heartbeat updated
[2026-07-09 16:50:49] 🔹 SYSTEM: Status check — Pending: 0, Running: 0
[2026-07-09 16:51:09] 🔹 SYSTEM: Fleet heartbeat updated
[2026-07-09 16:52:10] 🔹 SYSTEM: Fleet heartbeat updated
[2026-07-09 16:53:12] 🔹 SYSTEM: Fleet heartbeat updated
[2026-07-09 16:54:13] 🔹 SYSTEM: Fleet heartbeat updated
[2026-07-09 16:55:14] 🔹 SYSTEM: Fleet heartbeat updated
[2026-07-09 16:56:15] 🔹 SYSTEM: Fleet heartbeat updated
[2026-07-09 16:57:16] 🔹 SYSTEM: Fleet heartbeat updated
[2026-07-09 16:58:17] 🔹 SYSTEM: Fleet heartbeat updated
[2026-07-09 16:59:19] 🔹 SYSTEM: Fleet heartbeat updated
[2026-07-09 17:00:20] 🔹 SYSTEM: Fleet heartbeat updated
[2026-07-09 17:01:00] 🔹 SYSTEM: Status check — Pending: 0, Running: 0
[2026-07-09 17:01:21] 🔹 SYSTEM: Fleet heartbeat updated
[2026-07-09 17:02:22] 🔹 SYSTEM: Fleet heartbeat updated
[2026-07-09 17:03:23] 🔹 SYSTEM: Fleet heartbeat updated
[2026-07-09 17:04:24] 🔹 SYSTEM: Fleet heartbeat updated
[2026-07-09 17:05:26] 🔹 SYSTEM: Fleet heartbeat updated
[2026-07-09 17:06:27] 🔹 SYSTEM: Fleet heartbeat updated
[2026-07-09 17:07:28] 🔹 SYSTEM: Fleet heartbeat updated
[2026-07-09 17:08:30] 🔹 SYSTEM: Fleet heartbeat updated
[2026-07-09 17:09:31] 🔹 SYSTEM: Fleet heartbeat updated
[2026-07-09 17:10:32] 🔹 SYSTEM: Fleet heartbeat updated
[2026-07-09 17:11:14] 🔹 SYSTEM: Status check — Pending: 0, Running: 0
[2026-07-09 17:11:35] 🔹 SYSTEM: Fleet heartbeat updated
[2026-07-09 17:12:36] 🔹 SYSTEM: Fleet heartbeat updated
[2026-07-09 17:13:37] 🔹 SYSTEM: Fleet heartbeat updated
[2026-07-09 17:14:39] 🔹 SYSTEM: Fleet heartbeat updated
[2026-07-09 17:15:40] 🔹 SYSTEM: Fleet heartbeat updated
[2026-07-09 17:16:41] 🔹 SYSTEM: Fleet heartbeat updated
[2026-07-09 17:17:42] 🔹 SYSTEM: Fleet heartbeat updated
[2026-07-09 17:18:44] 🔹 SYSTEM: Fleet heartbeat updated
[2026-07-09 17:19:45] 🔹 SYSTEM: Fleet heartbeat updated
[2026-07-09 17:20:46] 🔹 SYSTEM: Fleet heartbeat updated
[2026-07-09 17:21:27] 🔹 SYSTEM: Status check — Pending: 0, Running: 0
[2026-07-09 17:21:47] 🔹 SYSTEM: Fleet heartbeat updated
[2026-07-09 17:22:49] 🔹 SYSTEM: Fleet heartbeat updated
[2026-07-09 17:23:50] 🔹 SYSTEM: Fleet heartbeat updated
[2026-07-09 17:24:51] 🔹 SYSTEM: Fleet heartbeat updated
[2026-07-09 17:25:52] 🔹 SYSTEM: Fleet heartbeat updated
[2026-07-09 17:26:53] 🔹 SYSTEM: Fleet heartbeat updated
[2026-07-09 17:27:54] 🔹 SYSTEM: Fleet heartbeat updated
[2026-07-09 17:28:56] 🔹 SYSTEM: Fleet heartbeat updated
[2026-07-09 17:29:57] 🔹 SYSTEM: Fleet heartbeat updated
[2026-07-09 17:30:58] 🔹 SYSTEM: Fleet heartbeat updated
[2026-07-09 17:31:39] 🔹 SYSTEM: Status check — Pending: 0, Running: 0
[2026-07-09 17:31:59] 🔹 SYSTEM: Fleet heartbeat updated
[2026-07-09 17:33:00] 🔹 SYSTEM: Fleet heartbeat updated
[2026-07-09 17:34:01] 🔹 SYSTEM: Fleet heartbeat updated
[2026-07-09 17:35:03] 🔹 SYSTEM: Fleet heartbeat updated
[2026-07-09 17:36:04] 🔹 SYSTEM: Fleet heartbeat updated
[2026-07-09 17:37:05] 🔹 SYSTEM: Fleet heartbeat updated
[2026-07-09 17:38:06] 🔹 SYSTEM: Fleet heartbeat updated
[2026-07-09 17:39:08] 🔹 SYSTEM: Fleet heartbeat updated
[2026-07-09 17:40:09] 🔹 SYSTEM: Fleet heartbeat updated
[2026-07-09 17:41:10] 🔹 SYSTEM: Fleet heartbeat updated
[2026-07-09 17:41:51] 🔹 SYSTEM: Status check — Pending: 0, Running: 0
[2026-07-09 17:42:12] 🔹 SYSTEM: Fleet heartbeat updated
[2026-07-09 17:43:13] 🔹 SYSTEM: Fleet heartbeat updated
[2026-07-09 17:44:14] 🔹 SYSTEM: Fleet heartbeat updated
[2026-07-09 17:45:16] 🔹 SYSTEM: Fleet heartbeat updated
[2026-07-09 17:46:18] 🔹 SYSTEM: Fleet heartbeat updated
[2026-07-09 17:47:19] 🔹 SYSTEM: Fleet heartbeat updated
[2026-07-09 17:48:20] 🔹 SYSTEM: Fleet heartbeat updated
[2026-07-09 17:49:21] 🔹 SYSTEM: Fleet heartbeat updated
[2026-07-09 17:50:21] 🔹 SYSTEM: Fleet heartbeat updated
[2026-07-09 17:51:22] 🔹 SYSTEM: Fleet heartbeat updated
[2026-07-09 17:52:03] 🔹 SYSTEM: Status check — Pending: 0, Running: 0
[2026-07-09 17:52:23] 🔹 SYSTEM: Fleet heartbeat updated
[2026-07-09 17:53:24] 🔹 SYSTEM: Fleet heartbeat updated
[2026-07-09 17:54:25] 🔹 SYSTEM: Fleet heartbeat updated
[2026-07-09 17:55:26] 🔹 SYSTEM: Fleet heartbeat updated
[2026-07-09 17:56:27] 🔹 SYSTEM: Fleet heartbeat updated
[2026-07-09 17:57:28] 🔹 SYSTEM: Fleet heartbeat updated
[2026-07-09 17:58:28] 🔹 SYSTEM: Fleet heartbeat updated
[2026-07-09 17:59:29] 🔹 SYSTEM: Fleet heartbeat updated
[2026-07-09 18:00:30] 🔹 SYSTEM: Fleet heartbeat updated
[2026-07-09 18:01:34] 🔹 SYSTEM: Fleet heartbeat updated
[2026-07-09 18:02:16] 🔹 SYSTEM: Status check — Pending: 0, Running: 0
[2026-07-09 18:02:36] 🔹 SYSTEM: Fleet heartbeat updated
[2026-07-09 18:03:37] 🔹 SYSTEM: Fleet heartbeat updated
[2026-07-09 18:04:38] 🔹 SYSTEM: Fleet heartbeat updated
[2026-07-09 18:05:39] 🔹 SYSTEM: Fleet heartbeat updated
[2026-07-09 18:06:41] 🔹 SYSTEM: Fleet heartbeat updated
[2026-07-09 18:07:43] 🔹 SYSTEM: Fleet heartbeat updated
[2026-07-09 18:08:44] 🔹 SYSTEM: Fleet heartbeat updated
[2026-07-09 18:09:46] 🔹 SYSTEM: Fleet heartbeat updated
[2026-07-09 18:10:48] 🔹 SYSTEM: Fleet heartbeat updated
[2026-07-09 18:11:49] 🔹 SYSTEM: Fleet heartbeat updated
[2026-07-09 18:12:30] 🔹 SYSTEM: Status check — Pending: 0, Running: 0
[2026-07-09 18:12:51] 🔹 SYSTEM: Fleet heartbeat updated
[2026-07-09 18:13:52] 🔹 SYSTEM: Fleet heartbeat updated
[2026-07-09 18:14:53] 🔹 SYSTEM: Fleet heartbeat updated
[2026-07-09 18:15:54] 🔹 SYSTEM: Fleet heartbeat updated
[2026-07-09 18:16:55] 🔹 SYSTEM: Fleet heartbeat updated
[2026-07-09 18:17:56] 🔹 SYSTEM: Fleet heartbeat updated
[2026-07-09 18:18:59] 🔹 SYSTEM: Fleet heartbeat updated
[2026-07-09 18:20:00] 🔹 SYSTEM: Fleet heartbeat updated
[2026-07-09 18:21:02] 🔹 SYSTEM: Fleet heartbeat updated
[2026-07-09 18:22:03] 🔹 SYSTEM: Fleet heartbeat updated
[2026-07-09 18:22:44] 🔹 SYSTEM: Status check — Pending: 0, Running: 0
[2026-07-09 18:23:04] 🔹 SYSTEM: Fleet heartbeat updated
[2026-07-09 18:24:06] 🔹 SYSTEM: Fleet heartbeat updated
[2026-07-09 18:25:07] 🔹 SYSTEM: Fleet heartbeat updated
[2026-07-09 18:26:08] 🔹 SYSTEM: Fleet heartbeat updated
[2026-07-09 18:27:10] 🔹 SYSTEM: Fleet heartbeat updated
[2026-07-09 18:28:11] 🔹 SYSTEM: Fleet heartbeat updated
[2026-07-09 18:29:13] 🔹 SYSTEM: Fleet heartbeat updated
[2026-07-09 18:30:15] 🔹 SYSTEM: Fleet heartbeat updated
[2026-07-09 18:31:16] 🔹 SYSTEM: Fleet heartbeat updated
[2026-07-09 18:32:17] 🔹 SYSTEM: Fleet heartbeat updated
[2026-07-09 18:32:58] 🔹 SYSTEM: Status check — Pending: 0, Running: 0
[2026-07-09 18:33:18] 🔹 SYSTEM: Fleet heartbeat updated
[2026-07-09 18:34:19] 🔹 SYSTEM: Fleet heartbeat updated
[2026-07-09 18:35:21] 🔹 SYSTEM: Fleet heartbeat updated
[2026-07-09 18:36:22] 🔹 SYSTEM: Fleet heartbeat updated
[2026-07-09 18:37:23] 🔹 SYSTEM: Fleet heartbeat updated
[2026-07-09 18:38:24] 🔹 SYSTEM: Fleet heartbeat updated
[2026-07-09 18:39:26] 🔹 SYSTEM: Fleet heartbeat updated
[2026-07-09 18:40:27] 🔹 SYSTEM: Fleet heartbeat updated
[2026-07-09 18:41:28] 🔹 SYSTEM: Fleet heartbeat updated
[2026-07-09 18:42:29] 🔹 SYSTEM: Fleet heartbeat updated
[2026-07-09 18:43:10] 🔹 SYSTEM: Status check — Pending: 0, Running: 0
[2026-07-09 18:43:30] 🔹 SYSTEM: Fleet heartbeat updated
[2026-07-09 18:44:31] 🔹 SYSTEM: Fleet heartbeat updated
[2026-07-09 18:45:33] 🔹 SYSTEM: Fleet heartbeat updated
[2026-07-09 18:46:34] 🔹 SYSTEM: Fleet heartbeat updated
[2026-07-09 18:47:35] 🔹 SYSTEM: Fleet heartbeat updated
[2026-07-09 18:48:36] 🔹 SYSTEM: Fleet heartbeat updated
[2026-07-09 18:49:38] 🔹 SYSTEM: Fleet heartbeat updated
[2026-07-09 18:50:39] 🔹 SYSTEM: Fleet heartbeat updated
[2026-07-09 18:51:40] 🔹 SYSTEM: Fleet heartbeat updated
[2026-07-09 18:52:41] 🔹 SYSTEM: Fleet heartbeat updated
[2026-07-09 18:53:22] 🔹 SYSTEM: Status check — Pending: 0, Running: 0
[2026-07-09 18:53:43] 🔹 SYSTEM: Fleet heartbeat updated
[2026-07-09 18:54:44] 🔹 SYSTEM: Fleet heartbeat updated
[2026-07-09 18:55:45] 🔹 SYSTEM: Fleet heartbeat updated
[2026-07-09 18:56:46] 🔹 SYSTEM: Fleet heartbeat updated
[2026-07-09 18:57:48] 🔹 SYSTEM: Fleet heartbeat updated
[2026-07-09 18:58:49] 🔹 SYSTEM: Fleet heartbeat updated
[2026-07-09 18:59:50] 🔹 SYSTEM: Fleet heartbeat updated
[2026-07-09 19:00:51] 🔹 SYSTEM: Fleet heartbeat updated
[2026-07-09 19:01:53] 🔹 SYSTEM: Fleet heartbeat updated
[2026-07-09 19:02:54] 🔹 SYSTEM: Fleet heartbeat updated
[2026-07-09 19:03:34] 🔹 SYSTEM: Status check — Pending: 0, Running: 0
[2026-07-09 19:03:55] 🔹 SYSTEM: Fleet heartbeat updated
[2026-07-09 19:04:56] 🔹 SYSTEM: Fleet heartbeat updated
[2026-07-09 19:05:57] 🔹 SYSTEM: Fleet heartbeat updated
[2026-07-09 19:06:58] 🔹 SYSTEM: Fleet heartbeat updated
[2026-07-09 19:07:59] 🔹 SYSTEM: Fleet heartbeat updated
[2026-07-09 19:09:00] 🔹 SYSTEM: Fleet heartbeat updated
[2026-07-09 19:10:02] 🔹 SYSTEM: Fleet heartbeat updated
[2026-07-09 19:11:03] 🔹 SYSTEM: Fleet heartbeat updated
[2026-07-09 19:12:04] 🔹 SYSTEM: Fleet heartbeat updated
[2026-07-09 19:13:06] 🔹 SYSTEM: Fleet heartbeat updated
[2026-07-09 19:13:46] 🔹 SYSTEM: Status check — Pending: 0, Running: 0
[2026-07-09 19:14:07] 🔹 SYSTEM: Fleet heartbeat updated
[2026-07-09 19:15:08] 🔹 SYSTEM: Fleet heartbeat updated
[2026-07-09 19:16:09] 🔹 SYSTEM: Fleet heartbeat updated
[2026-07-09 19:17:10] 🔹 SYSTEM: Fleet heartbeat updated
[2026-07-09 19:18:12] 🔹 SYSTEM: Fleet heartbeat updated
[2026-07-09 19:19:13] 🔹 SYSTEM: Fleet heartbeat updated
[2026-07-09 19:20:14] 🔹 SYSTEM: Fleet heartbeat updated
[2026-07-09 19:21:15] 🔹 SYSTEM: Fleet heartbeat updated
[2026-07-09 19:22:17] 🔹 SYSTEM: Fleet heartbeat updated
[2026-07-09 19:23:18] 🔹 SYSTEM: Fleet heartbeat updated
[2026-07-09 19:23:59] 🔹 SYSTEM: Status check — Pending: 0, Running: 0
[2026-07-09 19:24:19] 🔹 SYSTEM: Fleet heartbeat updated
[2026-07-09 19:25:20] 🔹 SYSTEM: Fleet heartbeat updated
[2026-07-09 19:26:21] 🔹 SYSTEM: Fleet heartbeat updated
[2026-07-09 19:27:23] 🔹 SYSTEM: Fleet heartbeat updated
[2026-07-09 19:28:24] 🔹 SYSTEM: Fleet heartbeat updated
[2026-07-09 19:29:25] 🔹 SYSTEM: Fleet heartbeat updated
[2026-07-09 19:30:26] 🔹 SYSTEM: Fleet heartbeat updated
[2026-07-09 19:31:28] 🔹 SYSTEM: Fleet heartbeat updated
[2026-07-09 19:32:29] 🔹 SYSTEM: Fleet heartbeat updated
[2026-07-09 19:33:30] 🔹 SYSTEM: Fleet heartbeat updated
[2026-07-09 19:34:11] 🔹 SYSTEM: Status check — Pending: 0, Running: 0
[2026-07-09 19:34:31] 🔹 SYSTEM: Fleet heartbeat updated
[2026-07-09 19:35:33] 🔹 SYSTEM: Fleet heartbeat updated
[2026-07-09 19:36:34] 🔹 SYSTEM: Fleet heartbeat updated
[2026-07-09 19:37:35] 🔹 SYSTEM: Fleet heartbeat updated
[2026-07-09 19:38:36] 🔹 SYSTEM: Fleet heartbeat updated
[2026-07-09 19:39:37] 🔹 SYSTEM: Fleet heartbeat updated
[2026-07-09 19:40:39] 🔹 SYSTEM: Fleet heartbeat updated
[2026-07-09 19:41:40] 🔹 SYSTEM: Fleet heartbeat updated
[2026-07-09 19:42:41] 🔹 SYSTEM: Fleet heartbeat updated
[2026-07-09 19:43:43] 🔹 SYSTEM: Fleet heartbeat updated
[2026-07-09 19:44:23] 🔹 SYSTEM: Status check — Pending: 0, Running: 0
[2026-07-09 19:44:44] 🔹 SYSTEM: Fleet heartbeat updated
[2026-07-09 19:45:46] 🔹 SYSTEM: Fleet heartbeat updated
[2026-07-09 19:46:47] 🔹 SYSTEM: Fleet heartbeat updated
[2026-07-09 19:47:48] 🔹 SYSTEM: Fleet heartbeat updated
[2026-07-09 19:48:49] 🔹 SYSTEM: Fleet heartbeat updated
[2026-07-09 19:49:51] 🔹 SYSTEM: Fleet heartbeat updated
[2026-07-09 19:50:52] 🔹 SYSTEM: Fleet heartbeat updated
[2026-07-09 19:51:53] 🔹 SYSTEM: Fleet heartbeat updated
[2026-07-09 19:52:54] 🔹 SYSTEM: Fleet heartbeat updated
[2026-07-09 19:53:56] 🔹 SYSTEM: Fleet heartbeat updated
[2026-07-09 19:54:36] 🔹 SYSTEM: Status check — Pending: 0, Running: 0
[2026-07-09 19:54:57] 🔹 SYSTEM: Fleet heartbeat updated
[2026-07-09 19:55:58] 🔹 SYSTEM: Fleet heartbeat updated
[2026-07-09 19:56:59] 🔹 SYSTEM: Fleet heartbeat updated
[2026-07-09 19:58:01] 🔹 SYSTEM: Fleet heartbeat updated
[2026-07-09 19:59:02] 🔹 SYSTEM: Fleet heartbeat updated
[2026-07-09 20:00:03] 🔹 SYSTEM: Fleet heartbeat updated
[2026-07-09 20:01:04] 🔹 SYSTEM: Fleet heartbeat updated
[2026-07-09 20:02:06] 🔹 SYSTEM: Fleet heartbeat updated
[2026-07-09 20:03:07] 🔹 SYSTEM: Fleet heartbeat updated
[2026-07-09 20:04:08] 🔹 SYSTEM: Fleet heartbeat updated
[2026-07-09 20:04:49] 🔹 SYSTEM: Status check — Pending: 0, Running: 0
[2026-07-09 20:05:09] 🔹 SYSTEM: Fleet heartbeat updated
[2026-07-09 20:06:10] 🔹 SYSTEM: Fleet heartbeat updated
[2026-07-09 20:07:11] 🔹 SYSTEM: Fleet heartbeat updated
[2026-07-09 20:08:13] 🔹 SYSTEM: Fleet heartbeat updated
[2026-07-09 20:09:14] 🔹 SYSTEM: Fleet heartbeat updated
[2026-07-09 20:10:15] 🔹 SYSTEM: Fleet heartbeat updated
[2026-07-09 20:11:16] 🔹 SYSTEM: Fleet heartbeat updated
[2026-07-09 20:12:18] 🔹 SYSTEM: Fleet heartbeat updated
[2026-07-09 20:13:19] 🔹 SYSTEM: Fleet heartbeat updated
[2026-07-09 20:14:20] 🔹 SYSTEM: Fleet heartbeat updated
[2026-07-09 20:15:01] 🔹 SYSTEM: Status check — Pending: 0, Running: 0
[2026-07-09 20:15:21] 🔹 SYSTEM: Fleet heartbeat updated
[2026-07-09 20:16:23] 🔹 SYSTEM: Fleet heartbeat updated
[2026-07-09 20:17:24] 🔹 SYSTEM: Fleet heartbeat updated
[2026-07-09 20:18:25] 🔹 SYSTEM: Fleet heartbeat updated
[2026-07-09 20:19:26] 🔹 SYSTEM: Fleet heartbeat updated
[2026-07-09 20:20:28] 🔹 SYSTEM: Fleet heartbeat updated
[2026-07-09 20:21:29] 🔹 SYSTEM: Fleet heartbeat updated
[2026-07-09 20:22:30] 🔹 SYSTEM: Fleet heartbeat updated
[2026-07-09 20:23:32] 🔹 SYSTEM: Fleet heartbeat updated
[2026-07-09 20:24:33] 🔹 SYSTEM: Fleet heartbeat updated
[2026-07-09 20:25:14] 🔹 SYSTEM: Status check — Pending: 0, Running: 0
[2026-07-09 20:25:34] 🔹 SYSTEM: Fleet heartbeat updated
[2026-07-09 20:26:35] 🔹 SYSTEM: Fleet heartbeat updated
[2026-07-09 20:27:36] 🔹 SYSTEM: Fleet heartbeat updated
[2026-07-09 20:28:38] 🔹 SYSTEM: Fleet heartbeat updated
[2026-07-09 20:29:39] 🔹 SYSTEM: Fleet heartbeat updated
[2026-07-09 20:30:40] 🔹 SYSTEM: Fleet heartbeat updated
[2026-07-09 20:31:41] 🔹 SYSTEM: Fleet heartbeat updated
[2026-07-09 20:32:42] 🔹 SYSTEM: Fleet heartbeat updated
[2026-07-09 20:33:44] 🔹 SYSTEM: Fleet heartbeat updated
[2026-07-09 20:34:45] 🔹 SYSTEM: Fleet heartbeat updated
[2026-07-09 20:35:26] 🔹 SYSTEM: Status check — Pending: 0, Running: 0
[2026-07-09 20:35:46] 🔹 SYSTEM: Fleet heartbeat updated
[2026-07-09 20:36:48] 🔹 SYSTEM: Fleet heartbeat updated
[2026-07-09 20:37:49] 🔹 SYSTEM: Fleet heartbeat updated
[2026-07-09 20:38:50] 🔹 SYSTEM: Fleet heartbeat updated
[2026-07-09 20:39:51] 🔹 SYSTEM: Fleet heartbeat updated
[2026-07-09 20:40:52] 🔹 SYSTEM: Fleet heartbeat updated
[2026-07-09 20:41:53] 🔹 SYSTEM: Fleet heartbeat updated
[2026-07-09 20:42:54] 🔹 SYSTEM: Fleet heartbeat updated
[2026-07-09 20:43:56] 🔹 SYSTEM: Fleet heartbeat updated
[2026-07-09 20:45:00] 🔹 SYSTEM: Fleet heartbeat updated
[2026-07-09 20:45:43] 🔹 SYSTEM: Status check — Pending: 0, Running: 0
[2026-07-09 20:46:06] 🔹 SYSTEM: Fleet heartbeat updated
[2026-07-09 20:47:08] 🔹 SYSTEM: Fleet heartbeat updated
[2026-07-09 20:48:09] 🔹 SYSTEM: Fleet heartbeat updated
[2026-07-09 20:49:10] 🔹 SYSTEM: Fleet heartbeat updated
[2026-07-09 20:50:11] 🔹 SYSTEM: Fleet heartbeat updated
[2026-07-09 20:51:12] 🔹 SYSTEM: Fleet heartbeat updated
[2026-07-09 20:52:14] 🔹 SYSTEM: Fleet heartbeat updated
[2026-07-09 20:53:15] 🔹 SYSTEM: Fleet heartbeat updated
[2026-07-09 20:54:16] 🔹 SYSTEM: Fleet heartbeat updated
[2026-07-09 20:55:17] 🔹 SYSTEM: Fleet heartbeat updated
[2026-07-09 20:55:58] 🔹 SYSTEM: Status check — Pending: 0, Running: 0
[2026-07-09 20:56:19] 🔹 SYSTEM: Fleet heartbeat updated
[2026-07-09 20:57:20] 🔹 SYSTEM: Fleet heartbeat updated
[2026-07-09 20:58:21] 🔹 SYSTEM: Fleet heartbeat updated
[2026-07-09 20:59:23] 🔹 SYSTEM: Fleet heartbeat updated
[2026-07-09 21:00:24] 🔹 SYSTEM: Fleet heartbeat updated
[2026-07-09 21:01:25] 🔹 SYSTEM: Fleet heartbeat updated
[2026-07-09 21:02:26] 🔹 SYSTEM: Fleet heartbeat updated
[2026-07-09 21:03:27] 🔹 SYSTEM: Fleet heartbeat updated
[2026-07-09 21:04:29] 🔹 SYSTEM: Fleet heartbeat updated
[2026-07-09 21:05:30] 🔹 SYSTEM: Fleet heartbeat updated
[2026-07-09 21:06:11] 🔹 SYSTEM: Status check — Pending: 0, Running: 0
[2026-07-09 21:06:31] 🔹 SYSTEM: Fleet heartbeat updated
[2026-07-09 21:07:32] 🔹 SYSTEM: Fleet heartbeat updated
[2026-07-09 21:08:34] 🔹 SYSTEM: Fleet heartbeat updated
[2026-07-09 21:09:35] 🔹 SYSTEM: Fleet heartbeat updated
[2026-07-09 21:10:36] 🔹 SYSTEM: Fleet heartbeat updated
[2026-07-09 21:11:37] 🔹 SYSTEM: Fleet heartbeat updated
[2026-07-09 21:12:38] 🔹 SYSTEM: Fleet heartbeat updated
[2026-07-09 21:13:40] 🔹 SYSTEM: Fleet heartbeat updated
[2026-07-09 21:14:41] 🔹 SYSTEM: Fleet heartbeat updated
[2026-07-09 21:15:42] 🔹 SYSTEM: Fleet heartbeat updated
[2026-07-09 21:16:23] 🔹 SYSTEM: Status check — Pending: 0, Running: 0
[2026-07-09 21:16:43] 🔹 SYSTEM: Fleet heartbeat updated
[2026-07-09 21:17:44] 🔹 SYSTEM: Fleet heartbeat updated
[2026-07-09 21:18:46] 🔹 SYSTEM: Fleet heartbeat updated
[2026-07-09 21:19:47] 🔹 SYSTEM: Fleet heartbeat updated
[2026-07-09 21:20:48] 🔹 SYSTEM: Fleet heartbeat updated
[2026-07-09 21:21:49] 🔹 SYSTEM: Fleet heartbeat updated
[2026-07-09 21:22:50] 🔹 SYSTEM: Fleet heartbeat updated
[2026-07-09 21:23:52] 🔹 SYSTEM: Fleet heartbeat updated
[2026-07-09 21:24:53] 🔹 SYSTEM: Fleet heartbeat updated
[2026-07-09 21:25:54] 🔹 SYSTEM: Fleet heartbeat updated
[2026-07-09 21:26:35] 🔹 SYSTEM: Status check — Pending: 0, Running: 0
[2026-07-09 21:26:55] 🔹 SYSTEM: Fleet heartbeat updated
[2026-07-09 21:27:57] 🔹 SYSTEM: Fleet heartbeat updated
[2026-07-09 21:28:58] 🔹 SYSTEM: Fleet heartbeat updated
[2026-07-09 21:29:59] 🔹 SYSTEM: Fleet heartbeat updated
[2026-07-09 21:31:00] 🔹 SYSTEM: Fleet heartbeat updated
[2026-07-09 21:32:01] 🔹 SYSTEM: Fleet heartbeat updated
[2026-07-09 21:33:03] 🔹 SYSTEM: Fleet heartbeat updated
[2026-07-09 21:34:04] 🔹 SYSTEM: Fleet heartbeat updated
[2026-07-09 21:35:05] 🔹 SYSTEM: Fleet heartbeat updated
[2026-07-09 21:36:06] 🔹 SYSTEM: Fleet heartbeat updated
[2026-07-09 21:36:47] 🔹 SYSTEM: Status check — Pending: 0, Running: 0
[2026-07-09 21:37:07] 🔹 SYSTEM: Fleet heartbeat updated
[2026-07-09 21:38:08] 🔹 SYSTEM: Fleet heartbeat updated
[2026-07-09 21:39:10] 🔹 SYSTEM: Fleet heartbeat updated
[2026-07-09 21:40:11] 🔹 SYSTEM: Fleet heartbeat updated
[2026-07-09 21:41:12] 🔹 SYSTEM: Fleet heartbeat updated
[2026-07-09 21:42:13] 🔹 SYSTEM: Fleet heartbeat updated
[2026-07-09 21:43:15] 🔹 SYSTEM: Fleet heartbeat updated
[2026-07-09 21:44:16] 🔹 SYSTEM: Fleet heartbeat updated
[2026-07-09 21:45:18] 🔹 SYSTEM: Fleet heartbeat updated
[2026-07-09 21:46:21] 🔹 SYSTEM: Fleet heartbeat updated
[2026-07-09 21:47:02] 🔹 SYSTEM: Status check — Pending: 0, Running: 0
[2026-07-09 21:47:22] 🔹 SYSTEM: Fleet heartbeat updated
[2026-07-09 21:48:23] 🔹 SYSTEM: Fleet heartbeat updated
[2026-07-09 21:49:24] 🔹 SYSTEM: Fleet heartbeat updated
[2026-07-09 21:50:26] 🔹 SYSTEM: Fleet heartbeat updated
[2026-07-09 21:51:27] 🔹 SYSTEM: Fleet heartbeat updated
[2026-07-09 21:52:28] 🔹 SYSTEM: Fleet heartbeat updated
[2026-07-09 21:53:29] 🔹 SYSTEM: Fleet heartbeat updated
[2026-07-09 21:54:31] 🔹 SYSTEM: Fleet heartbeat updated
[2026-07-09 21:55:32] 🔹 SYSTEM: Fleet heartbeat updated
[2026-07-09 21:56:33] 🔹 SYSTEM: Fleet heartbeat updated
[2026-07-09 21:57:14] 🔹 SYSTEM: Status check — Pending: 0, Running: 0
[2026-07-09 21:57:34] 🔹 SYSTEM: Fleet heartbeat updated
[2026-07-09 21:58:36] 🔹 SYSTEM: Fleet heartbeat updated
[2026-07-09 21:59:37] 🔹 SYSTEM: Fleet heartbeat updated
[2026-07-09 22:00:38] 🔹 SYSTEM: Fleet heartbeat updated
[2026-07-09 22:01:39] 🔹 SYSTEM: Fleet heartbeat updated
[2026-07-09 22:02:40] 🔹 SYSTEM: Fleet heartbeat updated
[2026-07-09 22:03:42] 🔹 SYSTEM: Fleet heartbeat updated
[2026-07-09 22:04:43] 🔹 SYSTEM: Fleet heartbeat updated
[2026-07-09 22:05:44] 🔹 SYSTEM: Fleet heartbeat updated
[2026-07-09 22:06:45] 🔹 SYSTEM: Fleet heartbeat updated
[2026-07-09 22:07:26] 🔹 SYSTEM: Status check — Pending: 0, Running: 0
[2026-07-09 22:07:46] 🔹 SYSTEM: Fleet heartbeat updated
[2026-07-09 22:08:48] 🔹 SYSTEM: Fleet heartbeat updated
[2026-07-09 22:09:49] 🔹 SYSTEM: Fleet heartbeat updated
[2026-07-09 22:10:50] 🔹 SYSTEM: Fleet heartbeat updated
[2026-07-09 22:11:51] 🔹 SYSTEM: Fleet heartbeat updated
[2026-07-09 22:12:52] 🔹 SYSTEM: Fleet heartbeat updated
[2026-07-09 22:13:54] 🔹 SYSTEM: Fleet heartbeat updated
[2026-07-09 22:14:55] 🔹 SYSTEM: Fleet heartbeat updated
[2026-07-09 22:15:56] 🔹 SYSTEM: Fleet heartbeat updated
[2026-07-09 22:16:57] 🔹 SYSTEM: Fleet heartbeat updated
[2026-07-09 22:17:38] 🔹 SYSTEM: Status check — Pending: 0, Running: 0
[2026-07-09 22:17:58] 🔹 SYSTEM: Fleet heartbeat updated
[2026-07-09 22:18:59] 🔹 SYSTEM: Fleet heartbeat updated
[2026-07-09 22:20:01] 🔹 SYSTEM: Fleet heartbeat updated
[2026-07-09 22:21:02] 🔹 SYSTEM: Fleet heartbeat updated
[2026-07-09 22:22:03] 🔹 SYSTEM: Fleet heartbeat updated
[2026-07-09 22:23:04] 🔹 SYSTEM: Fleet heartbeat updated
[2026-07-09 22:24:05] 🔹 SYSTEM: Fleet heartbeat updated
[2026-07-09 22:25:07] 🔹 SYSTEM: Fleet heartbeat updated
[2026-07-09 22:26:08] 🔹 SYSTEM: Fleet heartbeat updated
[2026-07-09 22:27:09] 🔹 SYSTEM: Fleet heartbeat updated
[2026-07-09 22:27:50] 🔹 SYSTEM: Status check — Pending: 0, Running: 0
[2026-07-09 22:28:10] 🔹 SYSTEM: Fleet heartbeat updated
[2026-07-09 22:29:11] 🔹 SYSTEM: Fleet heartbeat updated
[2026-07-09 22:30:13] 🔹 SYSTEM: Fleet heartbeat updated
[2026-07-09 22:31:14] 🔹 SYSTEM: Fleet heartbeat updated
[2026-07-09 22:32:15] 🔹 SYSTEM: Fleet heartbeat updated
[2026-07-09 22:33:16] 🔹 SYSTEM: Fleet heartbeat updated
[2026-07-09 22:34:17] 🔹 SYSTEM: Fleet heartbeat updated
[2026-07-09 22:35:18] 🔹 SYSTEM: Fleet heartbeat updated
[2026-07-09 22:36:20] 🔹 SYSTEM: Fleet heartbeat updated
[2026-07-09 22:37:21] 🔹 SYSTEM: Fleet heartbeat updated
[2026-07-09 22:38:02] 🔹 SYSTEM: Status check — Pending: 0, Running: 0
[2026-07-09 22:38:22] 🔹 SYSTEM: Fleet heartbeat updated
[2026-07-09 22:39:24] 🔹 SYSTEM: Fleet heartbeat updated
[2026-07-09 22:40:25] 🔹 SYSTEM: Fleet heartbeat updated
[2026-07-09 22:41:26] 🔹 SYSTEM: Fleet heartbeat updated
[2026-07-09 22:42:27] 🔹 SYSTEM: Fleet heartbeat updated
[2026-07-09 22:43:29] 🔹 SYSTEM: Fleet heartbeat updated
[2026-07-09 22:44:30] 🔹 SYSTEM: Fleet heartbeat updated
[2026-07-09 22:45:38] 🔹 SYSTEM: Fleet heartbeat updated
[2026-07-09 22:46:39] 🔹 SYSTEM: Fleet heartbeat updated
[2026-07-09 22:47:41] 🔹 SYSTEM: Fleet heartbeat updated
[2026-07-09 22:48:22] 🔹 SYSTEM: Status check — Pending: 0, Running: 0
[2026-07-09 22:48:42] 🔹 SYSTEM: Fleet heartbeat updated
[2026-07-09 22:49:43] 🔹 SYSTEM: Fleet heartbeat updated
[2026-07-09 22:50:44] 🔹 SYSTEM: Fleet heartbeat updated
[2026-07-09 22:51:46] 🔹 SYSTEM: Fleet heartbeat updated
[2026-07-09 22:52:47] 🔹 SYSTEM: Fleet heartbeat updated
[2026-07-09 22:53:48] 🔹 SYSTEM: Fleet heartbeat updated
[2026-07-09 22:54:49] 🔹 SYSTEM: Fleet heartbeat updated
[2026-07-09 22:55:51] 🔹 SYSTEM: Fleet heartbeat updated
[2026-07-09 22:56:52] 🔹 SYSTEM: Fleet heartbeat updated
[2026-07-09 22:57:53] 🔹 SYSTEM: Fleet heartbeat updated
[2026-07-09 22:58:34] 🔹 SYSTEM: Status check — Pending: 0, Running: 0
[2026-07-09 22:58:54] 🔹 SYSTEM: Fleet heartbeat updated
[2026-07-09 22:59:55] 🔹 SYSTEM: Fleet heartbeat updated
[2026-07-09 23:00:57] 🔹 SYSTEM: Fleet heartbeat updated
[2026-07-09 23:01:57] 🔹 SYSTEM: Fleet heartbeat updated
[2026-07-09 23:02:59] 🔹 SYSTEM: Fleet heartbeat updated
[2026-07-09 23:04:00] 🔹 SYSTEM: Fleet heartbeat updated
[2026-07-09 23:05:01] 🔹 SYSTEM: Fleet heartbeat updated
[2026-07-09 23:06:02] 🔹 SYSTEM: Fleet heartbeat updated
[2026-07-09 23:07:03] 🔹 SYSTEM: Fleet heartbeat updated
[2026-07-09 23:08:05] 🔹 SYSTEM: Fleet heartbeat updated
[2026-07-09 23:08:45] 🔹 SYSTEM: Status check — Pending: 0, Running: 0
[2026-07-09 23:09:06] 🔹 SYSTEM: Fleet heartbeat updated
[2026-07-09 23:10:07] 🔹 SYSTEM: Fleet heartbeat updated
[2026-07-09 23:11:08] 🔹 SYSTEM: Fleet heartbeat updated
[2026-07-09 23:12:10] 🔹 SYSTEM: Fleet heartbeat updated
[2026-07-09 23:13:11] 🔹 SYSTEM: Fleet heartbeat updated
[2026-07-09 23:14:12] 🔹 SYSTEM: Fleet heartbeat updated
[2026-07-09 23:15:13] 🔹 SYSTEM: Fleet heartbeat updated
[2026-07-09 23:16:14] 🔹 SYSTEM: Fleet heartbeat updated
[2026-07-09 23:17:15] 🔹 SYSTEM: Fleet heartbeat updated
[2026-07-09 23:18:17] 🔹 SYSTEM: Fleet heartbeat updated
[2026-07-09 23:18:57] 🔹 SYSTEM: Status check — Pending: 0, Running: 0
[2026-07-09 23:19:18] 🔹 SYSTEM: Fleet heartbeat updated
[2026-07-09 23:20:19] 🔹 SYSTEM: Fleet heartbeat updated
[2026-07-09 23:21:20] 🔹 SYSTEM: Fleet heartbeat updated
[2026-07-09 23:22:21] 🔹 SYSTEM: Fleet heartbeat updated
[2026-07-09 23:23:23] 🔹 SYSTEM: Fleet heartbeat updated
[2026-07-09 23:24:24] 🔹 SYSTEM: Fleet heartbeat updated
[2026-07-09 23:25:25] 🔹 SYSTEM: Fleet heartbeat updated
[2026-07-09 23:26:26] 🔹 SYSTEM: Fleet heartbeat updated
[2026-07-09 23:27:27] 🔹 SYSTEM: Fleet heartbeat updated
[2026-07-09 23:28:28] 🔹 SYSTEM: Fleet heartbeat updated
[2026-07-09 23:29:09] 🔹 SYSTEM: Status check — Pending: 0, Running: 0
[2026-07-09 23:29:30] 🔹 SYSTEM: Fleet heartbeat updated
[2026-07-09 23:30:31] 🔹 SYSTEM: Fleet heartbeat updated
[2026-07-09 23:31:32] 🔹 SYSTEM: Fleet heartbeat updated
[2026-07-09 23:32:34] 🔹 SYSTEM: Fleet heartbeat updated
[2026-07-09 23:33:35] 🔹 SYSTEM: Fleet heartbeat updated
[2026-07-09 23:34:36] 🔹 SYSTEM: Fleet heartbeat updated
[2026-07-09 23:35:37] 🔹 SYSTEM: Fleet heartbeat updated
[2026-07-09 23:36:38] 🔹 SYSTEM: Fleet heartbeat updated
[2026-07-09 23:37:40] 🔹 SYSTEM: Fleet heartbeat updated
[2026-07-09 23:38:41] 🔹 SYSTEM: Fleet heartbeat updated
[2026-07-09 23:39:22] 🔹 SYSTEM: Status check — Pending: 0, Running: 0
[2026-07-09 23:39:42] 🔹 SYSTEM: Fleet heartbeat updated
[2026-07-09 23:40:43] 🔹 SYSTEM: Fleet heartbeat updated
[2026-07-09 23:41:45] 🔹 SYSTEM: Fleet heartbeat updated
[2026-07-09 23:42:46] 🔹 SYSTEM: Fleet heartbeat updated
[2026-07-09 23:43:47] 🔹 SYSTEM: Fleet heartbeat updated
[2026-07-09 23:44:49] 🔹 SYSTEM: Fleet heartbeat updated
[2026-07-09 23:45:51] 🔹 SYSTEM: Fleet heartbeat updated
[2026-07-09 23:46:56] 🔹 SYSTEM: Fleet heartbeat updated
[2026-07-09 23:47:57] 🔹 SYSTEM: Fleet heartbeat updated
[2026-07-09 23:48:58] 🔹 SYSTEM: Fleet heartbeat updated
[2026-07-09 23:49:39] 🔹 SYSTEM: Status check — Pending: 0, Running: 0
[2026-07-09 23:49:59] 🔹 SYSTEM: Fleet heartbeat updated
[2026-07-09 23:51:01] 🔹 SYSTEM: Fleet heartbeat updated
[2026-07-09 23:52:02] 🔹 SYSTEM: Fleet heartbeat updated
[2026-07-09 23:53:03] 🔹 SYSTEM: Fleet heartbeat updated
[2026-07-09 23:54:04] 🔹 SYSTEM: Fleet heartbeat updated
[2026-07-09 23:55:06] 🔹 SYSTEM: Fleet heartbeat updated
[2026-07-09 23:56:07] 🔹 SYSTEM: Fleet heartbeat updated
[2026-07-09 23:57:08] 🔹 SYSTEM: Fleet heartbeat updated
[2026-07-09 23:58:09] 🔹 SYSTEM: Fleet heartbeat updated
[2026-07-09 23:59:10] 🔹 SYSTEM: Fleet heartbeat updated
[2026-07-09 23:59:51] 🔹 SYSTEM: Status check — Pending: 0, Running: 0
[2026-07-10 00:00:12] 🔹 SYSTEM: Fleet heartbeat updated
[2026-07-10 00:01:13] 🔹 SYSTEM: Fleet heartbeat updated
[2026-07-10 00:02:14] 🔹 SYSTEM: Fleet heartbeat updated
[2026-07-10 00:03:16] 🔹 SYSTEM: Fleet heartbeat updated
[2026-07-10 00:04:17] 🔹 SYSTEM: Fleet heartbeat updated
[2026-07-10 00:05:18] 🔹 SYSTEM: Fleet heartbeat updated
[2026-07-10 00:06:19] 🔹 SYSTEM: Fleet heartbeat updated
[2026-07-10 00:07:20] 🔹 SYSTEM: Fleet heartbeat updated
[2026-07-10 00:08:21] 🔹 SYSTEM: Fleet heartbeat updated
[2026-07-10 00:09:22] 🔹 SYSTEM: Fleet heartbeat updated
[2026-07-10 00:10:03] 🔹 SYSTEM: Status check — Pending: 0, Running: 0
[2026-07-10 00:10:24] 🔹 SYSTEM: Fleet heartbeat updated
[2026-07-10 00:11:25] 🔹 SYSTEM: Fleet heartbeat updated
[2026-07-10 00:12:26] 🔹 SYSTEM: Fleet heartbeat updated
[2026-07-10 00:13:27] 🔹 SYSTEM: Fleet heartbeat updated
[2026-07-10 00:14:28] 🔹 SYSTEM: Fleet heartbeat updated
[2026-07-10 00:15:29] 🔹 SYSTEM: Fleet heartbeat updated
[2026-07-10 00:16:30] 🔹 SYSTEM: Fleet heartbeat updated
[2026-07-10 00:17:31] 🔹 SYSTEM: Fleet heartbeat updated
[2026-07-10 00:18:33] 🔹 SYSTEM: Fleet heartbeat updated
[2026-07-10 00:19:34] 🔹 SYSTEM: Fleet heartbeat updated
[2026-07-10 00:20:15] 🔹 SYSTEM: Status check — Pending: 0, Running: 0
[2026-07-10 00:20:35] 🔹 SYSTEM: Fleet heartbeat updated
[2026-07-10 00:21:36] 🔹 SYSTEM: Fleet heartbeat updated
[2026-07-10 00:22:37] 🔹 SYSTEM: Fleet heartbeat updated
[2026-07-10 00:23:39] 🔹 SYSTEM: Fleet heartbeat updated
[2026-07-10 00:24:40] 🔹 SYSTEM: Fleet heartbeat updated
[2026-07-10 00:25:41] 🔹 SYSTEM: Fleet heartbeat updated
[2026-07-10 00:26:42] 🔹 SYSTEM: Fleet heartbeat updated
[2026-07-10 00:27:44] 🔹 SYSTEM: Fleet heartbeat updated
[2026-07-10 00:28:45] 🔹 SYSTEM: Fleet heartbeat updated
[2026-07-10 00:29:46] 🔹 SYSTEM: Fleet heartbeat updated
[2026-07-10 00:30:27] 🔹 SYSTEM: Status check — Pending: 0, Running: 0
[2026-07-10 00:30:47] 🔹 SYSTEM: Fleet heartbeat updated
[2026-07-10 00:31:48] 🔹 SYSTEM: Fleet heartbeat updated
[2026-07-10 00:32:50] 🔹 SYSTEM: Fleet heartbeat updated
[2026-07-10 00:33:51] 🔹 SYSTEM: Fleet heartbeat updated
[2026-07-10 00:34:53] 🔹 SYSTEM: Fleet heartbeat updated
[2026-07-10 00:35:54] 🔹 SYSTEM: Fleet heartbeat updated
[2026-07-10 00:36:55] 🔹 SYSTEM: Fleet heartbeat updated
[2026-07-10 00:37:56] 🔹 SYSTEM: Fleet heartbeat updated
[2026-07-10 00:38:57] 🔹 SYSTEM: Fleet heartbeat updated
[2026-07-10 00:39:59] 🔹 SYSTEM: Fleet heartbeat updated
[2026-07-10 00:40:39] 🔹 SYSTEM: Status check — Pending: 0, Running: 0
[2026-07-10 00:41:00] 🔹 SYSTEM: Fleet heartbeat updated
[2026-07-10 00:42:01] 🔹 SYSTEM: Fleet heartbeat updated
[2026-07-10 00:43:02] 🔹 SYSTEM: Fleet heartbeat updated
[2026-07-10 00:44:03] 🔹 SYSTEM: Fleet heartbeat updated
[2026-07-10 00:45:08] 🔹 SYSTEM: Fleet heartbeat updated
[2026-07-10 00:46:16] 🔹 SYSTEM: Fleet heartbeat updated
[2026-07-10 00:47:17] 🔹 SYSTEM: Fleet heartbeat updated
[2026-07-10 00:48:18] 🔹 SYSTEM: Fleet heartbeat updated
[2026-07-10 00:49:20] 🔹 SYSTEM: Fleet heartbeat updated
[2026-07-10 00:50:21] 🔹 SYSTEM: Fleet heartbeat updated
[2026-07-10 00:51:02] 🔹 SYSTEM: Status check — Pending: 0, Running: 0
[2026-07-10 00:51:22] 🔹 SYSTEM: Fleet heartbeat updated
[2026-07-10 00:52:23] 🔹 SYSTEM: Fleet heartbeat updated
[2026-07-10 00:53:25] 🔹 SYSTEM: Fleet heartbeat updated
[2026-07-10 00:54:26] 🔹 SYSTEM: Fleet heartbeat updated
[2026-07-10 00:55:27] 🔹 SYSTEM: Fleet heartbeat updated
[2026-07-10 00:56:28] 🔹 SYSTEM: Fleet heartbeat updated
[2026-07-10 00:57:30] 🔹 SYSTEM: Fleet heartbeat updated
[2026-07-10 00:58:31] 🔹 SYSTEM: Fleet heartbeat updated
[2026-07-10 00:59:32] 🔹 SYSTEM: Fleet heartbeat updated
[2026-07-10 01:00:33] 🔹 SYSTEM: Fleet heartbeat updated
[2026-07-10 01:01:14] 🔹 SYSTEM: Status check — Pending: 0, Running: 0
[2026-07-10 01:01:34] 🔹 SYSTEM: Fleet heartbeat updated
[2026-07-10 01:02:36] 🔹 SYSTEM: Fleet heartbeat updated
[2026-07-10 01:03:37] 🔹 SYSTEM: Fleet heartbeat updated
[2026-07-10 01:04:38] 🔹 SYSTEM: Fleet heartbeat updated
[2026-07-10 01:05:39] 🔹 SYSTEM: Fleet heartbeat updated
[2026-07-10 01:06:41] 🔹 SYSTEM: Fleet heartbeat updated
[2026-07-10 01:07:42] 🔹 SYSTEM: Fleet heartbeat updated
[2026-07-10 01:08:43] 🔹 SYSTEM: Fleet heartbeat updated
[2026-07-10 01:09:44] 🔹 SYSTEM: Fleet heartbeat updated
[2026-07-10 01:10:46] 🔹 SYSTEM: Fleet heartbeat updated
[2026-07-10 01:11:26] 🔹 SYSTEM: Status check — Pending: 0, Running: 0
[2026-07-10 01:11:47] 🔹 SYSTEM: Fleet heartbeat updated
[2026-07-10 01:12:48] 🔹 SYSTEM: Fleet heartbeat updated
[2026-07-10 01:13:49] 🔹 SYSTEM: Fleet heartbeat updated
[2026-07-10 01:14:50] 🔹 SYSTEM: Fleet heartbeat updated
[2026-07-10 01:15:51] 🔹 SYSTEM: Fleet heartbeat updated
[2026-07-10 01:16:52] 🔹 SYSTEM: Fleet heartbeat updated
[2026-07-10 01:17:54] 🔹 SYSTEM: Fleet heartbeat updated
[2026-07-10 01:18:55] 🔹 SYSTEM: Fleet heartbeat updated
[2026-07-10 01:19:56] 🔹 SYSTEM: Fleet heartbeat updated
[2026-07-10 01:20:57] 🔹 SYSTEM: Fleet heartbeat updated
[2026-07-10 01:21:38] 🔹 SYSTEM: Status check — Pending: 0, Running: 0
[2026-07-10 01:21:58] 🔹 SYSTEM: Fleet heartbeat updated
[2026-07-10 01:23:00] 🔹 SYSTEM: Fleet heartbeat updated
[2026-07-10 01:24:01] 🔹 SYSTEM: Fleet heartbeat updated
[2026-07-10 01:25:02] 🔹 SYSTEM: Fleet heartbeat updated
[2026-07-10 01:26:04] 🔹 SYSTEM: Fleet heartbeat updated
[2026-07-10 01:27:05] 🔹 SYSTEM: Fleet heartbeat updated
[2026-07-10 01:28:06] 🔹 SYSTEM: Fleet heartbeat updated
[2026-07-10 01:29:07] 🔹 SYSTEM: Fleet heartbeat updated
[2026-07-10 01:30:09] 🔹 SYSTEM: Fleet heartbeat updated
[2026-07-10 01:31:10] 🔹 SYSTEM: Fleet heartbeat updated
[2026-07-10 01:31:51] 🔹 SYSTEM: Status check — Pending: 0, Running: 0
[2026-07-10 01:32:11] 🔹 SYSTEM: Fleet heartbeat updated
[2026-07-10 01:33:13] 🔹 SYSTEM: Fleet heartbeat updated
[2026-07-10 01:34:14] 🔹 SYSTEM: Fleet heartbeat updated
[2026-07-10 01:35:15] 🔹 SYSTEM: Fleet heartbeat updated
[2026-07-10 01:36:17] 🔹 SYSTEM: Fleet heartbeat updated
[2026-07-10 01:37:18] 🔹 SYSTEM: Fleet heartbeat updated
[2026-07-10 01:38:19] 🔹 SYSTEM: Fleet heartbeat updated
[2026-07-10 01:39:21] 🔹 SYSTEM: Fleet heartbeat updated
[2026-07-10 01:40:22] 🔹 SYSTEM: Fleet heartbeat updated
[2026-07-10 01:41:23] 🔹 SYSTEM: Fleet heartbeat updated
[2026-07-10 01:42:04] 🔹 SYSTEM: Status check — Pending: 0, Running: 0
[2026-07-10 01:42:24] 🔹 SYSTEM: Fleet heartbeat updated
[2026-07-10 01:43:26] 🔹 SYSTEM: Fleet heartbeat updated
[2026-07-10 01:44:27] 🔹 SYSTEM: Fleet heartbeat updated
[2026-07-10 01:45:29] 🔹 SYSTEM: Fleet heartbeat updated
[2026-07-10 01:46:30] 🔹 SYSTEM: Fleet heartbeat updated
[2026-07-10 01:47:31] 🔹 SYSTEM: Fleet heartbeat updated
[2026-07-10 01:48:32] 🔹 SYSTEM: Fleet heartbeat updated
[2026-07-10 01:49:34] 🔹 SYSTEM: Fleet heartbeat updated
[2026-07-10 01:50:35] 🔹 SYSTEM: Fleet heartbeat updated
[2026-07-10 01:51:36] 🔹 SYSTEM: Fleet heartbeat updated
[2026-07-10 01:52:17] 🔹 SYSTEM: Status check — Pending: 0, Running: 0
[2026-07-10 01:52:37] 🔹 SYSTEM: Fleet heartbeat updated
[2026-07-10 01:53:38] 🔹 SYSTEM: Fleet heartbeat updated
[2026-07-10 01:54:40] 🔹 SYSTEM: Fleet heartbeat updated
[2026-07-10 01:55:41] 🔹 SYSTEM: Fleet heartbeat updated
[2026-07-10 01:56:42] 🔹 SYSTEM: Fleet heartbeat updated
[2026-07-10 01:57:43] 🔹 SYSTEM: Fleet heartbeat updated
[2026-07-10 01:58:44] 🔹 SYSTEM: Fleet heartbeat updated
[2026-07-10 01:59:46] 🔹 SYSTEM: Fleet heartbeat updated
[2026-07-10 02:00:47] 🔹 SYSTEM: Fleet heartbeat updated
[2026-07-10 02:01:48] 🔹 SYSTEM: Fleet heartbeat updated
[2026-07-10 02:02:29] 🔹 SYSTEM: Status check — Pending: 0, Running: 0
[2026-07-10 02:02:49] 🔹 SYSTEM: Fleet heartbeat updated
[2026-07-10 02:03:51] 🔹 SYSTEM: Fleet heartbeat updated
[2026-07-10 02:04:52] 🔹 SYSTEM: Fleet heartbeat updated
[2026-07-10 02:05:53] 🔹 SYSTEM: Fleet heartbeat updated
[2026-07-10 02:06:54] 🔹 SYSTEM: Fleet heartbeat updated
[2026-07-10 02:07:55] 🔹 SYSTEM: Fleet heartbeat updated
[2026-07-10 02:08:57] 🔹 SYSTEM: Fleet heartbeat updated
[2026-07-10 02:09:58] 🔹 SYSTEM: Fleet heartbeat updated
[2026-07-10 02:10:59] 🔹 SYSTEM: Fleet heartbeat updated
[2026-07-10 02:12:00] 🔹 SYSTEM: Fleet heartbeat updated
[2026-07-10 02:12:41] 🔹 SYSTEM: Status check — Pending: 0, Running: 0
[2026-07-10 02:13:01] 🔹 SYSTEM: Fleet heartbeat updated
[2026-07-10 02:14:03] 🔹 SYSTEM: Fleet heartbeat updated
[2026-07-10 02:15:04] 🔹 SYSTEM: Fleet heartbeat updated
[2026-07-10 02:16:05] 🔹 SYSTEM: Fleet heartbeat updated
[2026-07-10 02:17:06] 🔹 SYSTEM: Fleet heartbeat updated
[2026-07-10 02:18:07] 🔹 SYSTEM: Fleet heartbeat updated
[2026-07-10 02:19:09] 🔹 SYSTEM: Fleet heartbeat updated
[2026-07-10 02:20:10] 🔹 SYSTEM: Fleet heartbeat updated
[2026-07-10 02:21:11] 🔹 SYSTEM: Fleet heartbeat updated
[2026-07-10 02:22:12] 🔹 SYSTEM: Fleet heartbeat updated
[2026-07-10 02:22:53] 🔹 SYSTEM: Status check — Pending: 0, Running: 0
[2026-07-10 02:23:13] 🔹 SYSTEM: Fleet heartbeat updated
[2026-07-10 02:24:15] 🔹 SYSTEM: Fleet heartbeat updated
[2026-07-10 02:25:16] 🔹 SYSTEM: Fleet heartbeat updated
[2026-07-10 02:26:17] 🔹 SYSTEM: Fleet heartbeat updated
[2026-07-10 02:27:18] 🔹 SYSTEM: Fleet heartbeat updated
[2026-07-10 02:28:19] 🔹 SYSTEM: Fleet heartbeat updated
[2026-07-10 02:29:21] 🔹 SYSTEM: Fleet heartbeat updated
[2026-07-10 02:30:22] 🔹 SYSTEM: Fleet heartbeat updated
[2026-07-10 02:31:23] 🔹 SYSTEM: Fleet heartbeat updated
[2026-07-10 02:32:24] 🔹 SYSTEM: Fleet heartbeat updated
[2026-07-10 02:33:05] 🔹 SYSTEM: Status check — Pending: 0, Running: 0
[2026-07-10 02:33:26] 🔹 SYSTEM: Fleet heartbeat updated
[2026-07-10 02:34:27] 🔹 SYSTEM: Fleet heartbeat updated
[2026-07-10 02:35:28] 🔹 SYSTEM: Fleet heartbeat updated
[2026-07-10 02:36:29] 🔹 SYSTEM: Fleet heartbeat updated
[2026-07-10 02:37:31] 🔹 SYSTEM: Fleet heartbeat updated
[2026-07-10 02:38:32] 🔹 SYSTEM: Fleet heartbeat updated
[2026-07-10 02:39:33] 🔹 SYSTEM: Fleet heartbeat updated
[2026-07-10 02:40:34] 🔹 SYSTEM: Fleet heartbeat updated
[2026-07-10 02:41:36] 🔹 SYSTEM: Fleet heartbeat updated
[2026-07-10 02:42:37] 🔹 SYSTEM: Fleet heartbeat updated
[2026-07-10 02:43:18] 🔹 SYSTEM: Status check — Pending: 0, Running: 0
[2026-07-10 02:43:38] 🔹 SYSTEM: Fleet heartbeat updated
[2026-07-10 02:44:41] 🔹 SYSTEM: Fleet heartbeat updated
[2026-07-10 02:45:43] 🔹 SYSTEM: Fleet heartbeat updated
[2026-07-10 02:46:44] 🔹 SYSTEM: Fleet heartbeat updated
[2026-07-10 02:47:45] 🔹 SYSTEM: Fleet heartbeat updated
[2026-07-10 02:48:46] 🔹 SYSTEM: Fleet heartbeat updated
[2026-07-10 02:49:47] 🔹 SYSTEM: Fleet heartbeat updated
[2026-07-10 02:50:49] 🔹 SYSTEM: Fleet heartbeat updated
[2026-07-10 02:51:50] 🔹 SYSTEM: Fleet heartbeat updated
[2026-07-10 02:52:51] 🔹 SYSTEM: Fleet heartbeat updated
[2026-07-10 02:53:31] 🔹 SYSTEM: Status check — Pending: 0, Running: 0
[2026-07-10 02:53:52] 🔹 SYSTEM: Fleet heartbeat updated
[2026-07-10 02:54:53] 🔹 SYSTEM: Fleet heartbeat updated
[2026-07-10 02:55:54] 🔹 SYSTEM: Fleet heartbeat updated
[2026-07-10 02:56:55] 🔹 SYSTEM: Fleet heartbeat updated
[2026-07-10 02:57:56] 🔹 SYSTEM: Fleet heartbeat updated
[2026-07-10 02:58:57] 🔹 SYSTEM: Fleet heartbeat updated
[2026-07-10 02:59:58] 🔹 SYSTEM: Fleet heartbeat updated
[2026-07-10 03:01:00] 🔹 SYSTEM: Fleet heartbeat updated
[2026-07-10 03:02:01] 🔹 SYSTEM: Fleet heartbeat updated
[2026-07-10 03:03:02] 🔹 SYSTEM: Fleet heartbeat updated
[2026-07-10 03:03:43] 🔹 SYSTEM: Status check — Pending: 0, Running: 0
[2026-07-10 03:04:03] 🔹 SYSTEM: Fleet heartbeat updated
[2026-07-10 03:05:05] 🔹 SYSTEM: Fleet heartbeat updated
[2026-07-10 03:06:06] 🔹 SYSTEM: Fleet heartbeat updated
[2026-07-10 03:07:07] 🔹 SYSTEM: Fleet heartbeat updated
[2026-07-10 03:08:08] 🔹 SYSTEM: Fleet heartbeat updated
[2026-07-10 03:09:10] 🔹 SYSTEM: Fleet heartbeat updated
[2026-07-10 03:10:11] 🔹 SYSTEM: Fleet heartbeat updated
[2026-07-10 03:11:12] 🔹 SYSTEM: Fleet heartbeat updated
[2026-07-10 03:12:13] 🔹 SYSTEM: Fleet heartbeat updated
[2026-07-10 03:13:14] 🔹 SYSTEM: Fleet heartbeat updated
[2026-07-10 03:13:55] 🔹 SYSTEM: Status check — Pending: 0, Running: 0
[2026-07-10 03:14:16] 🔹 SYSTEM: Fleet heartbeat updated
[2026-07-10 03:15:18] 🔹 SYSTEM: Fleet heartbeat updated
[2026-07-10 03:16:19] 🔹 SYSTEM: Fleet heartbeat updated
[2026-07-10 03:17:20] 🔹 SYSTEM: Fleet heartbeat updated
[2026-07-10 03:18:21] 🔹 SYSTEM: Fleet heartbeat updated
[2026-07-10 03:19:22] 🔹 SYSTEM: Fleet heartbeat updated
[2026-07-10 03:20:24] 🔹 SYSTEM: Fleet heartbeat updated
[2026-07-10 03:21:25] 🔹 SYSTEM: Fleet heartbeat updated
[2026-07-10 03:22:26] 🔹 SYSTEM: Fleet heartbeat updated
[2026-07-10 03:23:27] 🔹 SYSTEM: Fleet heartbeat updated
[2026-07-10 03:24:08] 🔹 SYSTEM: Status check — Pending: 0, Running: 0
[2026-07-10 03:24:29] 🔹 SYSTEM: Fleet heartbeat updated
[2026-07-10 03:25:30] 🔹 SYSTEM: Fleet heartbeat updated
[2026-07-10 03:26:31] 🔹 SYSTEM: Fleet heartbeat updated
[2026-07-10 03:27:32] 🔹 SYSTEM: Fleet heartbeat updated
[2026-07-10 03:28:33] 🔹 SYSTEM: Fleet heartbeat updated
[2026-07-10 03:29:35] 🔹 SYSTEM: Fleet heartbeat updated
[2026-07-10 03:30:36] 🔹 SYSTEM: Fleet heartbeat updated
[2026-07-10 03:31:37] 🔹 SYSTEM: Fleet heartbeat updated
[2026-07-10 03:32:38] 🔹 SYSTEM: Fleet heartbeat updated
[2026-07-10 03:33:39] 🔹 SYSTEM: Fleet heartbeat updated
[2026-07-10 03:34:20] 🔹 SYSTEM: Status check — Pending: 0, Running: 0
[2026-07-10 03:34:40] 🔹 SYSTEM: Fleet heartbeat updated
[2026-07-10 03:35:42] 🔹 SYSTEM: Fleet heartbeat updated
[2026-07-10 03:36:43] 🔹 SYSTEM: Fleet heartbeat updated
[2026-07-10 03:37:44] 🔹 SYSTEM: Fleet heartbeat updated
[2026-07-10 03:38:45] 🔹 SYSTEM: Fleet heartbeat updated
[2026-07-10 03:39:47] 🔹 SYSTEM: Fleet heartbeat updated
[2026-07-10 03:40:48] 🔹 SYSTEM: Fleet heartbeat updated
[2026-07-10 03:41:49] 🔹 SYSTEM: Fleet heartbeat updated
[2026-07-10 03:42:50] 🔹 SYSTEM: Fleet heartbeat updated
[2026-07-10 03:43:51] 🔹 SYSTEM: Fleet heartbeat updated
[2026-07-10 03:44:32] 🔹 SYSTEM: Status check — Pending: 0, Running: 0
[2026-07-10 03:44:52] 🔹 SYSTEM: Fleet heartbeat updated
[2026-07-10 03:45:54] 🔹 SYSTEM: Fleet heartbeat updated
[2026-07-10 03:46:55] 🔹 SYSTEM: Fleet heartbeat updated
[2026-07-10 03:47:56] 🔹 SYSTEM: Fleet heartbeat updated
[2026-07-10 03:48:57] 🔹 SYSTEM: Fleet heartbeat updated
[2026-07-10 03:49:59] 🔹 SYSTEM: Fleet heartbeat updated
[2026-07-10 03:51:00] 🔹 SYSTEM: Fleet heartbeat updated
[2026-07-10 03:52:01] 🔹 SYSTEM: Fleet heartbeat updated
[2026-07-10 03:53:02] 🔹 SYSTEM: Fleet heartbeat updated
[2026-07-10 03:54:03] 🔹 SYSTEM: Fleet heartbeat updated
[2026-07-10 03:54:44] 🔹 SYSTEM: Status check — Pending: 0, Running: 0
[2026-07-10 03:55:05] 🔹 SYSTEM: Fleet heartbeat updated
[2026-07-10 03:56:06] 🔹 SYSTEM: Fleet heartbeat updated
[2026-07-10 03:57:07] 🔹 SYSTEM: Fleet heartbeat updated
[2026-07-10 03:58:08] 🔹 SYSTEM: Fleet heartbeat updated
[2026-07-10 03:59:09] 🔹 SYSTEM: Fleet heartbeat updated
[2026-07-10 04:00:10] 🔹 SYSTEM: Fleet heartbeat updated
[2026-07-10 04:01:12] 🔹 SYSTEM: Fleet heartbeat updated
[2026-07-10 04:02:13] 🔹 SYSTEM: Fleet heartbeat updated
[2026-07-10 04:03:14] 🔹 SYSTEM: Fleet heartbeat updated
[2026-07-10 04:04:15] 🔹 SYSTEM: Fleet heartbeat updated
[2026-07-10 04:04:56] 🔹 SYSTEM: Status check — Pending: 0, Running: 0
[2026-07-10 04:05:17] 🔹 SYSTEM: Fleet heartbeat updated
[2026-07-10 04:06:18] 🔹 SYSTEM: Fleet heartbeat updated
[2026-07-10 04:07:19] 🔹 SYSTEM: Fleet heartbeat updated
[2026-07-10 04:08:20] 🔹 SYSTEM: Fleet heartbeat updated
[2026-07-10 04:09:21] 🔹 SYSTEM: Fleet heartbeat updated
[2026-07-10 04:10:23] 🔹 SYSTEM: Fleet heartbeat updated
[2026-07-10 04:11:24] 🔹 SYSTEM: Fleet heartbeat updated
[2026-07-10 04:12:25] 🔹 SYSTEM: Fleet heartbeat updated
[2026-07-10 04:13:26] 🔹 SYSTEM: Fleet heartbeat updated
[2026-07-10 04:14:28] 🔹 SYSTEM: Fleet heartbeat updated
[2026-07-10 04:15:08] 🔹 SYSTEM: Status check — Pending: 0, Running: 0
[2026-07-10 04:15:29] 🔹 SYSTEM: Fleet heartbeat updated
[2026-07-10 04:16:30] 🔹 SYSTEM: Fleet heartbeat updated
[2026-07-10 04:17:31] 🔹 SYSTEM: Fleet heartbeat updated
[2026-07-10 04:18:33] 🔹 SYSTEM: Fleet heartbeat updated
[2026-07-10 04:19:34] 🔹 SYSTEM: Fleet heartbeat updated
[2026-07-10 04:20:35] 🔹 SYSTEM: Fleet heartbeat updated
[2026-07-10 04:21:36] 🔹 SYSTEM: Fleet heartbeat updated
[2026-07-10 04:22:38] 🔹 SYSTEM: Fleet heartbeat updated
[2026-07-10 04:23:39] 🔹 SYSTEM: Fleet heartbeat updated
[2026-07-10 04:24:40] 🔹 SYSTEM: Fleet heartbeat updated
[2026-07-10 04:25:21] 🔹 SYSTEM: Status check — Pending: 0, Running: 0
[2026-07-10 04:25:41] 🔹 SYSTEM: Fleet heartbeat updated
[2026-07-10 04:26:43] 🔹 SYSTEM: Fleet heartbeat updated
[2026-07-10 04:27:44] 🔹 SYSTEM: Fleet heartbeat updated
[2026-07-10 04:28:45] 🔹 SYSTEM: Fleet heartbeat updated
[2026-07-10 04:29:46] 🔹 SYSTEM: Fleet heartbeat updated
[2026-07-10 04:30:48] 🔹 SYSTEM: Fleet heartbeat updated
[2026-07-10 04:31:49] 🔹 SYSTEM: Fleet heartbeat updated
[2026-07-10 04:32:50] 🔹 SYSTEM: Fleet heartbeat updated
[2026-07-10 04:33:51] 🔹 SYSTEM: Fleet heartbeat updated
[2026-07-10 04:34:52] 🔹 SYSTEM: Fleet heartbeat updated
[2026-07-10 04:35:33] 🔹 SYSTEM: Status check — Pending: 0, Running: 0
[2026-07-10 04:35:54] 🔹 SYSTEM: Fleet heartbeat updated
[2026-07-10 04:36:55] 🔹 SYSTEM: Fleet heartbeat updated
[2026-07-10 04:37:56] 🔹 SYSTEM: Fleet heartbeat updated
[2026-07-10 04:38:57] 🔹 SYSTEM: Fleet heartbeat updated
[2026-07-10 04:39:58] 🔹 SYSTEM: Fleet heartbeat updated
[2026-07-10 04:41:00] 🔹 SYSTEM: Fleet heartbeat updated
[2026-07-10 04:42:01] 🔹 SYSTEM: Fleet heartbeat updated
[2026-07-10 04:43:02] 🔹 SYSTEM: Fleet heartbeat updated
[2026-07-10 04:44:03] 🔹 SYSTEM: Fleet heartbeat updated
[2026-07-10 04:45:08] 🔹 SYSTEM: Fleet heartbeat updated
[2026-07-10 04:45:49] 🔹 SYSTEM: Status check — Pending: 0, Running: 0
[2026-07-10 04:46:09] 🔹 SYSTEM: Fleet heartbeat updated
[2026-07-10 04:47:10] 🔹 SYSTEM: Fleet heartbeat updated
[2026-07-10 04:48:12] 🔹 SYSTEM: Fleet heartbeat updated
[2026-07-10 04:49:13] 🔹 SYSTEM: Fleet heartbeat updated
[2026-07-10 04:50:14] 🔹 SYSTEM: Fleet heartbeat updated
[2026-07-10 04:51:15] 🔹 SYSTEM: Fleet heartbeat updated
[2026-07-10 04:52:17] 🔹 SYSTEM: Fleet heartbeat updated
[2026-07-10 04:53:18] 🔹 SYSTEM: Fleet heartbeat updated
[2026-07-10 04:54:19] 🔹 SYSTEM: Fleet heartbeat updated
[2026-07-10 04:55:20] 🔹 SYSTEM: Fleet heartbeat updated
[2026-07-10 04:56:01] 🔹 SYSTEM: Status check — Pending: 0, Running: 0
[2026-07-10 04:56:22] 🔹 SYSTEM: Fleet heartbeat updated
[2026-07-10 04:57:23] 🔹 SYSTEM: Fleet heartbeat updated
[2026-07-10 04:58:24] 🔹 SYSTEM: Fleet heartbeat updated
[2026-07-10 04:59:25] 🔹 SYSTEM: Fleet heartbeat updated
[2026-07-10 05:00:26] 🔹 SYSTEM: Fleet heartbeat updated
[2026-07-10 05:01:27] 🔹 SYSTEM: Fleet heartbeat updated
[2026-07-10 05:02:29] 🔹 SYSTEM: Fleet heartbeat updated
[2026-07-10 05:03:29] 🔹 SYSTEM: Fleet heartbeat updated
[2026-07-10 05:04:31] 🔹 SYSTEM: Fleet heartbeat updated
[2026-07-10 05:05:32] 🔹 SYSTEM: Fleet heartbeat updated
[2026-07-10 05:06:13] 🔹 SYSTEM: Status check — Pending: 0, Running: 0
[2026-07-10 05:06:33] 🔹 SYSTEM: Fleet heartbeat updated
[2026-07-10 05:07:34] 🔹 SYSTEM: Fleet heartbeat updated
[2026-07-10 05:08:36] 🔹 SYSTEM: Fleet heartbeat updated
[2026-07-10 05:09:37] 🔹 SYSTEM: Fleet heartbeat updated
[2026-07-10 05:10:38] 🔹 SYSTEM: Fleet heartbeat updated
[2026-07-10 05:11:39] 🔹 SYSTEM: Fleet heartbeat updated
[2026-07-10 05:12:40] 🔹 SYSTEM: Fleet heartbeat updated
[2026-07-10 05:13:42] 🔹 SYSTEM: Fleet heartbeat updated
[2026-07-10 05:14:43] 🔹 SYSTEM: Fleet heartbeat updated
[2026-07-10 05:15:44] 🔹 SYSTEM: Fleet heartbeat updated
[2026-07-10 05:16:25] 🔹 SYSTEM: Status check — Pending: 0, Running: 0
[2026-07-10 05:16:45] 🔹 SYSTEM: Fleet heartbeat updated
[2026-07-10 05:17:46] 🔹 SYSTEM: Fleet heartbeat updated
[2026-07-10 05:18:47] 🔹 SYSTEM: Fleet heartbeat updated
[2026-07-10 05:19:49] 🔹 SYSTEM: Fleet heartbeat updated
[2026-07-10 05:20:50] 🔹 SYSTEM: Fleet heartbeat updated
[2026-07-10 05:21:51] 🔹 SYSTEM: Fleet heartbeat updated
[2026-07-10 05:22:52] 🔹 SYSTEM: Fleet heartbeat updated
[2026-07-10 05:23:53] 🔹 SYSTEM: Fleet heartbeat updated
[2026-07-10 05:24:55] 🔹 SYSTEM: Fleet heartbeat updated
[2026-07-10 05:25:56] 🔹 SYSTEM: Fleet heartbeat updated
[2026-07-10 05:26:37] 🔹 SYSTEM: Status check — Pending: 0, Running: 0
[2026-07-10 05:26:57] 🔹 SYSTEM: Fleet heartbeat updated
[2026-07-10 05:27:58] 🔹 SYSTEM: Fleet heartbeat updated
[2026-07-10 05:28:59] 🔹 SYSTEM: Fleet heartbeat updated
[2026-07-10 05:30:00] 🔹 SYSTEM: Fleet heartbeat updated
[2026-07-10 05:31:01] 🔹 SYSTEM: Fleet heartbeat updated
[2026-07-10 05:32:03] 🔹 SYSTEM: Fleet heartbeat updated
[2026-07-10 05:33:04] 🔹 SYSTEM: Fleet heartbeat updated
[2026-07-10 05:34:05] 🔹 SYSTEM: Fleet heartbeat updated
[2026-07-10 05:35:06] 🔹 SYSTEM: Fleet heartbeat updated
[2026-07-10 05:36:08] 🔹 SYSTEM: Fleet heartbeat updated
[2026-07-10 05:36:48] 🔹 SYSTEM: Status check — Pending: 0, Running: 0
[2026-07-10 05:37:09] 🔹 SYSTEM: Fleet heartbeat updated
[2026-07-10 05:38:10] 🔹 SYSTEM: Fleet heartbeat updated
[2026-07-10 05:39:11] 🔹 SYSTEM: Fleet heartbeat updated
[2026-07-10 05:40:12] 🔹 SYSTEM: Fleet heartbeat updated
[2026-07-10 05:41:13] 🔹 SYSTEM: Fleet heartbeat updated
[2026-07-10 05:42:14] 🔹 SYSTEM: Fleet heartbeat updated
[2026-07-10 05:43:15] 🔹 SYSTEM: Fleet heartbeat updated
[2026-07-10 05:44:17] 🔹 SYSTEM: Fleet heartbeat updated
[2026-07-10 05:45:19] 🔹 SYSTEM: Fleet heartbeat updated
[2026-07-10 05:46:21] 🔹 SYSTEM: Fleet heartbeat updated
[2026-07-10 05:47:01] 🔹 SYSTEM: Status check — Pending: 0, Running: 0
[2026-07-10 05:47:22] 🔹 SYSTEM: Fleet heartbeat updated
[2026-07-10 05:48:23] 🔹 SYSTEM: Fleet heartbeat updated
[2026-07-10 05:49:24] 🔹 SYSTEM: Fleet heartbeat updated
[2026-07-10 05:50:25] 🔹 SYSTEM: Fleet heartbeat updated
[2026-07-10 05:51:26] 🔹 SYSTEM: Fleet heartbeat updated
[2026-07-10 05:52:27] 🔹 SYSTEM: Fleet heartbeat updated
[2026-07-10 05:53:29] 🔹 SYSTEM: Fleet heartbeat updated
[2026-07-10 05:54:30] 🔹 SYSTEM: Fleet heartbeat updated
[2026-07-10 05:55:31] 🔹 SYSTEM: Fleet heartbeat updated
[2026-07-10 05:56:32] 🔹 SYSTEM: Fleet heartbeat updated
[2026-07-10 05:57:13] 🔹 SYSTEM: Status check — Pending: 0, Running: 0
[2026-07-10 05:57:34] 🔹 SYSTEM: Fleet heartbeat updated
[2026-07-10 05:58:35] 🔹 SYSTEM: Fleet heartbeat updated
[2026-07-10 05:59:36] 🔹 SYSTEM: Fleet heartbeat updated
[2026-07-10 06:00:37] 🔹 SYSTEM: Fleet heartbeat updated
[2026-07-10 06:01:39] 🔹 SYSTEM: Fleet heartbeat updated
[2026-07-10 06:02:40] 🔹 SYSTEM: Fleet heartbeat updated
[2026-07-10 06:03:41] 🔹 SYSTEM: Fleet heartbeat updated
[2026-07-10 06:04:42] 🔹 SYSTEM: Fleet heartbeat updated
[2026-07-10 06:05:43] 🔹 SYSTEM: Fleet heartbeat updated
[2026-07-10 06:06:44] 🔹 SYSTEM: Fleet heartbeat updated
[2026-07-10 06:07:25] 🔹 SYSTEM: Status check — Pending: 0, Running: 0
[2026-07-10 06:07:45] 🔹 SYSTEM: Fleet heartbeat updated
[2026-07-10 06:08:46] 🔹 SYSTEM: Fleet heartbeat updated
[2026-07-10 06:09:47] 🔹 SYSTEM: Fleet heartbeat updated
[2026-07-10 06:10:48] 🔹 SYSTEM: Fleet heartbeat updated
[2026-07-10 06:11:49] 🔹 SYSTEM: Fleet heartbeat updated
[2026-07-10 06:12:50] 🔹 SYSTEM: Fleet heartbeat updated
[2026-07-10 06:13:51] 🔹 SYSTEM: Fleet heartbeat updated
[2026-07-10 06:14:52] 🔹 SYSTEM: Fleet heartbeat updated
[2026-07-10 06:15:53] 🔹 SYSTEM: Fleet heartbeat updated
[2026-07-10 06:16:54] 🔹 SYSTEM: Fleet heartbeat updated
[2026-07-10 06:17:35] 🔹 SYSTEM: Status check — Pending: 0, Running: 0
[2026-07-10 06:17:55] 🔹 SYSTEM: Fleet heartbeat updated
[2026-07-10 06:18:57] 🔹 SYSTEM: Fleet heartbeat updated
[2026-07-10 06:19:58] 🔹 SYSTEM: Fleet heartbeat updated
[2026-07-10 06:20:59] 🔹 SYSTEM: Fleet heartbeat updated
[2026-07-10 06:22:00] 🔹 SYSTEM: Fleet heartbeat updated
[2026-07-10 06:23:02] 🔹 SYSTEM: Fleet heartbeat updated
[2026-07-10 06:24:03] 🔹 SYSTEM: Fleet heartbeat updated
[2026-07-10 06:25:04] 🔹 SYSTEM: Fleet heartbeat updated
[2026-07-10 06:26:06] 🔹 SYSTEM: Fleet heartbeat updated
[2026-07-10 06:27:07] 🔹 SYSTEM: Fleet heartbeat updated
[2026-07-10 06:27:48] 🔹 SYSTEM: Status check — Pending: 0, Running: 0
[2026-07-10 06:28:08] 🔹 SYSTEM: Fleet heartbeat updated
[2026-07-10 06:29:09] 🔹 SYSTEM: Fleet heartbeat updated
[2026-07-10 06:30:10] 🔹 SYSTEM: Fleet heartbeat updated
[2026-07-10 06:31:12] 🔹 SYSTEM: Fleet heartbeat updated
[2026-07-10 06:32:13] 🔹 SYSTEM: Fleet heartbeat updated
[2026-07-10 06:33:14] 🔹 SYSTEM: Fleet heartbeat updated
[2026-07-10 06:34:15] 🔹 SYSTEM: Fleet heartbeat updated
[2026-07-10 06:35:17] 🔹 SYSTEM: Fleet heartbeat updated
[2026-07-10 06:36:18] 🔹 SYSTEM: Fleet heartbeat updated
[2026-07-10 06:37:19] 🔹 SYSTEM: Fleet heartbeat updated
[2026-07-10 06:38:00] 🔹 SYSTEM: Status check — Pending: 0, Running: 0
[2026-07-10 06:38:20] 🔹 SYSTEM: Fleet heartbeat updated
[2026-07-10 06:39:21] 🔹 SYSTEM: Fleet heartbeat updated
[2026-07-10 06:40:23] 🔹 SYSTEM: Fleet heartbeat updated
[2026-07-10 06:41:24] 🔹 SYSTEM: Fleet heartbeat updated
[2026-07-10 06:42:25] 🔹 SYSTEM: Fleet heartbeat updated
[2026-07-10 06:43:26] 🔹 SYSTEM: Fleet heartbeat updated
[2026-07-10 06:44:27] 🔹 SYSTEM: Fleet heartbeat updated
[2026-07-10 06:45:31] 🔹 SYSTEM: Fleet heartbeat updated
[2026-07-10 06:46:32] 🔹 SYSTEM: Fleet heartbeat updated
[2026-07-10 06:47:32] 🔹 SYSTEM: Fleet heartbeat updated
[2026-07-10 06:48:13] 🔹 SYSTEM: Status check — Pending: 0, Running: 0
[2026-07-10 06:48:33] 🔹 SYSTEM: Fleet heartbeat updated
[2026-07-10 06:49:34] 🔹 SYSTEM: Fleet heartbeat updated
[2026-07-10 06:50:35] 🔹 SYSTEM: Fleet heartbeat updated
[2026-07-10 06:51:36] 🔹 SYSTEM: Fleet heartbeat updated
[2026-07-10 06:52:37] 🔹 SYSTEM: Fleet heartbeat updated
[2026-07-10 06:53:38] 🔹 SYSTEM: Fleet heartbeat updated
[2026-07-10 06:54:39] 🔹 SYSTEM: Fleet heartbeat updated
[2026-07-10 06:55:40] 🔹 SYSTEM: Fleet heartbeat updated
[2026-07-10 06:56:41] 🔹 SYSTEM: Fleet heartbeat updated
[2026-07-10 06:57:41] 🔹 SYSTEM: Fleet heartbeat updated
[2026-07-10 06:58:22] 🔹 SYSTEM: Status check — Pending: 0, Running: 0
[2026-07-10 06:58:42] 🔹 SYSTEM: Fleet heartbeat updated
[2026-07-10 06:59:43] 🔹 SYSTEM: Fleet heartbeat updated
[2026-07-10 07:00:46] 🔹 SYSTEM: Fleet heartbeat updated
[2026-07-10 07:01:47] 🔹 SYSTEM: Fleet heartbeat updated

🛑 Received signal 15, shutting down gracefully...
[2026-07-10 07:02:07] 🔹 SYSTEM: 👋 Daemon shutting down gracefully

════════════════════════════════════════════════════════════
  🛰️  SAOS FLEET STATUS
════════════════════════════════════════════════════════════

📋 TASK QUEUE:
   ❌ FAILED: 8
   💀 DEAD: 61
   ✅ DONE: 275

🤖 FLEET AGENTS (10 total):
   🛠️ 🟢 ASSEMBLY   | IDLE     | done=16 fail=0
   🗺️ 🟢 ATLAS      | IDLE     | done=0 fail=0
   💬 🟢 CHATTY     | IDLE     | done=2 fail=1
   💻 🟢 CODY       | IDLE     | done=3 fail=0
   🎨 🟢 GENI       | IDLE     | done=0 fail=0
   ⚖️ 🟢 JURIS      | IDLE     | done=0 fail=0
   🔮 🟢 ORACLE     | IDLE     | done=0 fail=0
   ⚠️ 🟢 PESSI      | IDLE     | done=2 fail=1
   🛰️ 🔴 SOL        | BUSY     (task #255) | done=171 fail=230
   ✅ 🟢 VALI       | IDLE     | done=1 fail=0

📨 Unread messages: 0
════════════════════════════════════════════════════════════

[2026-07-10 07:02:07] 🔹 SYSTEM: 🚀 SAOS Fleet Orchestrator Daemon starting...
[2026-07-10 07:02:07] 🔹 SYSTEM: Fleet: 10 agents | Poll interval: 10s
[2026-07-10 07:02:07] 🔹 SYSTEM: Fleet seeded: 10 agents ready

════════════════════════════════════════════════════════════
  🛰️  SAOS FLEET STATUS
════════════════════════════════════════════════════════════

📋 TASK QUEUE:
   ❌ FAILED: 8
   💀 DEAD: 61
   ✅ DONE: 275

🤖 FLEET AGENTS (10 total):
   🛠️ 🟢 ASSEMBLY   | IDLE     | done=16 fail=0
   🗺️ 🟢 ATLAS      | IDLE     | done=0 fail=0
   💬 🟢 CHATTY     | IDLE     | done=2 fail=1
   💻 🟢 CODY       | IDLE     | done=3 fail=0
   🎨 🟢 GENI       | IDLE     | done=0 fail=0
   ⚖️ 🟢 JURIS      | IDLE     | done=0 fail=0
   🔮 🟢 ORACLE     | IDLE     | done=0 fail=0
   ⚠️ 🟢 PESSI      | IDLE     | done=2 fail=1
   🛰️ 🔴 SOL        | BUSY     (task #255) | done=171 fail=230
   ✅ 🟢 VALI       | IDLE     | done=1 fail=0

📨 Unread messages: 0
════════════════════════════════════════════════════════════

[2026-07-10 07:03:08] 🔹 SYSTEM: Fleet heartbeat updated
[2026-07-10 07:04:09] 🔹 SYSTEM: Fleet heartbeat updated
[2026-07-10 07:05:10] 🔹 SYSTEM: Fleet heartbeat updated
[2026-07-10 07:06:10] 🔹 SYSTEM: Fleet heartbeat updated
[2026-07-10 07:07:11] 🔹 SYSTEM: Fleet heartbeat updated
[2026-07-10 07:08:12] 🔹 SYSTEM: Fleet heartbeat updated
[2026-07-10 07:09:13] 🔹 SYSTEM: Fleet heartbeat updated
[2026-07-10 07:10:14] 🔹 SYSTEM: Fleet heartbeat updated
[2026-07-10 07:11:15] 🔹 SYSTEM: Fleet heartbeat updated
[2026-07-10 07:12:06] 🔹 SYSTEM: Status check — Pending: 0, Running: 0
[2026-07-10 07:12:16] 🔹 SYSTEM: Fleet heartbeat updated
[2026-07-10 07:13:17] 🔹 SYSTEM: Fleet heartbeat updated
[2026-07-10 07:14:18] 🔹 SYSTEM: Fleet heartbeat updated
[2026-07-10 07:15:19] 🔹 SYSTEM: Fleet heartbeat updated
[2026-07-10 07:16:20] 🔹 SYSTEM: Fleet heartbeat updated
[2026-07-10 07:17:21] 🔹 SYSTEM: Fleet heartbeat updated
[2026-07-10 07:18:22] 🔹 SYSTEM: Fleet heartbeat updated
[2026-07-10 07:19:23] 🔹 SYSTEM: Fleet heartbeat updated
[2026-07-10 07:20:24] 🔹 SYSTEM: Fleet heartbeat updated
[2026-07-10 07:21:25] 🔹 SYSTEM: Fleet heartbeat updated
[2026-07-10 07:22:16] 🔹 SYSTEM: Status check — Pending: 0, Running: 0
[2026-07-10 07:22:26] 🔹 SYSTEM: Fleet heartbeat updated
[2026-07-10 07:23:27] 🔹 SYSTEM: Fleet heartbeat updated
[2026-07-10 07:24:28] 🔹 SYSTEM: Fleet heartbeat updated
[2026-07-10 07:25:29] 🔹 SYSTEM: Fleet heartbeat updated
[2026-07-10 07:26:30] 🔹 SYSTEM: Fleet heartbeat updated
[2026-07-10 07:27:31] 🔹 SYSTEM: Fleet heartbeat updated
[2026-07-10 07:28:31] 🔹 SYSTEM: Fleet heartbeat updated
[2026-07-10 07:29:32] 🔹 SYSTEM: Fleet heartbeat updated
[2026-07-10 07:30:33] 🔹 SYSTEM: Fleet heartbeat updated
[2026-07-10 07:31:35] 🔹 SYSTEM: Fleet heartbeat updated
[2026-07-10 07:32:26] 🔹 SYSTEM: Status check — Pending: 0, Running: 0
[2026-07-10 07:32:36] 🔹 SYSTEM: Fleet heartbeat updated
[2026-07-10 07:33:37] 🔹 SYSTEM: Fleet heartbeat updated
[2026-07-10 07:34:38] 🔹 SYSTEM: Fleet heartbeat updated
[2026-07-10 07:35:39] 🔹 SYSTEM: Fleet heartbeat updated
[2026-07-10 07:36:41] 🔹 SYSTEM: Fleet heartbeat updated
[2026-07-10 07:37:42] 🔹 SYSTEM: Fleet heartbeat updated
[2026-07-10 07:38:43] 🔹 SYSTEM: Fleet heartbeat updated
[2026-07-10 07:39:44] 🔹 SYSTEM: Fleet heartbeat updated
[2026-07-10 07:40:44] 🔹 SYSTEM: Fleet heartbeat updated
[2026-07-10 07:41:45] 🔹 SYSTEM: Fleet heartbeat updated
[2026-07-10 07:42:36] 🔹 SYSTEM: Status check — Pending: 0, Running: 0
[2026-07-10 07:42:46] 🔹 SYSTEM: Fleet heartbeat updated
[2026-07-10 07:43:47] 🔹 SYSTEM: Fleet heartbeat updated
[2026-07-10 07:44:48] 🔹 SYSTEM: Fleet heartbeat updated
[2026-07-10 07:45:52] 🔹 SYSTEM: Fleet heartbeat updated
[2026-07-10 07:46:53] 🔹 SYSTEM: Fleet heartbeat updated
[2026-07-10 07:47:54] 🔹 SYSTEM: Fleet heartbeat updated
[2026-07-10 07:48:55] 🔹 SYSTEM: Fleet heartbeat updated
[2026-07-10 07:49:57] 🔹 SYSTEM: Fleet heartbeat updated
[2026-07-10 07:50:58] 🔹 SYSTEM: Fleet heartbeat updated
[2026-07-10 07:51:59] 🔹 SYSTEM: Fleet heartbeat updated
[2026-07-10 07:52:50] 🔹 SYSTEM: Status check — Pending: 0, Running: 0
[2026-07-10 07:53:00] 🔹 SYSTEM: Fleet heartbeat updated
[2026-07-10 07:54:01] 🔹 SYSTEM: Fleet heartbeat updated
[2026-07-10 07:55:02] 🔹 SYSTEM: Fleet heartbeat updated
[2026-07-10 07:56:03] 🔹 SYSTEM: Fleet heartbeat updated
[2026-07-10 07:57:03] 🔹 SYSTEM: Fleet heartbeat updated
[2026-07-10 07:58:04] 🔹 SYSTEM: Fleet heartbeat updated
[2026-07-10 07:59:05] 🔹 SYSTEM: Fleet heartbeat updated
[2026-07-10 08:00:06] 🔹 SYSTEM: Fleet heartbeat updated
[2026-07-10 08:01:08] 🔹 SYSTEM: Fleet heartbeat updated
[2026-07-10 08:02:09] 🔹 SYSTEM: Fleet heartbeat updated
[2026-07-10 08:03:00] 🔹 SYSTEM: Status check — Pending: 0, Running: 0
[2026-07-10 08:03:10] 🔹 SYSTEM: Fleet heartbeat updated
[2026-07-10 08:04:11] 🔹 SYSTEM: Fleet heartbeat updated
[2026-07-10 08:05:12] 🔹 SYSTEM: Fleet heartbeat updated
[2026-07-10 08:06:13] 🔹 SYSTEM: Fleet heartbeat updated
[2026-07-10 08:07:14] 🔹 SYSTEM: Fleet heartbeat updated
[2026-07-10 08:08:16] 🔹 SYSTEM: Fleet heartbeat updated
[2026-07-10 08:09:17] 🔹 SYSTEM: Fleet heartbeat updated
[2026-07-10 08:10:17] 🔹 SYSTEM: Fleet heartbeat updated
[2026-07-10 08:11:18] 🔹 SYSTEM: Fleet heartbeat updated
[2026-07-10 08:12:19] 🔹 SYSTEM: Fleet heartbeat updated
[2026-07-10 08:13:10] 🔹 SYSTEM: Status check — Pending: 0, Running: 0
[2026-07-10 08:13:20] 🔹 SYSTEM: Fleet heartbeat updated
[2026-07-10 08:14:21] 🔹 SYSTEM: Fleet heartbeat updated
[2026-07-10 08:15:22] 🔹 SYSTEM: Fleet heartbeat updated
[2026-07-10 08:16:23] 🔹 SYSTEM: Fleet heartbeat updated
[2026-07-10 08:17:24] 🔹 SYSTEM: Fleet heartbeat updated
[2026-07-10 08:18:25] 🔹 SYSTEM: Fleet heartbeat updated
[2026-07-10 08:19:25] 🔹 SYSTEM: Fleet heartbeat updated
[2026-07-10 08:20:26] 🔹 SYSTEM: Fleet heartbeat updated
[2026-07-10 08:21:27] 🔹 SYSTEM: Fleet heartbeat updated
[2026-07-10 08:22:28] 🔹 SYSTEM: Fleet heartbeat updated
[2026-07-10 08:23:19] 🔹 SYSTEM: Status check — Pending: 0, Running: 0
[2026-07-10 08:23:29] 🔹 SYSTEM: Fleet heartbeat updated
[2026-07-10 08:24:30] 🔹 SYSTEM: Fleet heartbeat updated
[2026-07-10 08:25:31] 🔹 SYSTEM: Fleet heartbeat updated
[2026-07-10 08:26:32] 🔹 SYSTEM: Fleet heartbeat updated
[2026-07-10 08:27:33] 🔹 SYSTEM: Fleet heartbeat updated
[2026-07-10 08:28:34] 🔹 SYSTEM: Fleet heartbeat updated
[2026-07-10 08:29:34] 🔹 SYSTEM: Fleet heartbeat updated
[2026-07-10 08:30:35] 🔹 SYSTEM: Fleet heartbeat updated
[2026-07-10 08:31:36] 🔹 SYSTEM: Fleet heartbeat updated
[2026-07-10 08:32:37] 🔹 SYSTEM: Fleet heartbeat updated
[2026-07-10 08:33:28] 🔹 SYSTEM: Status check — Pending: 0, Running: 0
[2026-07-10 08:33:38] 🔹 SYSTEM: Fleet heartbeat updated
[2026-07-10 08:34:39] 🔹 SYSTEM: Fleet heartbeat updated
[2026-07-10 08:35:40] 🔹 SYSTEM: Fleet heartbeat updated
[2026-07-10 08:36:41] 🔹 SYSTEM: Fleet heartbeat updated
[2026-07-10 08:37:42] 🔹 SYSTEM: Fleet heartbeat updated
[2026-07-10 08:38:42] 🔹 SYSTEM: Fleet heartbeat updated
[2026-07-10 08:39:43] 🔹 SYSTEM: Fleet heartbeat updated
[2026-07-10 08:40:44] 🔹 SYSTEM: Fleet heartbeat updated
[2026-07-10 08:41:45] 🔹 SYSTEM: Fleet heartbeat updated
[2026-07-10 08:42:46] 🔹 SYSTEM: Fleet heartbeat updated
[2026-07-10 08:43:37] 🔹 SYSTEM: Status check — Pending: 0, Running: 0
[2026-07-10 08:43:47] 🔹 SYSTEM: Fleet heartbeat updated
[2026-07-10 08:44:48] 🔹 SYSTEM: Fleet heartbeat updated
[2026-07-10 08:45:50] 🔹 SYSTEM: Fleet heartbeat updated
[2026-07-10 08:46:51] 🔹 SYSTEM: Fleet heartbeat updated
[2026-07-10 08:47:52] 🔹 SYSTEM: Fleet heartbeat updated
[2026-07-10 08:48:53] 🔹 SYSTEM: Fleet heartbeat updated
[2026-07-10 08:49:54] 🔹 SYSTEM: Fleet heartbeat updated
[2026-07-10 08:50:55] 🔹 SYSTEM: Fleet heartbeat updated
[2026-07-10 08:51:56] 🔹 SYSTEM: Fleet heartbeat updated
[2026-07-10 08:52:57] 🔹 SYSTEM: Fleet heartbeat updated
[2026-07-10 08:53:48] 🔹 SYSTEM: Status check — Pending: 0, Running: 0
[2026-07-10 08:53:58] 🔹 SYSTEM: Fleet heartbeat updated
[2026-07-10 08:55:02] 🔹 SYSTEM: Fleet heartbeat updated
[2026-07-10 08:56:04] 🔹 SYSTEM: Fleet heartbeat updated
[2026-07-10 08:57:05] 🔹 SYSTEM: Fleet heartbeat updated
[2026-07-10 08:58:06] 🔹 SYSTEM: Fleet heartbeat updated
[2026-07-10 08:59:06] 🔹 SYSTEM: Fleet heartbeat updated
[2026-07-10 09:00:07] 🔹 SYSTEM: Fleet heartbeat updated
[2026-07-10 09:01:08] 🔹 SYSTEM: Fleet heartbeat updated
[2026-07-10 09:02:09] 🔹 SYSTEM: Fleet heartbeat updated
[2026-07-10 09:03:10] 🔹 SYSTEM: Fleet heartbeat updated
[2026-07-10 09:04:01] 🔹 SYSTEM: Status check — Pending: 0, Running: 0
[2026-07-10 09:04:11] 🔹 SYSTEM: Fleet heartbeat updated
[2026-07-10 09:05:12] 🔹 SYSTEM: Fleet heartbeat updated
[2026-07-10 09:06:13] 🔹 SYSTEM: Fleet heartbeat updated
[2026-07-10 09:07:14] 🔹 SYSTEM: Fleet heartbeat updated
[2026-07-10 09:08:15] 🔹 SYSTEM: Fleet heartbeat updated
[2026-07-10 09:09:16] 🔹 SYSTEM: Fleet heartbeat updated
[2026-07-10 09:10:17] 🔹 SYSTEM: Fleet heartbeat updated
[2026-07-10 09:11:18] 🔹 SYSTEM: Fleet heartbeat updated
[2026-07-10 09:12:19] 🔹 SYSTEM: Fleet heartbeat updated
[2026-07-10 09:13:20] 🔹 SYSTEM: Fleet heartbeat updated
[2026-07-10 09:14:11] 🔹 SYSTEM: Status check — Pending: 0, Running: 0
[2026-07-10 09:14:21] 🔹 SYSTEM: Fleet heartbeat updated
[2026-07-10 09:15:22] 🔹 SYSTEM: Fleet heartbeat updated
[2026-07-10 09:16:23] 🔹 SYSTEM: Fleet heartbeat updated
[2026-07-10 09:17:24] 🔹 SYSTEM: Fleet heartbeat updated
[2026-07-10 09:18:25] 🔹 SYSTEM: Fleet heartbeat updated
[2026-07-10 09:19:26] 🔹 SYSTEM: Fleet heartbeat updated
[2026-07-10 09:20:27] 🔹 SYSTEM: Fleet heartbeat updated
[2026-07-10 09:21:28] 🔹 SYSTEM: Fleet heartbeat updated
[2026-07-10 09:22:29] 🔹 SYSTEM: Fleet heartbeat updated
[2026-07-10 09:23:30] 🔹 SYSTEM: Fleet heartbeat updated
[2026-07-10 09:24:21] 🔹 SYSTEM: Status check — Pending: 0, Running: 0
[2026-07-10 09:24:31] 🔹 SYSTEM: Fleet heartbeat updated
[2026-07-10 09:25:32] 🔹 SYSTEM: Fleet heartbeat updated
[2026-07-10 09:26:33] 🔹 SYSTEM: Fleet heartbeat updated
[2026-07-10 09:27:34] 🔹 SYSTEM: Fleet heartbeat updated
[2026-07-10 09:28:35] 🔹 SYSTEM: Fleet heartbeat updated
[2026-07-10 09:29:36] 🔹 SYSTEM: Fleet heartbeat updated
[2026-07-10 09:30:36] 🔹 SYSTEM: Fleet heartbeat updated
[2026-07-10 09:31:37] 🔹 SYSTEM: Fleet heartbeat updated
[2026-07-10 09:32:38] 🔹 SYSTEM: Fleet heartbeat updated
[2026-07-10 09:33:39] 🔹 SYSTEM: Fleet heartbeat updated
[2026-07-10 09:34:29] 🔹 SYSTEM: Status check — Pending: 0, Running: 0
[2026-07-10 09:34:40] 🔹 SYSTEM: Fleet heartbeat updated
[2026-07-10 09:35:41] 🔹 SYSTEM: Fleet heartbeat updated
[2026-07-10 09:36:41] 🔹 SYSTEM: Fleet heartbeat updated
[2026-07-10 09:37:42] 🔹 SYSTEM: Fleet heartbeat updated
[2026-07-10 09:38:43] 🔹 SYSTEM: Fleet heartbeat updated
[2026-07-10 09:39:44] 🔹 SYSTEM: Fleet heartbeat updated
[2026-07-10 09:40:45] 🔹 SYSTEM: Fleet heartbeat updated
[2026-07-10 09:41:46] 🔹 SYSTEM: Fleet heartbeat updated
[2026-07-10 09:42:46] 🔹 SYSTEM: Fleet heartbeat updated
[2026-07-10 09:43:47] 🔹 SYSTEM: Fleet heartbeat updated
[2026-07-10 09:44:38] 🔹 SYSTEM: Status check — Pending: 0, Running: 0
[2026-07-10 09:44:48] 🔹 SYSTEM: Fleet heartbeat updated
[2026-07-10 09:45:49] 🔹 SYSTEM: Fleet heartbeat updated
[2026-07-10 09:46:50] 🔹 SYSTEM: Fleet heartbeat updated
[2026-07-10 09:47:51] 🔹 SYSTEM: Fleet heartbeat updated
[2026-07-10 09:48:55] 🔹 SYSTEM: Fleet heartbeat updated
[2026-07-10 09:49:55] 🔹 SYSTEM: Fleet heartbeat updated
[2026-07-10 09:50:56] 🔹 SYSTEM: Fleet heartbeat updated
[2026-07-10 09:51:58] 🔹 SYSTEM: Fleet heartbeat updated
[2026-07-10 09:52:59] 🔹 SYSTEM: Fleet heartbeat updated
[2026-07-10 09:54:00] 🔹 SYSTEM: Fleet heartbeat updated
[2026-07-10 09:54:51] 🔹 SYSTEM: Status check — Pending: 0, Running: 0
[2026-07-10 09:55:01] 🔹 SYSTEM: Fleet heartbeat updated
[2026-07-10 09:56:02] 🔹 SYSTEM: Fleet heartbeat updated
[2026-07-10 09:57:03] 🔹 SYSTEM: Fleet heartbeat updated
[2026-07-10 09:58:04] 🔹 SYSTEM: Fleet heartbeat updated
[2026-07-10 09:59:05] 🔹 SYSTEM: Fleet heartbeat updated
[2026-07-10 10:00:06] 🔹 SYSTEM: Fleet heartbeat updated
[2026-07-10 10:01:07] 🔹 SYSTEM: Fleet heartbeat updated
[2026-07-10 10:02:07] 🔹 SYSTEM: Fleet heartbeat updated
[2026-07-10 10:03:08] 🔹 SYSTEM: Fleet heartbeat updated
[2026-07-10 10:04:09] 🔹 SYSTEM: Fleet heartbeat updated
[2026-07-10 10:05:00] 🔹 SYSTEM: Status check — Pending: 0, Running: 0
[2026-07-10 10:05:10] 🔹 SYSTEM: Fleet heartbeat updated
[2026-07-10 10:06:11] 🔹 SYSTEM: Fleet heartbeat updated
[2026-07-10 10:07:12] 🔹 SYSTEM: Fleet heartbeat updated
[2026-07-10 10:08:13] 🔹 SYSTEM: Fleet heartbeat updated
[2026-07-10 10:09:14] 🔹 SYSTEM: Fleet heartbeat updated
[2026-07-10 10:10:15] 🔹 SYSTEM: Fleet heartbeat updated
[2026-07-10 10:11:15] 🔹 SYSTEM: Fleet heartbeat updated
[2026-07-10 10:12:17] 🔹 SYSTEM: Fleet heartbeat updated
[2026-07-10 10:13:18] 🔹 SYSTEM: Fleet heartbeat updated
[2026-07-10 10:14:18] 🔹 SYSTEM: Fleet heartbeat updated
[2026-07-10 10:15:09] 🔹 SYSTEM: Status check — Pending: 0, Running: 0
[2026-07-10 10:15:19] 🔹 SYSTEM: Fleet heartbeat updated
[2026-07-10 10:16:20] 🔹 SYSTEM: Fleet heartbeat updated
[2026-07-10 10:17:21] 🔹 SYSTEM: Fleet heartbeat updated
[2026-07-10 10:18:22] 🔹 SYSTEM: Fleet heartbeat updated
[2026-07-10 10:19:23] 🔹 SYSTEM: Fleet heartbeat updated
[2026-07-10 10:20:24] 🔹 SYSTEM: Fleet heartbeat updated
[2026-07-10 10:21:25] 🔹 SYSTEM: Fleet heartbeat updated
[2026-07-10 10:22:26] 🔹 SYSTEM: Fleet heartbeat updated
[2026-07-10 10:23:27] 🔹 SYSTEM: Fleet heartbeat updated
[2026-07-10 10:24:28] 🔹 SYSTEM: Fleet heartbeat updated
[2026-07-10 10:25:19] 🔹 SYSTEM: Status check — Pending: 0, Running: 0
[2026-07-10 10:25:30] 🔹 SYSTEM: Fleet heartbeat updated
[2026-07-10 10:26:31] 🔹 SYSTEM: Fleet heartbeat updated
[2026-07-10 10:27:32] 🔹 SYSTEM: Fleet heartbeat updated
[2026-07-10 10:28:33] 🔹 SYSTEM: Fleet heartbeat updated
[2026-07-10 10:29:34] 🔹 SYSTEM: Fleet heartbeat updated
[2026-07-10 10:30:35] 🔹 SYSTEM: Fleet heartbeat updated
[2026-07-10 10:31:36] 🔹 SYSTEM: Fleet heartbeat updated
[2026-07-10 10:32:37] 🔹 SYSTEM: Fleet heartbeat updated
[2026-07-10 10:33:38] 🔹 SYSTEM: Fleet heartbeat updated
[2026-07-10 10:34:39] 🔹 SYSTEM: Fleet heartbeat updated
[2026-07-10 10:35:29] 🔹 SYSTEM: Status check — Pending: 0, Running: 0
[2026-07-10 10:35:40] 🔹 SYSTEM: Fleet heartbeat updated
[2026-07-10 10:36:41] 🔹 SYSTEM: Fleet heartbeat updated
[2026-07-10 10:37:42] 🔹 SYSTEM: Fleet heartbeat updated
[2026-07-10 10:38:43] 🔹 SYSTEM: Fleet heartbeat updated
[2026-07-10 10:39:44] 🔹 SYSTEM: Fleet heartbeat updated
[2026-07-10 10:40:45] 🔹 SYSTEM: Fleet heartbeat updated
[2026-07-10 10:41:46] 🔹 SYSTEM: Fleet heartbeat updated
[2026-07-10 10:42:47] 🔹 SYSTEM: Fleet heartbeat updated
[2026-07-10 10:43:48] 🔹 SYSTEM: Fleet heartbeat updated
[2026-07-10 10:44:48] 🔹 SYSTEM: Fleet heartbeat updated
[2026-07-10 10:45:40] 🔹 SYSTEM: Status check — Pending: 0, Running: 0
[2026-07-10 10:45:50] 🔹 SYSTEM: Fleet heartbeat updated
[2026-07-10 10:46:52] 🔹 SYSTEM: Fleet heartbeat updated
[2026-07-10 10:47:53] 🔹 SYSTEM: Fleet heartbeat updated
[2026-07-10 10:48:54] 🔹 SYSTEM: Fleet heartbeat updated
[2026-07-10 10:49:55] 🔹 SYSTEM: Fleet heartbeat updated
[2026-07-10 10:50:56] 🔹 SYSTEM: Fleet heartbeat updated
[2026-07-10 10:51:58] 🔹 SYSTEM: Fleet heartbeat updated
[2026-07-10 10:52:59] 🔹 SYSTEM: Fleet heartbeat updated
[2026-07-10 10:54:00] 🔹 SYSTEM: Fleet heartbeat updated
[2026-07-10 10:55:01] 🔹 SYSTEM: Fleet heartbeat updated
[2026-07-10 10:55:52] 🔹 SYSTEM: Status check — Pending: 0, Running: 0
[2026-07-10 10:56:02] 🔹 SYSTEM: Fleet heartbeat updated
[2026-07-10 10:57:03] 🔹 SYSTEM: Fleet heartbeat updated
[2026-07-10 10:58:04] 🔹 SYSTEM: Fleet heartbeat updated
[2026-07-10 10:59:06] 🔹 SYSTEM: Fleet heartbeat updated
[2026-07-10 11:00:07] 🔹 SYSTEM: Fleet heartbeat updated
[2026-07-10 11:01:08] 🔹 SYSTEM: Fleet heartbeat updated
[2026-07-10 11:02:09] 🔹 SYSTEM: Fleet heartbeat updated
[2026-07-10 11:03:11] 🔹 SYSTEM: Fleet heartbeat updated
[2026-07-10 11:04:12] 🔹 SYSTEM: Fleet heartbeat updated
[2026-07-10 11:05:13] 🔹 SYSTEM: Fleet heartbeat updated
[2026-07-10 11:06:04] 🔹 SYSTEM: Status check — Pending: 0, Running: 0
[2026-07-10 11:06:14] 🔹 SYSTEM: Fleet heartbeat updated
[2026-07-10 11:07:15] 🔹 SYSTEM: Fleet heartbeat updated
[2026-07-10 11:08:16] 🔹 SYSTEM: Fleet heartbeat updated
[2026-07-10 11:09:18] 🔹 SYSTEM: Fleet heartbeat updated
[2026-07-10 11:10:19] 🔹 SYSTEM: Fleet heartbeat updated
[2026-07-10 11:11:20] 🔹 SYSTEM: Fleet heartbeat updated
[2026-07-10 11:12:21] 🔹 SYSTEM: Fleet heartbeat updated
[2026-07-10 11:13:22] 🔹 SYSTEM: Fleet heartbeat updated
[2026-07-10 11:14:23] 🔹 SYSTEM: Fleet heartbeat updated
[2026-07-10 11:15:25] 🔹 SYSTEM: Fleet heartbeat updated
[2026-07-10 11:16:15] 🔹 SYSTEM: Status check — Pending: 0, Running: 0
[2026-07-10 11:16:26] 🔹 SYSTEM: Fleet heartbeat updated
[2026-07-10 11:17:27] 🔹 SYSTEM: Fleet heartbeat updated
[2026-07-10 11:18:28] 🔹 SYSTEM: Fleet heartbeat updated
[2026-07-10 11:19:29] 🔹 SYSTEM: Fleet heartbeat updated
[2026-07-10 11:20:30] 🔹 SYSTEM: Fleet heartbeat updated
[2026-07-10 11:21:32] 🔹 SYSTEM: Fleet heartbeat updated
[2026-07-10 11:22:32] 🔹 SYSTEM: Fleet heartbeat updated
[2026-07-10 11:23:34] 🔹 SYSTEM: Fleet heartbeat updated
[2026-07-10 11:24:35] 🔹 SYSTEM: Fleet heartbeat updated
[2026-07-10 11:25:36] 🔹 SYSTEM: Fleet heartbeat updated
[2026-07-10 11:26:27] 🔹 SYSTEM: Status check — Pending: 0, Running: 0
[2026-07-10 11:26:37] 🔹 SYSTEM: Fleet heartbeat updated
[2026-07-10 11:27:38] 🔹 SYSTEM: Fleet heartbeat updated
[2026-07-10 11:28:40] 🔹 SYSTEM: Fleet heartbeat updated
[2026-07-10 11:29:41] 🔹 SYSTEM: Fleet heartbeat updated
[2026-07-10 11:30:42] 🔹 SYSTEM: Fleet heartbeat updated
[2026-07-10 11:31:43] 🔹 SYSTEM: Fleet heartbeat updated
[2026-07-10 11:32:44] 🔹 SYSTEM: Fleet heartbeat updated
[2026-07-10 11:33:45] 🔹 SYSTEM: Fleet heartbeat updated
[2026-07-10 11:34:46] 🔹 SYSTEM: Fleet heartbeat updated
[2026-07-10 11:35:48] 🔹 SYSTEM: Fleet heartbeat updated
[2026-07-10 11:36:39] 🔹 SYSTEM: Status check — Pending: 0, Running: 0
[2026-07-10 11:36:49] 🔹 SYSTEM: Fleet heartbeat updated
[2026-07-10 11:37:50] 🔹 SYSTEM: Fleet heartbeat updated
[2026-07-10 11:38:51] 🔹 SYSTEM: Fleet heartbeat updated
[2026-07-10 11:39:52] 🔹 SYSTEM: Fleet heartbeat updated
[2026-07-10 11:40:53] 🔹 SYSTEM: Fleet heartbeat updated
[2026-07-10 11:41:55] 🔹 SYSTEM: Fleet heartbeat updated
[2026-07-10 11:42:56] 🔹 SYSTEM: Fleet heartbeat updated
[2026-07-10 11:43:57] 🔹 SYSTEM: Fleet heartbeat updated
[2026-07-10 11:44:59] 🔹 SYSTEM: Fleet heartbeat updated
[2026-07-10 11:46:00] 🔹 SYSTEM: Fleet heartbeat updated
[2026-07-10 11:46:51] 🔹 SYSTEM: Status check — Pending: 0, Running: 0
[2026-07-10 11:47:01] 🔹 SYSTEM: Fleet heartbeat updated
[2026-07-10 11:48:03] 🔹 SYSTEM: Fleet heartbeat updated
[2026-07-10 11:49:04] 🔹 SYSTEM: Fleet heartbeat updated
[2026-07-10 11:50:05] 🔹 SYSTEM: Fleet heartbeat updated
[2026-07-10 11:51:06] 🔹 SYSTEM: Fleet heartbeat updated
[2026-07-10 11:52:08] 🔹 SYSTEM: Fleet heartbeat updated
[2026-07-10 11:53:09] 🔹 SYSTEM: Fleet heartbeat updated
[2026-07-10 11:54:10] 🔹 SYSTEM: Fleet heartbeat updated
[2026-07-10 11:55:11] 🔹 SYSTEM: Fleet heartbeat updated
[2026-07-10 11:56:12] 🔹 SYSTEM: Fleet heartbeat updated
[2026-07-10 11:57:03] 🔹 SYSTEM: Status check — Pending: 0, Running: 0
[2026-07-10 11:57:14] 🔹 SYSTEM: Fleet heartbeat updated
[2026-07-10 11:58:15] 🔹 SYSTEM: Fleet heartbeat updated
[2026-07-10 11:59:16] 🔹 SYSTEM: Fleet heartbeat updated
[2026-07-10 12:00:18] 🔹 SYSTEM: Fleet heartbeat updated
[2026-07-10 12:01:19] 🔹 SYSTEM: Fleet heartbeat updated
[2026-07-10 12:02:20] 🔹 SYSTEM: Fleet heartbeat updated
[2026-07-10 12:03:21] 🔹 SYSTEM: Fleet heartbeat updated
[2026-07-10 12:04:22] 🔹 SYSTEM: Fleet heartbeat updated
[2026-07-10 12:05:24] 🔹 SYSTEM: Fleet heartbeat updated
[2026-07-10 12:06:25] 🔹 SYSTEM: Fleet heartbeat updated
[2026-07-10 12:07:16] 🔹 SYSTEM: Status check — Pending: 0, Running: 0
[2026-07-10 12:07:26] 🔹 SYSTEM: Fleet heartbeat updated
[2026-07-10 12:08:27] 🔹 SYSTEM: Fleet heartbeat updated
[2026-07-10 12:09:29] 🔹 SYSTEM: Fleet heartbeat updated
[2026-07-10 12:10:30] 🔹 SYSTEM: Fleet heartbeat updated
[2026-07-10 12:11:31] 🔹 SYSTEM: Fleet heartbeat updated
[2026-07-10 12:12:32] 🔹 SYSTEM: Fleet heartbeat updated
[2026-07-10 12:13:33] 🔹 SYSTEM: Fleet heartbeat updated
[2026-07-10 12:14:34] 🔹 SYSTEM: Fleet heartbeat updated
[2026-07-10 12:15:36] 🔹 SYSTEM: Fleet heartbeat updated
[2026-07-10 12:16:37] 🔹 SYSTEM: Fleet heartbeat updated
[2026-07-10 12:17:28] 🔹 SYSTEM: Status check — Pending: 0, Running: 0
[2026-07-10 12:17:38] 🔹 SYSTEM: Fleet heartbeat updated
[2026-07-10 12:18:39] 🔹 SYSTEM: Fleet heartbeat updated
[2026-07-10 12:19:40] 🔹 SYSTEM: Fleet heartbeat updated
[2026-07-10 12:20:42] 🔹 SYSTEM: Fleet heartbeat updated
[2026-07-10 12:21:43] 🔹 SYSTEM: Fleet heartbeat updated
[2026-07-10 12:22:44] 🔹 SYSTEM: Fleet heartbeat updated
[2026-07-10 12:23:45] 🔹 SYSTEM: Fleet heartbeat updated
[2026-07-10 12:24:47] 🔹 SYSTEM: Fleet heartbeat updated
[2026-07-10 12:25:48] 🔹 SYSTEM: Fleet heartbeat updated
[2026-07-10 12:26:49] 🔹 SYSTEM: Fleet heartbeat updated
[2026-07-10 12:27:40] 🔹 SYSTEM: Status check — Pending: 0, Running: 0
[2026-07-10 12:27:50] 🔹 SYSTEM: Fleet heartbeat updated
[2026-07-10 12:28:52] 🔹 SYSTEM: Fleet heartbeat updated
[2026-07-10 12:29:53] 🔹 SYSTEM: Fleet heartbeat updated
[2026-07-10 12:30:54] 🔹 SYSTEM: Fleet heartbeat updated
[2026-07-10 12:31:55] 🔹 SYSTEM: Fleet heartbeat updated
[2026-07-10 12:32:56] 🔹 SYSTEM: Fleet heartbeat updated
[2026-07-10 12:33:58] 🔹 SYSTEM: Fleet heartbeat updated
[2026-07-10 12:34:59] 🔹 SYSTEM: Fleet heartbeat updated
[2026-07-10 12:36:00] 🔹 SYSTEM: Fleet heartbeat updated
[2026-07-10 12:37:01] 🔹 SYSTEM: Fleet heartbeat updated
[2026-07-10 12:37:52] 🔹 SYSTEM: Status check — Pending: 0, Running: 0
[2026-07-10 12:38:03] 🔹 SYSTEM: Fleet heartbeat updated
[2026-07-10 12:39:04] 🔹 SYSTEM: Fleet heartbeat updated
[2026-07-10 12:40:05] 🔹 SYSTEM: Fleet heartbeat updated
[2026-07-10 12:41:06] 🔹 SYSTEM: Fleet heartbeat updated
[2026-07-10 12:42:08] 🔹 SYSTEM: Fleet heartbeat updated
[2026-07-10 12:43:09] 🔹 SYSTEM: Fleet heartbeat updated
[2026-07-10 12:44:10] 🔹 SYSTEM: Fleet heartbeat updated
[2026-07-10 12:45:17] 🔹 SYSTEM: Fleet heartbeat updated
[2026-07-10 12:46:18] 🔹 SYSTEM: Fleet heartbeat updated
[2026-07-10 12:47:19] 🔹 SYSTEM: Fleet heartbeat updated
[2026-07-10 12:48:10] 🔹 SYSTEM: Status check — Pending: 0, Running: 0
[2026-07-10 12:48:20] 🔹 SYSTEM: Fleet heartbeat updated
[2026-07-10 12:49:21] 🔹 SYSTEM: Fleet heartbeat updated
[2026-07-10 12:50:23] 🔹 SYSTEM: Fleet heartbeat updated
[2026-07-10 12:51:24] 🔹 SYSTEM: Fleet heartbeat updated
[2026-07-10 12:52:25] 🔹 SYSTEM: Fleet heartbeat updated
[2026-07-10 12:53:26] 🔹 SYSTEM: Fleet heartbeat updated
[2026-07-10 12:54:28] 🔹 SYSTEM: Fleet heartbeat updated
[2026-07-10 12:55:29] 🔹 SYSTEM: Fleet heartbeat updated
[2026-07-10 12:56:30] 🔹 SYSTEM: Fleet heartbeat updated
[2026-07-10 12:57:32] 🔹 SYSTEM: Fleet heartbeat updated
[2026-07-10 12:58:23] 🔹 SYSTEM: Status check — Pending: 0, Running: 0
[2026-07-10 12:58:33] 🔹 SYSTEM: Fleet heartbeat updated
[2026-07-10 12:59:34] 🔹 SYSTEM: Fleet heartbeat updated
[2026-07-10 13:00:35] 🔹 SYSTEM: Fleet heartbeat updated
[2026-07-10 13:01:36] 🔹 SYSTEM: Fleet heartbeat updated
[2026-07-10 13:02:38] 🔹 SYSTEM: Fleet heartbeat updated
[2026-07-10 13:03:39] 🔹 SYSTEM: Fleet heartbeat updated
[2026-07-10 13:04:40] 🔹 SYSTEM: Fleet heartbeat updated
[2026-07-10 13:05:41] 🔹 SYSTEM: Fleet heartbeat updated
[2026-07-10 13:06:43] 🔹 SYSTEM: Fleet heartbeat updated
[2026-07-10 13:07:44] 🔹 SYSTEM: Fleet heartbeat updated
[2026-07-10 13:08:35] 🔹 SYSTEM: Status check — Pending: 0, Running: 0
[2026-07-10 13:08:45] 🔹 SYSTEM: Fleet heartbeat updated
[2026-07-10 13:09:47] 🔹 SYSTEM: Fleet heartbeat updated
[2026-07-10 13:10:48] 🔹 SYSTEM: Fleet heartbeat updated
[2026-07-10 13:11:49] 🔹 SYSTEM: Fleet heartbeat updated
[2026-07-10 13:12:50] 🔹 SYSTEM: Fleet heartbeat updated
[2026-07-10 13:13:52] 🔹 SYSTEM: Fleet heartbeat updated
[2026-07-10 13:14:53] 🔹 SYSTEM: Fleet heartbeat updated
[2026-07-10 13:15:54] 🔹 SYSTEM: Fleet heartbeat updated
[2026-07-10 13:16:55] 🔹 SYSTEM: Fleet heartbeat updated
[2026-07-10 13:17:56] 🔹 SYSTEM: Fleet heartbeat updated
[2026-07-10 13:18:48] 🔹 SYSTEM: Status check — Pending: 0, Running: 0
[2026-07-10 13:18:58] 🔹 SYSTEM: Fleet heartbeat updated
[2026-07-10 13:19:59] 🔹 SYSTEM: Fleet heartbeat updated
[2026-07-10 13:21:00] 🔹 SYSTEM: Fleet heartbeat updated
[2026-07-10 13:22:01] 🔹 SYSTEM: Fleet heartbeat updated
[2026-07-10 13:23:02] 🔹 SYSTEM: Fleet heartbeat updated
[2026-07-10 13:24:04] 🔹 SYSTEM: Fleet heartbeat updated
[2026-07-10 13:25:05] 🔹 SYSTEM: Fleet heartbeat updated
[2026-07-10 13:26:06] 🔹 SYSTEM: Fleet heartbeat updated
[2026-07-10 13:27:07] 🔹 SYSTEM: Fleet heartbeat updated
[2026-07-10 13:28:09] 🔹 SYSTEM: Fleet heartbeat updated
[2026-07-10 13:29:00] 🔹 SYSTEM: Status check — Pending: 0, Running: 0
[2026-07-10 13:29:10] 🔹 SYSTEM: Fleet heartbeat updated
[2026-07-10 13:30:11] 🔹 SYSTEM: Fleet heartbeat updated
[2026-07-10 13:31:13] 🔹 SYSTEM: Fleet heartbeat updated
[2026-07-10 13:32:14] 🔹 SYSTEM: Fleet heartbeat updated
[2026-07-10 13:33:15] 🔹 SYSTEM: Fleet heartbeat updated
[2026-07-10 13:34:16] 🔹 SYSTEM: Fleet heartbeat updated
[2026-07-10 13:35:18] 🔹 SYSTEM: Fleet heartbeat updated
[2026-07-10 13:36:19] 🔹 SYSTEM: Fleet heartbeat updated
[2026-07-10 13:37:20] 🔹 SYSTEM: Fleet heartbeat updated
[2026-07-10 13:38:22] 🔹 SYSTEM: Fleet heartbeat updated
[2026-07-10 13:39:13] 🔹 SYSTEM: Status check — Pending: 0, Running: 0
[2026-07-10 13:39:23] 🔹 SYSTEM: Fleet heartbeat updated
[2026-07-10 13:40:24] 🔹 SYSTEM: Fleet heartbeat updated
[2026-07-10 13:41:25] 🔹 SYSTEM: Fleet heartbeat updated
[2026-07-10 13:42:26] 🔹 SYSTEM: Fleet heartbeat updated
[2026-07-10 13:43:28] 🔹 SYSTEM: Fleet heartbeat updated
[2026-07-10 13:44:29] 🔹 SYSTEM: Fleet heartbeat updated
[2026-07-10 13:45:32] 🔹 SYSTEM: Fleet heartbeat updated
[2026-07-10 13:46:37] 🔹 SYSTEM: Fleet heartbeat updated
[2026-07-10 13:47:38] 🔹 SYSTEM: Fleet heartbeat updated
[2026-07-10 13:48:40] 🔹 SYSTEM: Fleet heartbeat updated
[2026-07-10 13:49:31] 🔹 SYSTEM: Status check — Pending: 0, Running: 0
[2026-07-10 13:49:41] 🔹 SYSTEM: Fleet heartbeat updated
[2026-07-10 13:50:42] 🔹 SYSTEM: Fleet heartbeat updated
[2026-07-10 13:51:44] 🔹 SYSTEM: Fleet heartbeat updated
[2026-07-10 13:52:45] 🔹 SYSTEM: Fleet heartbeat updated
[2026-07-10 13:53:46] 🔹 SYSTEM: Fleet heartbeat updated
[2026-07-10 13:54:47] 🔹 SYSTEM: Fleet heartbeat updated
[2026-07-10 13:55:49] 🔹 SYSTEM: Fleet heartbeat updated
[2026-07-10 13:56:50] 🔹 SYSTEM: Fleet heartbeat updated
[2026-07-10 13:57:51] 🔹 SYSTEM: Fleet heartbeat updated
[2026-07-10 13:58:52] 🔹 SYSTEM: Fleet heartbeat updated
[2026-07-10 13:59:43] 🔹 SYSTEM: Status check — Pending: 0, Running: 0
[2026-07-10 13:59:54] 🔹 SYSTEM: Fleet heartbeat updated
[2026-07-10 14:00:55] 🔹 SYSTEM: Fleet heartbeat updated
[2026-07-10 14:01:56] 🔹 SYSTEM: Fleet heartbeat updated
[2026-07-10 14:02:58] 🔹 SYSTEM: Fleet heartbeat updated
[2026-07-10 14:03:59] 🔹 SYSTEM: Fleet heartbeat updated
[2026-07-10 14:05:00] 🔹 SYSTEM: Fleet heartbeat updated
[2026-07-10 14:06:01] 🔹 SYSTEM: Fleet heartbeat updated
[2026-07-10 14:07:03] 🔹 SYSTEM: Fleet heartbeat updated
[2026-07-10 14:08:04] 🔹 SYSTEM: Fleet heartbeat updated
[2026-07-10 14:09:05] 🔹 SYSTEM: Fleet heartbeat updated
[2026-07-10 14:09:56] 🔹 SYSTEM: Status check — Pending: 0, Running: 0
[2026-07-10 14:10:06] 🔹 SYSTEM: Fleet heartbeat updated
[2026-07-10 14:11:07] 🔹 SYSTEM: Fleet heartbeat updated
[2026-07-10 14:12:09] 🔹 SYSTEM: Fleet heartbeat updated
[2026-07-10 14:13:10] 🔹 SYSTEM: Fleet heartbeat updated
[2026-07-10 14:14:11] 🔹 SYSTEM: Fleet heartbeat updated
[2026-07-10 14:15:12] 🔹 SYSTEM: Fleet heartbeat updated
[2026-07-10 14:16:13] 🔹 SYSTEM: Fleet heartbeat updated
[2026-07-10 14:17:14] 🔹 SYSTEM: Fleet heartbeat updated
[2026-07-10 14:18:16] 🔹 SYSTEM: Fleet heartbeat updated
[2026-07-10 14:19:17] 🔹 SYSTEM: Fleet heartbeat updated
[2026-07-10 14:20:08] 🔹 SYSTEM: Status check — Pending: 0, Running: 0
[2026-07-10 14:20:18] 🔹 SYSTEM: Fleet heartbeat updated
[2026-07-10 14:21:19] 🔹 SYSTEM: Fleet heartbeat updated
[2026-07-10 14:22:20] 🔹 SYSTEM: Fleet heartbeat updated
[2026-07-10 14:23:22] 🔹 SYSTEM: Fleet heartbeat updated
[2026-07-10 14:24:23] 🔹 SYSTEM: Fleet heartbeat updated
[2026-07-10 14:25:25] 🔹 SYSTEM: Fleet heartbeat updated
[2026-07-10 14:26:26] 🔹 SYSTEM: Fleet heartbeat updated
[2026-07-10 14:27:27] 🔹 SYSTEM: Fleet heartbeat updated
[2026-07-10 14:28:29] 🔹 SYSTEM: Fleet heartbeat updated
[2026-07-10 14:29:30] 🔹 SYSTEM: Fleet heartbeat updated
[2026-07-10 14:30:21] 🔹 SYSTEM: Status check — Pending: 0, Running: 0
[2026-07-10 14:30:32] 🔹 SYSTEM: Fleet heartbeat updated
[2026-07-10 14:31:33] 🔹 SYSTEM: Fleet heartbeat updated
[2026-07-10 14:32:34] 🔹 SYSTEM: Fleet heartbeat updated
[2026-07-10 14:33:35] 🔹 SYSTEM: Fleet heartbeat updated
[2026-07-10 14:34:36] 🔹 SYSTEM: Fleet heartbeat updated
[2026-07-10 14:35:37] 🔹 SYSTEM: Fleet heartbeat updated
[2026-07-10 14:36:39] 🔹 SYSTEM: Fleet heartbeat updated
[2026-07-10 14:37:40] 🔹 SYSTEM: Fleet heartbeat updated
[2026-07-10 14:38:41] 🔹 SYSTEM: Fleet heartbeat updated
[2026-07-10 14:39:42] 🔹 SYSTEM: Fleet heartbeat updated
[2026-07-10 14:40:33] 🔹 SYSTEM: Status check — Pending: 0, Running: 0
[2026-07-10 14:40:43] 🔹 SYSTEM: Fleet heartbeat updated
[2026-07-10 14:41:45] 🔹 SYSTEM: Fleet heartbeat updated
[2026-07-10 14:42:46] 🔹 SYSTEM: Fleet heartbeat updated
[2026-07-10 14:43:47] 🔹 SYSTEM: Fleet heartbeat updated
[2026-07-10 14:44:58] 🔹 SYSTEM: Fleet heartbeat updated
[2026-07-10 14:46:01] 🔹 SYSTEM: Fleet heartbeat updated
[2026-07-10 14:47:02] 🔹 SYSTEM: Fleet heartbeat updated
[2026-07-10 14:48:03] 🔹 SYSTEM: Fleet heartbeat updated
[2026-07-10 14:49:05] 🔹 SYSTEM: Fleet heartbeat updated
[2026-07-10 14:50:06] 🔹 SYSTEM: Fleet heartbeat updated
[2026-07-10 14:50:57] 🔹 SYSTEM: Status check — Pending: 0, Running: 0
[2026-07-10 14:51:07] 🔹 SYSTEM: Fleet heartbeat updated
[2026-07-10 14:52:08] 🔹 SYSTEM: Fleet heartbeat updated
[2026-07-10 14:53:09] 🔹 SYSTEM: Fleet heartbeat updated
[2026-07-10 14:54:10] 🔹 SYSTEM: Fleet heartbeat updated
[2026-07-10 14:55:12] 🔹 SYSTEM: Fleet heartbeat updated
[2026-07-10 14:56:13] 🔹 SYSTEM: Fleet heartbeat updated
[2026-07-10 14:57:14] 🔹 SYSTEM: Fleet heartbeat updated
[2026-07-10 14:58:15] 🔹 SYSTEM: Fleet heartbeat updated
[2026-07-10 14:59:16] 🔹 SYSTEM: Fleet heartbeat updated
[2026-07-10 15:00:18] 🔹 SYSTEM: Fleet heartbeat updated
[2026-07-10 15:01:09] 🔹 SYSTEM: Status check — Pending: 0, Running: 0
[2026-07-10 15:01:19] 🔹 SYSTEM: Fleet heartbeat updated
[2026-07-10 15:02:20] 🔹 SYSTEM: Fleet heartbeat updated
[2026-07-10 15:03:22] 🔹 SYSTEM: Fleet heartbeat updated
[2026-07-10 15:04:23] 🔹 SYSTEM: Fleet heartbeat updated
[2026-07-10 15:05:24] 🔹 SYSTEM: Fleet heartbeat updated
[2026-07-10 15:06:25] 🔹 SYSTEM: Fleet heartbeat updated
[2026-07-10 15:07:26] 🔹 SYSTEM: Fleet heartbeat updated
[2026-07-10 15:08:28] 🔹 SYSTEM: Fleet heartbeat updated
[2026-07-10 15:09:29] 🔹 SYSTEM: Fleet heartbeat updated
[2026-07-10 15:10:30] 🔹 SYSTEM: Fleet heartbeat updated
[2026-07-10 15:11:21] 🔹 SYSTEM: Status check — Pending: 0, Running: 0
[2026-07-10 15:11:32] 🔹 SYSTEM: Fleet heartbeat updated
[2026-07-10 15:12:33] 🔹 SYSTEM: Fleet heartbeat updated
[2026-07-10 15:13:34] 🔹 SYSTEM: Fleet heartbeat updated
[2026-07-10 15:14:35] 🔹 SYSTEM: Fleet heartbeat updated
[2026-07-10 15:15:37] 🔹 SYSTEM: Fleet heartbeat updated
[2026-07-10 15:16:38] 🔹 SYSTEM: Fleet heartbeat updated
[2026-07-10 15:17:39] 🔹 SYSTEM: Fleet heartbeat updated
[2026-07-10 15:18:41] 🔹 SYSTEM: Fleet heartbeat updated
[2026-07-10 15:19:42] 🔹 SYSTEM: Fleet heartbeat updated
[2026-07-10 15:20:43] 🔹 SYSTEM: Fleet heartbeat updated
[2026-07-10 15:21:34] 🔹 SYSTEM: Status check — Pending: 0, Running: 0
[2026-07-10 15:21:44] 🔹 SYSTEM: Fleet heartbeat updated
[2026-07-10 15:22:46] 🔹 SYSTEM: Fleet heartbeat updated
[2026-07-10 15:23:47] 🔹 SYSTEM: Fleet heartbeat updated
[2026-07-10 15:24:48] 🔹 SYSTEM: Fleet heartbeat updated
[2026-07-10 15:25:49] 🔹 SYSTEM: Fleet heartbeat updated
[2026-07-10 15:26:50] 🔹 SYSTEM: Fleet heartbeat updated
[2026-07-10 15:27:51] 🔹 SYSTEM: Fleet heartbeat updated
[2026-07-10 15:28:53] 🔹 SYSTEM: Fleet heartbeat updated
[2026-07-10 15:29:54] 🔹 SYSTEM: Fleet heartbeat updated
[2026-07-10 15:30:55] 🔹 SYSTEM: Fleet heartbeat updated
[2026-07-10 15:31:46] 🔹 SYSTEM: Status check — Pending: 0, Running: 0
[2026-07-10 15:31:57] 🔹 SYSTEM: Fleet heartbeat updated
[2026-07-10 15:32:58] 🔹 SYSTEM: Fleet heartbeat updated
[2026-07-10 15:33:59] 🔹 SYSTEM: Fleet heartbeat updated
[2026-07-10 15:35:00] 🔹 SYSTEM: Fleet heartbeat updated
[2026-07-10 15:36:02] 🔹 SYSTEM: Fleet heartbeat updated
[2026-07-10 15:37:03] 🔹 SYSTEM: Fleet heartbeat updated
[2026-07-10 15:38:04] 🔹 SYSTEM: Fleet heartbeat updated
[2026-07-10 15:39:06] 🔹 SYSTEM: Fleet heartbeat updated
[2026-07-10 15:40:07] 🔹 SYSTEM: Fleet heartbeat updated
[2026-07-10 15:41:08] 🔹 SYSTEM: Fleet heartbeat updated
[2026-07-10 15:41:59] 🔹 SYSTEM: Status check — Pending: 0, Running: 0
[2026-07-10 15:42:09] 🔹 SYSTEM: Fleet heartbeat updated
[2026-07-10 15:43:10] 🔹 SYSTEM: Fleet heartbeat updated
[2026-07-10 15:44:12] 🔹 SYSTEM: Fleet heartbeat updated
[2026-07-10 15:45:22] 🔹 SYSTEM: Fleet heartbeat updated
[2026-07-10 15:46:23] 🔹 SYSTEM: Fleet heartbeat updated
[2026-07-10 15:47:24] 🔹 SYSTEM: Fleet heartbeat updated
[2026-07-10 15:48:26] 🔹 SYSTEM: Fleet heartbeat updated
[2026-07-10 15:49:27] 🔹 SYSTEM: Fleet heartbeat updated
[2026-07-10 15:50:28] 🔹 SYSTEM: Fleet heartbeat updated
[2026-07-10 15:51:29] 🔹 SYSTEM: Fleet heartbeat updated
[2026-07-10 15:52:20] 🔹 SYSTEM: Status check — Pending: 0, Running: 0
[2026-07-10 15:52:30] 🔹 SYSTEM: Fleet heartbeat updated
[2026-07-10 15:53:32] 🔹 SYSTEM: Fleet heartbeat updated
[2026-07-10 15:54:33] 🔹 SYSTEM: Fleet heartbeat updated
[2026-07-10 15:55:34] 🔹 SYSTEM: Fleet heartbeat updated
[2026-07-10 15:56:36] 🔹 SYSTEM: Fleet heartbeat updated
[2026-07-10 15:57:37] 🔹 SYSTEM: Fleet heartbeat updated
[2026-07-10 15:58:38] 🔹 SYSTEM: Fleet heartbeat updated
[2026-07-10 15:59:39] 🔹 SYSTEM: Fleet heartbeat updated
[2026-07-10 16:00:41] 🔹 SYSTEM: Fleet heartbeat updated
[2026-07-10 16:01:42] 🔹 SYSTEM: Fleet heartbeat updated
[2026-07-10 16:02:33] 🔹 SYSTEM: Status check — Pending: 0, Running: 0
[2026-07-10 16:02:43] 🔹 SYSTEM: Fleet heartbeat updated
[2026-07-10 16:03:44] 🔹 SYSTEM: Fleet heartbeat updated
[2026-07-10 16:04:46] 🔹 SYSTEM: Fleet heartbeat updated
[2026-07-10 16:05:47] 🔹 SYSTEM: Fleet heartbeat updated
[2026-07-10 16:06:48] 🔹 SYSTEM: Fleet heartbeat updated
[2026-07-10 16:07:49] 🔹 SYSTEM: Fleet heartbeat updated
[2026-07-10 16:08:51] 🔹 SYSTEM: Fleet heartbeat updated
[2026-07-10 16:09:52] 🔹 SYSTEM: Fleet heartbeat updated
[2026-07-10 16:10:53] 🔹 SYSTEM: Fleet heartbeat updated
[2026-07-10 16:11:55] 🔹 SYSTEM: Fleet heartbeat updated
[2026-07-10 16:12:46] 🔹 SYSTEM: Status check — Pending: 0, Running: 0
[2026-07-10 16:12:56] 🔹 SYSTEM: Fleet heartbeat updated
[2026-07-10 16:13:57] 🔹 SYSTEM: Fleet heartbeat updated
[2026-07-10 16:14:58] 🔹 SYSTEM: Fleet heartbeat updated
[2026-07-10 16:16:00] 🔹 SYSTEM: Fleet heartbeat updated
[2026-07-10 16:17:01] 🔹 SYSTEM: Fleet heartbeat updated
[2026-07-10 16:18:02] 🔹 SYSTEM: Fleet heartbeat updated
[2026-07-10 16:19:03] 🔹 SYSTEM: Fleet heartbeat updated
[2026-07-10 16:20:05] 🔹 SYSTEM: Fleet heartbeat updated
[2026-07-10 16:21:06] 🔹 SYSTEM: Fleet heartbeat updated
[2026-07-10 16:22:07] 🔹 SYSTEM: Fleet heartbeat updated
[2026-07-10 16:22:58] 🔹 SYSTEM: Status check — Pending: 0, Running: 0
[2026-07-10 16:23:08] 🔹 SYSTEM: Fleet heartbeat updated
[2026-07-10 16:24:09] 🔹 SYSTEM: Fleet heartbeat updated
[2026-07-10 16:25:10] 🔹 SYSTEM: Fleet heartbeat updated
[2026-07-10 16:26:12] 🔹 SYSTEM: Fleet heartbeat updated
[2026-07-10 16:27:13] 🔹 SYSTEM: Fleet heartbeat updated
[2026-07-10 16:28:14] 🔹 SYSTEM: Fleet heartbeat updated
[2026-07-10 16:29:15] 🔹 SYSTEM: Fleet heartbeat updated
[2026-07-10 16:30:17] 🔹 SYSTEM: Fleet heartbeat updated
[2026-07-10 16:31:18] 🔹 SYSTEM: Fleet heartbeat updated
[2026-07-10 16:32:19] 🔹 SYSTEM: Fleet heartbeat updated
[2026-07-10 16:33:10] 🔹 SYSTEM: Status check — Pending: 0, Running: 0
[2026-07-10 16:33:21] 🔹 SYSTEM: Fleet heartbeat updated
[2026-07-10 16:34:22] 🔹 SYSTEM: Fleet heartbeat updated
[2026-07-10 16:35:23] 🔹 SYSTEM: Fleet heartbeat updated
[2026-07-10 16:36:24] 🔹 SYSTEM: Fleet heartbeat updated
[2026-07-10 16:37:26] 🔹 SYSTEM: Fleet heartbeat updated
[2026-07-10 16:38:27] 🔹 SYSTEM: Fleet heartbeat updated
[2026-07-10 16:39:28] 🔹 SYSTEM: Fleet heartbeat updated
[2026-07-10 16:40:29] 🔹 SYSTEM: Fleet heartbeat updated
[2026-07-10 16:41:30] 🔹 SYSTEM: Fleet heartbeat updated
[2026-07-10 16:42:32] 🔹 SYSTEM: Fleet heartbeat updated
[2026-07-10 16:43:22] 🔹 SYSTEM: Status check — Pending: 0, Running: 0
[2026-07-10 16:43:33] 🔹 SYSTEM: Fleet heartbeat updated
[2026-07-10 16:44:37] 🔹 SYSTEM: Fleet heartbeat updated
[2026-07-10 16:45:43] 🔹 SYSTEM: Fleet heartbeat updated
[2026-07-10 16:46:44] 🔹 SYSTEM: Fleet heartbeat updated
[2026-07-10 16:47:46] 🔹 SYSTEM: Fleet heartbeat updated
[2026-07-10 16:48:47] 🔹 SYSTEM: Fleet heartbeat updated
[2026-07-10 16:49:48] 🔹 SYSTEM: Fleet heartbeat updated
[2026-07-10 16:50:50] 🔹 SYSTEM: Fleet heartbeat updated
[2026-07-10 16:51:51] 🔹 SYSTEM: Fleet heartbeat updated
[2026-07-10 16:52:52] 🔹 SYSTEM: Fleet heartbeat updated
[2026-07-10 16:53:43] 🔹 SYSTEM: Status check — Pending: 0, Running: 0
[2026-07-10 16:53:53] 🔹 SYSTEM: Fleet heartbeat updated
[2026-07-10 16:54:55] 🔹 SYSTEM: Fleet heartbeat updated
[2026-07-10 16:55:56] 🔹 SYSTEM: Fleet heartbeat updated
[2026-07-10 16:56:57] 🔹 SYSTEM: Fleet heartbeat updated
[2026-07-10 16:57:58] 🔹 SYSTEM: Fleet heartbeat updated
[2026-07-10 16:59:00] 🔹 SYSTEM: Fleet heartbeat updated
[2026-07-10 17:00:01] 🔹 SYSTEM: Fleet heartbeat updated
[2026-07-10 17:01:02] 🔹 SYSTEM: Fleet heartbeat updated
[2026-07-10 17:02:03] 🔹 SYSTEM: Fleet heartbeat updated
[2026-07-10 17:03:04] 🔹 SYSTEM: Fleet heartbeat updated
[2026-07-10 17:03:55] 🔹 SYSTEM: Status check — Pending: 0, Running: 0
[2026-07-10 17:04:05] 🔹 SYSTEM: Fleet heartbeat updated
[2026-07-10 17:05:07] 🔹 SYSTEM: Fleet heartbeat updated
[2026-07-10 17:06:08] 🔹 SYSTEM: Fleet heartbeat updated
[2026-07-10 17:07:09] 🔹 SYSTEM: Fleet heartbeat updated
[2026-07-10 17:08:10] 🔹 SYSTEM: Fleet heartbeat updated
[2026-07-10 17:09:12] 🔹 SYSTEM: Fleet heartbeat updated
[2026-07-10 17:10:13] 🔹 SYSTEM: Fleet heartbeat updated
[2026-07-10 17:11:14] 🔹 SYSTEM: Fleet heartbeat updated
[2026-07-10 17:12:16] 🔹 SYSTEM: Fleet heartbeat updated
[2026-07-10 17:13:17] 🔹 SYSTEM: Fleet heartbeat updated
[2026-07-10 17:14:08] 🔹 SYSTEM: Status check — Pending: 0, Running: 0
[2026-07-10 17:14:18] 🔹 SYSTEM: Fleet heartbeat updated
[2026-07-10 17:15:19] 🔹 SYSTEM: Fleet heartbeat updated
[2026-07-10 17:16:21] 🔹 SYSTEM: Fleet heartbeat updated
[2026-07-10 17:17:22] 🔹 SYSTEM: Fleet heartbeat updated
[2026-07-10 17:18:24] 🔹 SYSTEM: Fleet heartbeat updated
[2026-07-10 17:19:25] 🔹 SYSTEM: Fleet heartbeat updated
[2026-07-10 17:20:26] 🔹 SYSTEM: Fleet heartbeat updated
[2026-07-10 17:21:27] 🔹 SYSTEM: Fleet heartbeat updated
[2026-07-10 17:22:28] 🔹 SYSTEM: Fleet heartbeat updated
[2026-07-10 17:23:29] 🔹 SYSTEM: Fleet heartbeat updated
[2026-07-10 17:24:20] 🔹 SYSTEM: Status check — Pending: 0, Running: 0
[2026-07-10 17:24:31] 🔹 SYSTEM: Fleet heartbeat updated
[2026-07-10 17:25:32] 🔹 SYSTEM: Fleet heartbeat updated
[2026-07-10 17:26:33] 🔹 SYSTEM: Fleet heartbeat updated
[2026-07-10 17:27:35] 🔹 SYSTEM: Fleet heartbeat updated
[2026-07-10 17:28:36] 🔹 SYSTEM: Fleet heartbeat updated
[2026-07-10 17:29:37] 🔹 SYSTEM: Fleet heartbeat updated
[2026-07-10 17:30:38] 🔹 SYSTEM: Fleet heartbeat updated
[2026-07-10 17:31:40] 🔹 SYSTEM: Fleet heartbeat updated
[2026-07-10 17:32:41] 🔹 SYSTEM: Fleet heartbeat updated
[2026-07-10 17:33:42] 🔹 SYSTEM: Fleet heartbeat updated
[2026-07-10 17:34:33] 🔹 SYSTEM: Status check — Pending: 0, Running: 0
[2026-07-10 17:34:43] 🔹 SYSTEM: Fleet heartbeat updated
[2026-07-10 17:35:45] 🔹 SYSTEM: Fleet heartbeat updated
[2026-07-10 17:36:46] 🔹 SYSTEM: Fleet heartbeat updated
[2026-07-10 17:37:47] 🔹 SYSTEM: Fleet heartbeat updated
[2026-07-10 17:38:48] 🔹 SYSTEM: Fleet heartbeat updated
[2026-07-10 17:39:50] 🔹 SYSTEM: Fleet heartbeat updated
[2026-07-10 17:40:51] 🔹 SYSTEM: Fleet heartbeat updated
[2026-07-10 17:41:52] 🔹 SYSTEM: Fleet heartbeat updated
[2026-07-10 17:42:54] 🔹 SYSTEM: Fleet heartbeat updated
[2026-07-10 17:43:55] 🔹 SYSTEM: Fleet heartbeat updated
[2026-07-10 17:44:48] 🔹 SYSTEM: Status check — Pending: 0, Running: 0
[2026-07-10 17:45:00] 🔹 SYSTEM: Fleet heartbeat updated
[2026-07-10 17:46:05] 🔹 SYSTEM: Fleet heartbeat updated
[2026-07-10 17:47:06] 🔹 SYSTEM: Fleet heartbeat updated
[2026-07-10 17:48:07] 🔹 SYSTEM: Fleet heartbeat updated
[2026-07-10 17:49:08] 🔹 SYSTEM: Fleet heartbeat updated
[2026-07-10 17:50:10] 🔹 SYSTEM: Fleet heartbeat updated
[2026-07-10 17:51:11] 🔹 SYSTEM: Fleet heartbeat updated
[2026-07-10 17:52:12] 🔹 SYSTEM: Fleet heartbeat updated
[2026-07-10 17:53:13] 🔹 SYSTEM: Fleet heartbeat updated
[2026-07-10 17:54:15] 🔹 SYSTEM: Fleet heartbeat updated
[2026-07-10 17:55:06] 🔹 SYSTEM: Status check — Pending: 0, Running: 0
[2026-07-10 17:55:16] 🔹 SYSTEM: Fleet heartbeat updated
[2026-07-10 17:56:17] 🔹 SYSTEM: Fleet heartbeat updated
[2026-07-10 17:57:19] 🔹 SYSTEM: Fleet heartbeat updated
[2026-07-10 17:58:20] 🔹 SYSTEM: Fleet heartbeat updated
[2026-07-10 17:59:21] 🔹 SYSTEM: Fleet heartbeat updated
[2026-07-10 18:00:22] 🔹 SYSTEM: Fleet heartbeat updated
[2026-07-10 18:01:23] 🔹 SYSTEM: Fleet heartbeat updated
[2026-07-10 18:02:25] 🔹 SYSTEM: Fleet heartbeat updated
[2026-07-10 18:03:26] 🔹 SYSTEM: Fleet heartbeat updated
[2026-07-10 18:04:27] 🔹 SYSTEM: Fleet heartbeat updated
[2026-07-10 18:05:18] 🔹 SYSTEM: Status check — Pending: 0, Running: 0
[2026-07-10 18:05:29] 🔹 SYSTEM: Fleet heartbeat updated
[2026-07-10 18:06:30] 🔹 SYSTEM: Fleet heartbeat updated
[2026-07-10 18:07:31] 🔹 SYSTEM: Fleet heartbeat updated
[2026-07-10 18:08:32] 🔹 SYSTEM: Fleet heartbeat updated
[2026-07-10 18:09:34] 🔹 SYSTEM: Fleet heartbeat updated
[2026-07-10 18:10:35] 🔹 SYSTEM: Fleet heartbeat updated
[2026-07-10 18:11:36] 🔹 SYSTEM: Fleet heartbeat updated
[2026-07-10 18:12:38] 🔹 SYSTEM: Fleet heartbeat updated
[2026-07-10 18:13:39] 🔹 SYSTEM: Fleet heartbeat updated
[2026-07-10 18:14:40] 🔹 SYSTEM: Fleet heartbeat updated
[2026-07-10 18:15:31] 🔹 SYSTEM: Status check — Pending: 0, Running: 0
[2026-07-10 18:15:42] 🔹 SYSTEM: Fleet heartbeat updated
[2026-07-10 18:16:43] 🔹 SYSTEM: Fleet heartbeat updated
[2026-07-10 18:17:44] 🔹 SYSTEM: Fleet heartbeat updated
[2026-07-10 18:18:45] 🔹 SYSTEM: Fleet heartbeat updated
[2026-07-10 18:19:47] 🔹 SYSTEM: Fleet heartbeat updated
[2026-07-10 18:20:48] 🔹 SYSTEM: Fleet heartbeat updated
[2026-07-10 18:21:49] 🔹 SYSTEM: Fleet heartbeat updated
[2026-07-10 18:22:50] 🔹 SYSTEM: Fleet heartbeat updated
[2026-07-10 18:23:52] 🔹 SYSTEM: Fleet heartbeat updated
[2026-07-10 18:24:53] 🔹 SYSTEM: Fleet heartbeat updated
[2026-07-10 18:25:44] 🔹 SYSTEM: Status check — Pending: 0, Running: 0
[2026-07-10 18:25:54] 🔹 SYSTEM: Fleet heartbeat updated
[2026-07-10 18:26:55] 🔹 SYSTEM: Fleet heartbeat updated
[2026-07-10 18:27:57] 🔹 SYSTEM: Fleet heartbeat updated
[2026-07-10 18:28:58] 🔹 SYSTEM: Fleet heartbeat updated
[2026-07-10 18:29:59] 🔹 SYSTEM: Fleet heartbeat updated
[2026-07-10 18:31:00] 🔹 SYSTEM: Fleet heartbeat updated
[2026-07-10 18:32:02] 🔹 SYSTEM: Fleet heartbeat updated
[2026-07-10 18:33:03] 🔹 SYSTEM: Fleet heartbeat updated
[2026-07-10 18:34:04] 🔹 SYSTEM: Fleet heartbeat updated
[2026-07-10 18:35:05] 🔹 SYSTEM: Fleet heartbeat updated
[2026-07-10 18:35:56] 🔹 SYSTEM: Status check — Pending: 0, Running: 0
[2026-07-10 18:36:07] 🔹 SYSTEM: Fleet heartbeat updated
[2026-07-10 18:37:08] 🔹 SYSTEM: Fleet heartbeat updated
[2026-07-10 18:38:09] 🔹 SYSTEM: Fleet heartbeat updated
[2026-07-10 18:39:10] 🔹 SYSTEM: Fleet heartbeat updated
[2026-07-10 18:40:12] 🔹 SYSTEM: Fleet heartbeat updated
[2026-07-10 18:41:13] 🔹 SYSTEM: Fleet heartbeat updated
[2026-07-10 18:42:14] 🔹 SYSTEM: Fleet heartbeat updated
[2026-07-10 18:43:15] 🔹 SYSTEM: Fleet heartbeat updated
[2026-07-10 18:44:17] 🔹 SYSTEM: Fleet heartbeat updated
[2026-07-10 18:45:25] 🔹 SYSTEM: Fleet heartbeat updated
[2026-07-10 18:46:16] 🔹 SYSTEM: Status check — Pending: 0, Running: 0
[2026-07-10 18:46:26] 🔹 SYSTEM: Fleet heartbeat updated
[2026-07-10 18:47:28] 🔹 SYSTEM: Fleet heartbeat updated
[2026-07-10 18:48:29] 🔹 SYSTEM: Fleet heartbeat updated
[2026-07-10 18:49:30] 🔹 SYSTEM: Fleet heartbeat updated
[2026-07-10 18:50:31] 🔹 SYSTEM: Fleet heartbeat updated
[2026-07-10 18:51:32] 🔹 SYSTEM: Fleet heartbeat updated
[2026-07-10 18:52:33] 🔹 SYSTEM: Fleet heartbeat updated
[2026-07-10 18:53:35] 🔹 SYSTEM: Fleet heartbeat updated
[2026-07-10 18:54:36] 🔹 SYSTEM: Fleet heartbeat updated
[2026-07-10 18:55:37] 🔹 SYSTEM: Fleet heartbeat updated
[2026-07-10 18:56:28] 🔹 SYSTEM: Status check — Pending: 0, Running: 0
[2026-07-10 18:56:38] 🔹 SYSTEM: Fleet heartbeat updated
[2026-07-10 18:57:40] 🔹 SYSTEM: Fleet heartbeat updated
[2026-07-10 18:58:41] 🔹 SYSTEM: Fleet heartbeat updated
[2026-07-10 18:59:42] 🔹 SYSTEM: Fleet heartbeat updated
[2026-07-10 19:00:43] 🔹 SYSTEM: Fleet heartbeat updated
[2026-07-10 19:01:45] 🔹 SYSTEM: Fleet heartbeat updated
[2026-07-10 19:02:46] 🔹 SYSTEM: Fleet heartbeat updated
[2026-07-10 19:03:47] 🔹 SYSTEM: Fleet heartbeat updated
[2026-07-10 19:04:48] 🔹 SYSTEM: Fleet heartbeat updated
[2026-07-10 19:05:49] 🔹 SYSTEM: Fleet heartbeat updated
[2026-07-10 19:06:40] 🔹 SYSTEM: Status check — Pending: 0, Running: 0
[2026-07-10 19:06:51] 🔹 SYSTEM: Fleet heartbeat updated
[2026-07-10 19:07:52] 🔹 SYSTEM: Fleet heartbeat updated
[2026-07-10 19:08:53] 🔹 SYSTEM: Fleet heartbeat updated
[2026-07-10 19:09:55] 🔹 SYSTEM: Fleet heartbeat updated
[2026-07-10 19:10:56] 🔹 SYSTEM: Fleet heartbeat updated
[2026-07-10 19:11:57] 🔹 SYSTEM: Fleet heartbeat updated
[2026-07-10 19:12:58] 🔹 SYSTEM: Fleet heartbeat updated
[2026-07-10 19:13:59] 🔹 SYSTEM: Fleet heartbeat updated
[2026-07-10 19:15:01] 🔹 SYSTEM: Fleet heartbeat updated
[2026-07-10 19:16:02] 🔹 SYSTEM: Fleet heartbeat updated
[2026-07-10 19:16:53] 🔹 SYSTEM: Status check — Pending: 0, Running: 0
[2026-07-10 19:17:03] 🔹 SYSTEM: Fleet heartbeat updated
[2026-07-10 19:18:04] 🔹 SYSTEM: Fleet heartbeat updated
[2026-07-10 19:19:06] 🔹 SYSTEM: Fleet heartbeat updated
[2026-07-10 19:20:07] 🔹 SYSTEM: Fleet heartbeat updated
[2026-07-10 19:21:08] 🔹 SYSTEM: Fleet heartbeat updated
[2026-07-10 19:22:09] 🔹 SYSTEM: Fleet heartbeat updated
[2026-07-10 19:23:10] 🔹 SYSTEM: Fleet heartbeat updated
[2026-07-10 19:24:12] 🔹 SYSTEM: Fleet heartbeat updated
[2026-07-10 19:25:13] 🔹 SYSTEM: Fleet heartbeat updated
[2026-07-10 19:26:14] 🔹 SYSTEM: Fleet heartbeat updated
[2026-07-10 19:27:05] 🔹 SYSTEM: Status check — Pending: 0, Running: 0
[2026-07-10 19:27:15] 🔹 SYSTEM: Fleet heartbeat updated
[2026-07-10 19:28:17] 🔹 SYSTEM: Fleet heartbeat updated
[2026-07-10 19:29:18] 🔹 SYSTEM: Fleet heartbeat updated
[2026-07-10 19:30:19] 🔹 SYSTEM: Fleet heartbeat updated
[2026-07-10 19:31:20] 🔹 SYSTEM: Fleet heartbeat updated
[2026-07-10 19:32:21] 🔹 SYSTEM: Fleet heartbeat updated
[2026-07-10 19:33:23] 🔹 SYSTEM: Fleet heartbeat updated
[2026-07-10 19:34:24] 🔹 SYSTEM: Fleet heartbeat updated
[2026-07-10 19:35:25] 🔹 SYSTEM: Fleet heartbeat updated
[2026-07-10 19:36:26] 🔹 SYSTEM: Fleet heartbeat updated
[2026-07-10 19:37:17] 🔹 SYSTEM: Status check — Pending: 0, Running: 0
[2026-07-10 19:37:28] 🔹 SYSTEM: Fleet heartbeat updated
[2026-07-10 19:38:29] 🔹 SYSTEM: Fleet heartbeat updated
[2026-07-10 19:39:30] 🔹 SYSTEM: Fleet heartbeat updated
[2026-07-10 19:40:31] 🔹 SYSTEM: Fleet heartbeat updated
[2026-07-10 19:41:33] 🔹 SYSTEM: Fleet heartbeat updated
[2026-07-10 19:42:34] 🔹 SYSTEM: Fleet heartbeat updated
[2026-07-10 19:43:35] 🔹 SYSTEM: Fleet heartbeat updated
[2026-07-10 19:44:36] 🔹 SYSTEM: Fleet heartbeat updated
[2026-07-10 19:45:45] 🔹 SYSTEM: Fleet heartbeat updated
[2026-07-10 19:46:46] 🔹 SYSTEM: Fleet heartbeat updated
[2026-07-10 19:47:37] 🔹 SYSTEM: Status check — Pending: 0, Running: 0
[2026-07-10 19:47:47] 🔹 SYSTEM: Fleet heartbeat updated
[2026-07-10 19:48:48] 🔹 SYSTEM: Fleet heartbeat updated
[2026-07-10 19:49:50] 🔹 SYSTEM: Fleet heartbeat updated
[2026-07-10 19:50:51] 🔹 SYSTEM: Fleet heartbeat updated
[2026-07-10 19:51:52] 🔹 SYSTEM: Fleet heartbeat updated
[2026-07-10 19:52:54] 🔹 SYSTEM: Fleet heartbeat updated
[2026-07-10 19:53:55] 🔹 SYSTEM: Fleet heartbeat updated
[2026-07-10 19:54:56] 🔹 SYSTEM: Fleet heartbeat updated
[2026-07-10 19:55:57] 🔹 SYSTEM: Fleet heartbeat updated
[2026-07-10 19:56:58] 🔹 SYSTEM: Fleet heartbeat updated
[2026-07-10 19:57:49] 🔹 SYSTEM: Status check — Pending: 0, Running: 0
[2026-07-10 19:58:00] 🔹 SYSTEM: Fleet heartbeat updated
[2026-07-10 19:59:01] 🔹 SYSTEM: Fleet heartbeat updated
[2026-07-10 20:00:02] 🔹 SYSTEM: Fleet heartbeat updated
[2026-07-10 20:01:03] 🔹 SYSTEM: Fleet heartbeat updated
[2026-07-10 20:02:05] 🔹 SYSTEM: Fleet heartbeat updated
[2026-07-10 20:03:06] 🔹 SYSTEM: Fleet heartbeat updated
[2026-07-10 20:04:07] 🔹 SYSTEM: Fleet heartbeat updated
[2026-07-10 20:05:08] 🔹 SYSTEM: Fleet heartbeat updated
[2026-07-10 20:06:09] 🔹 SYSTEM: Fleet heartbeat updated
[2026-07-10 20:07:11] 🔹 SYSTEM: Fleet heartbeat updated
[2026-07-10 20:08:02] 🔹 SYSTEM: Status check — Pending: 0, Running: 0
[2026-07-10 20:08:12] 🔹 SYSTEM: Fleet heartbeat updated
[2026-07-10 20:09:13] 🔹 SYSTEM: Fleet heartbeat updated
[2026-07-10 20:10:14] 🔹 SYSTEM: Fleet heartbeat updated
[2026-07-10 20:11:16] 🔹 SYSTEM: Fleet heartbeat updated
[2026-07-10 20:12:17] 🔹 SYSTEM: Fleet heartbeat updated
[2026-07-10 20:13:18] 🔹 SYSTEM: Fleet heartbeat updated
[2026-07-10 20:14:19] 🔹 SYSTEM: Fleet heartbeat updated
[2026-07-10 20:15:20] 🔹 SYSTEM: Fleet heartbeat updated
[2026-07-10 20:16:21] 🔹 SYSTEM: Fleet heartbeat updated
[2026-07-10 20:17:23] 🔹 SYSTEM: Fleet heartbeat updated
[2026-07-10 20:18:14] 🔹 SYSTEM: Status check — Pending: 0, Running: 0
[2026-07-10 20:18:24] 🔹 SYSTEM: Fleet heartbeat updated
[2026-07-10 20:19:25] 🔹 SYSTEM: Fleet heartbeat updated
[2026-07-10 20:20:26] 🔹 SYSTEM: Fleet heartbeat updated
[2026-07-10 20:21:27] 🔹 SYSTEM: Fleet heartbeat updated
[2026-07-10 20:22:29] 🔹 SYSTEM: Fleet heartbeat updated
[2026-07-10 20:23:30] 🔹 SYSTEM: Fleet heartbeat updated
[2026-07-10 20:24:31] 🔹 SYSTEM: Fleet heartbeat updated
[2026-07-10 20:25:32] 🔹 SYSTEM: Fleet heartbeat updated
[2026-07-10 20:26:34] 🔹 SYSTEM: Fleet heartbeat updated
[2026-07-10 20:27:35] 🔹 SYSTEM: Fleet heartbeat updated
[2026-07-10 20:28:26] 🔹 SYSTEM: Status check — Pending: 0, Running: 0
[2026-07-10 20:28:36] 🔹 SYSTEM: Fleet heartbeat updated
[2026-07-10 20:29:37] 🔹 SYSTEM: Fleet heartbeat updated
[2026-07-10 20:30:39] 🔹 SYSTEM: Fleet heartbeat updated
[2026-07-10 20:31:40] 🔹 SYSTEM: Fleet heartbeat updated
[2026-07-10 20:32:41] 🔹 SYSTEM: Fleet heartbeat updated
[2026-07-10 20:33:42] 🔹 SYSTEM: Fleet heartbeat updated
[2026-07-10 20:34:43] 🔹 SYSTEM: Fleet heartbeat updated
[2026-07-10 20:35:45] 🔹 SYSTEM: Fleet heartbeat updated
[2026-07-10 20:36:46] 🔹 SYSTEM: Fleet heartbeat updated
[2026-07-10 20:37:47] 🔹 SYSTEM: Fleet heartbeat updated
[2026-07-10 20:38:38] 🔹 SYSTEM: Status check — Pending: 0, Running: 0
[2026-07-10 20:38:48] 🔹 SYSTEM: Fleet heartbeat updated
[2026-07-10 20:39:49] 🔹 SYSTEM: Fleet heartbeat updated
[2026-07-10 20:40:51] 🔹 SYSTEM: Fleet heartbeat updated
[2026-07-10 20:41:52] 🔹 SYSTEM: Fleet heartbeat updated
[2026-07-10 20:42:53] 🔹 SYSTEM: Fleet heartbeat updated
[2026-07-10 20:43:54] 🔹 SYSTEM: Fleet heartbeat updated
[2026-07-10 20:44:58] 🔹 SYSTEM: Fleet heartbeat updated
[2026-07-10 20:46:07] 🔹 SYSTEM: Fleet heartbeat updated
[2026-07-10 20:47:10] 🔹 SYSTEM: Fleet heartbeat updated
[2026-07-10 20:48:11] 🔹 SYSTEM: Fleet heartbeat updated
[2026-07-10 20:49:02] 🔹 SYSTEM: Status check — Pending: 0, Running: 0
[2026-07-10 20:49:13] 🔹 SYSTEM: Fleet heartbeat updated
[2026-07-10 20:50:14] 🔹 SYSTEM: Fleet heartbeat updated
[2026-07-10 20:51:15] 🔹 SYSTEM: Fleet heartbeat updated
[2026-07-10 20:52:16] 🔹 SYSTEM: Fleet heartbeat updated
[2026-07-10 20:53:17] 🔹 SYSTEM: Fleet heartbeat updated
[2026-07-10 20:54:19] 🔹 SYSTEM: Fleet heartbeat updated
[2026-07-10 20:55:20] 🔹 SYSTEM: Fleet heartbeat updated
[2026-07-10 20:56:21] 🔹 SYSTEM: Fleet heartbeat updated
[2026-07-10 20:57:22] 🔹 SYSTEM: Fleet heartbeat updated
[2026-07-10 20:58:24] 🔹 SYSTEM: Fleet heartbeat updated
[2026-07-10 20:59:15] 🔹 SYSTEM: Status check — Pending: 0, Running: 0
[2026-07-10 20:59:25] 🔹 SYSTEM: Fleet heartbeat updated
[2026-07-10 21:00:26] 🔹 SYSTEM: Fleet heartbeat updated
[2026-07-10 21:01:27] 🔹 SYSTEM: Fleet heartbeat updated
[2026-07-10 21:02:28] 🔹 SYSTEM: Fleet heartbeat updated
[2026-07-10 21:03:30] 🔹 SYSTEM: Fleet heartbeat updated
[2026-07-10 21:04:31] 🔹 SYSTEM: Fleet heartbeat updated
[2026-07-10 21:05:32] 🔹 SYSTEM: Fleet heartbeat updated
[2026-07-10 21:06:33] 🔹 SYSTEM: Fleet heartbeat updated
[2026-07-10 21:07:34] 🔹 SYSTEM: Fleet heartbeat updated
[2026-07-10 21:08:36] 🔹 SYSTEM: Fleet heartbeat updated
[2026-07-10 21:09:27] 🔹 SYSTEM: Status check — Pending: 0, Running: 0
[2026-07-10 21:09:37] 🔹 SYSTEM: Fleet heartbeat updated
[2026-07-10 21:10:38] 🔹 SYSTEM: Fleet heartbeat updated
[2026-07-10 21:11:39] 🔹 SYSTEM: Fleet heartbeat updated
[2026-07-10 21:12:41] 🔹 SYSTEM: Fleet heartbeat updated
[2026-07-10 21:13:42] 🔹 SYSTEM: Fleet heartbeat updated
[2026-07-10 21:14:43] 🔹 SYSTEM: Fleet heartbeat updated
[2026-07-10 21:15:45] 🔹 SYSTEM: Fleet heartbeat updated
[2026-07-10 21:16:46] 🔹 SYSTEM: Fleet heartbeat updated
[2026-07-10 21:17:47] 🔹 SYSTEM: Fleet heartbeat updated
[2026-07-10 21:18:48] 🔹 SYSTEM: Fleet heartbeat updated
[2026-07-10 21:19:40] 🔹 SYSTEM: Status check — Pending: 0, Running: 0
[2026-07-10 21:19:50] 🔹 SYSTEM: Fleet heartbeat updated
[2026-07-10 21:20:51] 🔹 SYSTEM: Fleet heartbeat updated
[2026-07-10 21:21:52] 🔹 SYSTEM: Fleet heartbeat updated
[2026-07-10 21:22:54] 🔹 SYSTEM: Fleet heartbeat updated
[2026-07-10 21:23:55] 🔹 SYSTEM: Fleet heartbeat updated
[2026-07-10 21:24:56] 🔹 SYSTEM: Fleet heartbeat updated
[2026-07-10 21:25:57] 🔹 SYSTEM: Fleet heartbeat updated
[2026-07-10 21:26:58] 🔹 SYSTEM: Fleet heartbeat updated
[2026-07-10 21:28:00] 🔹 SYSTEM: Fleet heartbeat updated
[2026-07-10 21:29:01] 🔹 SYSTEM: Fleet heartbeat updated
[2026-07-10 21:29:52] 🔹 SYSTEM: Status check — Pending: 0, Running: 0
[2026-07-10 21:30:02] 🔹 SYSTEM: Fleet heartbeat updated
[2026-07-10 21:31:04] 🔹 SYSTEM: Fleet heartbeat updated
[2026-07-10 21:32:05] 🔹 SYSTEM: Fleet heartbeat updated
[2026-07-10 21:33:06] 🔹 SYSTEM: Fleet heartbeat updated
[2026-07-10 21:34:07] 🔹 SYSTEM: Fleet heartbeat updated
[2026-07-10 21:35:09] 🔹 SYSTEM: Fleet heartbeat updated
[2026-07-10 21:36:10] 🔹 SYSTEM: Fleet heartbeat updated
[2026-07-10 21:37:11] 🔹 SYSTEM: Fleet heartbeat updated
[2026-07-10 21:38:13] 🔹 SYSTEM: Fleet heartbeat updated
[2026-07-10 21:39:14] 🔹 SYSTEM: Fleet heartbeat updated
[2026-07-10 21:40:05] 🔹 SYSTEM: Status check — Pending: 0, Running: 0
[2026-07-10 21:40:15] 🔹 SYSTEM: Fleet heartbeat updated
[2026-07-10 21:41:16] 🔹 SYSTEM: Fleet heartbeat updated
[2026-07-10 21:42:17] 🔹 SYSTEM: Fleet heartbeat updated
[2026-07-10 21:43:18] 🔹 SYSTEM: Fleet heartbeat updated
[2026-07-10 21:44:18] 🔹 SYSTEM: Fleet heartbeat updated
[2026-07-10 21:45:26] 🔹 SYSTEM: Fleet heartbeat updated
[2026-07-10 21:46:35] 🔹 SYSTEM: Fleet heartbeat updated
[2026-07-10 21:47:36] 🔹 SYSTEM: Fleet heartbeat updated
[2026-07-10 21:48:37] 🔹 SYSTEM: Fleet heartbeat updated
[2026-07-10 21:49:38] 🔹 SYSTEM: Fleet heartbeat updated
[2026-07-10 21:50:29] 🔹 SYSTEM: Status check — Pending: 0, Running: 0
[2026-07-10 21:50:40] 🔹 SYSTEM: Fleet heartbeat updated
[2026-07-10 21:51:41] 🔹 SYSTEM: Fleet heartbeat updated
[2026-07-10 21:52:42] 🔹 SYSTEM: Fleet heartbeat updated
[2026-07-10 21:53:44] 🔹 SYSTEM: Fleet heartbeat updated
[2026-07-10 21:54:45] 🔹 SYSTEM: Fleet heartbeat updated
[2026-07-10 21:55:46] 🔹 SYSTEM: Fleet heartbeat updated
[2026-07-10 21:56:47] 🔹 SYSTEM: Fleet heartbeat updated
[2026-07-10 21:57:48] 🔹 SYSTEM: Fleet heartbeat updated
[2026-07-10 21:58:49] 🔹 SYSTEM: Fleet heartbeat updated
[2026-07-10 21:59:50] 🔹 SYSTEM: Fleet heartbeat updated
[2026-07-10 22:00:41] 🔹 SYSTEM: Status check — Pending: 0, Running: 0
[2026-07-10 22:00:51] 🔹 SYSTEM: Fleet heartbeat updated
[2026-07-10 22:01:52] 🔹 SYSTEM: Fleet heartbeat updated
[2026-07-10 22:02:54] 🔹 SYSTEM: Fleet heartbeat updated
[2026-07-10 22:03:56] 🔹 SYSTEM: Fleet heartbeat updated
[2026-07-10 22:04:57] 🔹 SYSTEM: Fleet heartbeat updated
[2026-07-10 22:05:58] 🔹 SYSTEM: Fleet heartbeat updated
[2026-07-10 22:07:00] 🔹 SYSTEM: Fleet heartbeat updated
[2026-07-10 22:08:01] 🔹 SYSTEM: Fleet heartbeat updated
[2026-07-10 22:09:02] 🔹 SYSTEM: Fleet heartbeat updated
[2026-07-10 22:10:04] 🔹 SYSTEM: Fleet heartbeat updated
[2026-07-10 22:10:55] 🔹 SYSTEM: Status check — Pending: 0, Running: 0
[2026-07-10 22:11:05] 🔹 SYSTEM: Fleet heartbeat updated
[2026-07-10 22:12:06] 🔹 SYSTEM: Fleet heartbeat updated
[2026-07-10 22:13:08] 🔹 SYSTEM: Fleet heartbeat updated
[2026-07-10 22:14:09] 🔹 SYSTEM: Fleet heartbeat updated
[2026-07-10 22:15:10] 🔹 SYSTEM: Fleet heartbeat updated
[2026-07-10 22:16:11] 🔹 SYSTEM: Fleet heartbeat updated
[2026-07-10 22:17:13] 🔹 SYSTEM: Fleet heartbeat updated
[2026-07-10 22:18:14] 🔹 SYSTEM: Fleet heartbeat updated
[2026-07-10 22:19:16] 🔹 SYSTEM: Fleet heartbeat updated
[2026-07-10 22:20:17] 🔹 SYSTEM: Fleet heartbeat updated
[2026-07-10 22:21:08] 🔹 SYSTEM: Status check — Pending: 0, Running: 0
[2026-07-10 22:21:18] 🔹 SYSTEM: Fleet heartbeat updated
[2026-07-10 22:22:20] 🔹 SYSTEM: Fleet heartbeat updated
[2026-07-10 22:23:21] 🔹 SYSTEM: Fleet heartbeat updated
[2026-07-10 22:24:22] 🔹 SYSTEM: Fleet heartbeat updated
[2026-07-10 22:25:23] 🔹 SYSTEM: Fleet heartbeat updated
[2026-07-10 22:26:25] 🔹 SYSTEM: Fleet heartbeat updated
[2026-07-10 22:27:26] 🔹 SYSTEM: Fleet heartbeat updated
[2026-07-10 22:28:27] 🔹 SYSTEM: Fleet heartbeat updated
[2026-07-10 22:29:28] 🔹 SYSTEM: Fleet heartbeat updated
[2026-07-10 22:30:30] 🔹 SYSTEM: Fleet heartbeat updated
[2026-07-10 22:31:21] 🔹 SYSTEM: Status check — Pending: 0, Running: 0
[2026-07-10 22:31:31] 🔹 SYSTEM: Fleet heartbeat updated
[2026-07-10 22:32:32] 🔹 SYSTEM: Fleet heartbeat updated
[2026-07-10 22:33:34] 🔹 SYSTEM: Fleet heartbeat updated
[2026-07-10 22:34:35] 🔹 SYSTEM: Fleet heartbeat updated
[2026-07-10 22:35:36] 🔹 SYSTEM: Fleet heartbeat updated
[2026-07-10 22:36:37] 🔹 SYSTEM: Fleet heartbeat updated
[2026-07-10 22:37:39] 🔹 SYSTEM: Fleet heartbeat updated
[2026-07-10 22:38:40] 🔹 SYSTEM: Fleet heartbeat updated
[2026-07-10 22:39:41] 🔹 SYSTEM: Fleet heartbeat updated
[2026-07-10 22:40:43] 🔹 SYSTEM: Fleet heartbeat updated
[2026-07-10 22:41:34] 🔹 SYSTEM: Status check — Pending: 0, Running: 0
[2026-07-10 22:41:44] 🔹 SYSTEM: Fleet heartbeat updated
[2026-07-10 22:42:45] 🔹 SYSTEM: Fleet heartbeat updated
[2026-07-10 22:43:47] 🔹 SYSTEM: Fleet heartbeat updated
[2026-07-10 22:44:48] 🔹 SYSTEM: Fleet heartbeat updated
[2026-07-10 22:45:50] 🔹 SYSTEM: Fleet heartbeat updated
[2026-07-10 22:46:52] 🔹 SYSTEM: Fleet heartbeat updated
[2026-07-10 22:47:53] 🔹 SYSTEM: Fleet heartbeat updated
[2026-07-10 22:48:55] 🔹 SYSTEM: Fleet heartbeat updated
[2026-07-10 22:49:56] 🔹 SYSTEM: Fleet heartbeat updated
[2026-07-10 22:50:57] 🔹 SYSTEM: Fleet heartbeat updated
[2026-07-10 22:51:59] 🔹 SYSTEM: Fleet heartbeat updated
[2026-07-10 22:51:59] 🔹 SYSTEM: Status check — Pending: 0, Running: 0
[2026-07-10 22:53:00] 🔹 SYSTEM: Fleet heartbeat updated
[2026-07-10 22:54:02] 🔹 SYSTEM: Fleet heartbeat updated
[2026-07-10 22:55:03] 🔹 SYSTEM: Fleet heartbeat updated
[2026-07-10 22:56:05] 🔹 SYSTEM: Fleet heartbeat updated
[2026-07-10 22:57:06] 🔹 SYSTEM: Fleet heartbeat updated
[2026-07-10 22:58:07] 🔹 SYSTEM: Fleet heartbeat updated
[2026-07-10 22:59:08] 🔹 SYSTEM: Fleet heartbeat updated
[2026-07-10 23:00:09] 🔹 SYSTEM: Fleet heartbeat updated
[2026-07-10 23:01:11] 🔹 SYSTEM: Fleet heartbeat updated
[2026-07-10 23:02:12] 🔹 SYSTEM: Fleet heartbeat updated
[2026-07-10 23:02:12] 🔹 SYSTEM: Status check — Pending: 0, Running: 0
[2026-07-10 23:03:13] 🔹 SYSTEM: Fleet heartbeat updated
[2026-07-10 23:04:15] 🔹 SYSTEM: Fleet heartbeat updated
[2026-07-10 23:05:16] 🔹 SYSTEM: Fleet heartbeat updated
[2026-07-10 23:06:17] 🔹 SYSTEM: Fleet heartbeat updated
[2026-07-10 23:07:19] 🔹 SYSTEM: Fleet heartbeat updated
[2026-07-10 23:08:20] 🔹 SYSTEM: Fleet heartbeat updated
[2026-07-10 23:09:21] 🔹 SYSTEM: Fleet heartbeat updated
[2026-07-10 23:10:22] 🔹 SYSTEM: Fleet heartbeat updated
[2026-07-10 23:11:23] 🔹 SYSTEM: Fleet heartbeat updated
[2026-07-10 23:12:24] 🔹 SYSTEM: Fleet heartbeat updated
[2026-07-10 23:12:24] 🔹 SYSTEM: Status check — Pending: 0, Running: 0
[2026-07-10 23:13:25] 🔹 SYSTEM: Fleet heartbeat updated
[2026-07-10 23:14:26] 🔹 SYSTEM: Fleet heartbeat updated
[2026-07-10 23:15:27] 🔹 SYSTEM: Fleet heartbeat updated
[2026-07-10 23:16:28] 🔹 SYSTEM: Fleet heartbeat updated
[2026-07-10 23:17:29] 🔹 SYSTEM: Fleet heartbeat updated
[2026-07-10 23:18:30] 🔹 SYSTEM: Fleet heartbeat updated
[2026-07-10 23:19:31] 🔹 SYSTEM: Fleet heartbeat updated
[2026-07-10 23:20:32] 🔹 SYSTEM: Fleet heartbeat updated
[2026-07-10 23:21:34] 🔹 SYSTEM: Fleet heartbeat updated
[2026-07-10 23:22:35] 🔹 SYSTEM: Fleet heartbeat updated
[2026-07-10 23:22:35] 🔹 SYSTEM: Status check — Pending: 0, Running: 0
[2026-07-10 23:23:36] 🔹 SYSTEM: Fleet heartbeat updated
[2026-07-10 23:24:37] 🔹 SYSTEM: Fleet heartbeat updated
[2026-07-10 23:25:38] 🔹 SYSTEM: Fleet heartbeat updated
[2026-07-10 23:26:40] 🔹 SYSTEM: Fleet heartbeat updated
[2026-07-10 23:27:41] 🔹 SYSTEM: Fleet heartbeat updated
[2026-07-10 23:28:42] 🔹 SYSTEM: Fleet heartbeat updated
[2026-07-10 23:29:43] 🔹 SYSTEM: Fleet heartbeat updated
[2026-07-10 23:30:44] 🔹 SYSTEM: Fleet heartbeat updated
[2026-07-10 23:31:45] 🔹 SYSTEM: Fleet heartbeat updated
[2026-07-10 23:32:46] 🔹 SYSTEM: Fleet heartbeat updated
[2026-07-10 23:32:46] 🔹 SYSTEM: Status check — Pending: 0, Running: 0
[2026-07-10 23:33:46] 🔹 SYSTEM: Fleet heartbeat updated
[2026-07-10 23:34:47] 🔹 SYSTEM: Fleet heartbeat updated
[2026-07-10 23:35:48] 🔹 SYSTEM: Fleet heartbeat updated
[2026-07-10 23:36:49] 🔹 SYSTEM: Fleet heartbeat updated
[2026-07-10 23:37:50] 🔹 SYSTEM: Fleet heartbeat updated
[2026-07-10 23:38:51] 🔹 SYSTEM: Fleet heartbeat updated
[2026-07-10 23:39:53] 🔹 SYSTEM: Fleet heartbeat updated
[2026-07-10 23:40:54] 🔹 SYSTEM: Fleet heartbeat updated
[2026-07-10 23:41:55] 🔹 SYSTEM: Fleet heartbeat updated
[2026-07-10 23:42:56] 🔹 SYSTEM: Fleet heartbeat updated
[2026-07-10 23:42:56] 🔹 SYSTEM: Status check — Pending: 0, Running: 0
[2026-07-10 23:43:57] 🔹 SYSTEM: Fleet heartbeat updated
[2026-07-10 23:44:59] 🔹 SYSTEM: Fleet heartbeat updated
[2026-07-10 23:46:00] 🔹 SYSTEM: Fleet heartbeat updated
[2026-07-10 23:47:02] 🔹 SYSTEM: Fleet heartbeat updated
[2026-07-10 23:48:03] 🔹 SYSTEM: Fleet heartbeat updated
[2026-07-10 23:49:04] 🔹 SYSTEM: Fleet heartbeat updated
[2026-07-10 23:50:05] 🔹 SYSTEM: Fleet heartbeat updated
[2026-07-10 23:51:06] 🔹 SYSTEM: Fleet heartbeat updated
[2026-07-10 23:52:07] 🔹 SYSTEM: Fleet heartbeat updated
[2026-07-10 23:53:08] 🔹 SYSTEM: Fleet heartbeat updated
[2026-07-10 23:53:08] 🔹 SYSTEM: Status check — Pending: 0, Running: 0
[2026-07-10 23:54:10] 🔹 SYSTEM: Fleet heartbeat updated
[2026-07-10 23:55:11] 🔹 SYSTEM: Fleet heartbeat updated
[2026-07-10 23:56:12] 🔹 SYSTEM: Fleet heartbeat updated
[2026-07-10 23:57:13] 🔹 SYSTEM: Fleet heartbeat updated
[2026-07-10 23:58:14] 🔹 SYSTEM: Fleet heartbeat updated
[2026-07-10 23:59:16] 🔹 SYSTEM: Fleet heartbeat updated
[2026-07-11 00:00:17] 🔹 SYSTEM: Fleet heartbeat updated
[2026-07-11 00:01:18] 🔹 SYSTEM: Fleet heartbeat updated
[2026-07-11 00:02:19] 🔹 SYSTEM: Fleet heartbeat updated
[2026-07-11 00:03:21] 🔹 SYSTEM: Fleet heartbeat updated
[2026-07-11 00:03:21] 🔹 SYSTEM: Status check — Pending: 0, Running: 0
[2026-07-11 00:04:22] 🔹 SYSTEM: Fleet heartbeat updated
[2026-07-11 00:05:23] 🔹 SYSTEM: Fleet heartbeat updated
[2026-07-11 00:06:24] 🔹 SYSTEM: Fleet heartbeat updated
[2026-07-11 00:07:26] 🔹 SYSTEM: Fleet heartbeat updated
[2026-07-11 00:08:26] 🔹 SYSTEM: Fleet heartbeat updated
[2026-07-11 00:09:27] 🔹 SYSTEM: Fleet heartbeat updated
[2026-07-11 00:10:28] 🔹 SYSTEM: Fleet heartbeat updated
[2026-07-11 00:11:29] 🔹 SYSTEM: Fleet heartbeat updated
[2026-07-11 00:12:30] 🔹 SYSTEM: Fleet heartbeat updated
[2026-07-11 00:13:30] 🔹 SYSTEM: Fleet heartbeat updated
[2026-07-11 00:13:30] 🔹 SYSTEM: Status check — Pending: 0, Running: 0
[2026-07-11 00:14:31] 🔹 SYSTEM: Fleet heartbeat updated
[2026-07-11 00:15:32] 🔹 SYSTEM: Fleet heartbeat updated
[2026-07-11 00:16:33] 🔹 SYSTEM: Fleet heartbeat updated
[2026-07-11 00:17:34] 🔹 SYSTEM: Fleet heartbeat updated
[2026-07-11 00:18:35] 🔹 SYSTEM: Fleet heartbeat updated
[2026-07-11 00:19:36] 🔹 SYSTEM: Fleet heartbeat updated
[2026-07-11 00:20:37] 🔹 SYSTEM: Fleet heartbeat updated
[2026-07-11 00:21:39] 🔹 SYSTEM: Fleet heartbeat updated
[2026-07-11 00:22:39] 🔹 SYSTEM: Fleet heartbeat updated
[2026-07-11 00:23:40] 🔹 SYSTEM: Fleet heartbeat updated
[2026-07-11 00:23:40] 🔹 SYSTEM: Status check — Pending: 0, Running: 0
[2026-07-11 00:24:41] 🔹 SYSTEM: Fleet heartbeat updated
[2026-07-11 00:25:42] 🔹 SYSTEM: Fleet heartbeat updated
[2026-07-11 00:26:43] 🔹 SYSTEM: Fleet heartbeat updated
[2026-07-11 00:27:44] 🔹 SYSTEM: Fleet heartbeat updated
[2026-07-11 00:28:45] 🔹 SYSTEM: Fleet heartbeat updated
[2026-07-11 00:29:46] 🔹 SYSTEM: Fleet heartbeat updated
[2026-07-11 00:30:46] 🔹 SYSTEM: Fleet heartbeat updated
[2026-07-11 00:31:47] 🔹 SYSTEM: Fleet heartbeat updated
[2026-07-11 00:32:48] 🔹 SYSTEM: Fleet heartbeat updated
[2026-07-11 00:33:49] 🔹 SYSTEM: Fleet heartbeat updated
[2026-07-11 00:33:49] 🔹 SYSTEM: Status check — Pending: 0, Running: 0
[2026-07-11 00:34:50] 🔹 SYSTEM: Fleet heartbeat updated
[2026-07-11 00:35:51] 🔹 SYSTEM: Fleet heartbeat updated
[2026-07-11 00:36:52] 🔹 SYSTEM: Fleet heartbeat updated
[2026-07-11 00:37:52] 🔹 SYSTEM: Fleet heartbeat updated
[2026-07-11 00:38:53] 🔹 SYSTEM: Fleet heartbeat updated
[2026-07-11 00:39:54] 🔹 SYSTEM: Fleet heartbeat updated
[2026-07-11 00:40:55] 🔹 SYSTEM: Fleet heartbeat updated
[2026-07-11 00:41:56] 🔹 SYSTEM: Fleet heartbeat updated
[2026-07-11 00:42:57] 🔹 SYSTEM: Fleet heartbeat updated
[2026-07-11 00:43:58] 🔹 SYSTEM: Fleet heartbeat updated
[2026-07-11 00:43:58] 🔹 SYSTEM: Status check — Pending: 0, Running: 0
[2026-07-11 00:44:58] 🔹 SYSTEM: Fleet heartbeat updated
[2026-07-11 00:46:03] 🔹 SYSTEM: Fleet heartbeat updated
[2026-07-11 00:47:04] 🔹 SYSTEM: Fleet heartbeat updated
[2026-07-11 00:48:05] 🔹 SYSTEM: Fleet heartbeat updated
[2026-07-11 00:49:06] 🔹 SYSTEM: Fleet heartbeat updated
[2026-07-11 00:50:06] 🔹 SYSTEM: Fleet heartbeat updated
[2026-07-11 00:51:07] 🔹 SYSTEM: Fleet heartbeat updated
[2026-07-11 00:52:08] 🔹 SYSTEM: Fleet heartbeat updated
[2026-07-11 00:53:09] 🔹 SYSTEM: Fleet heartbeat updated
[2026-07-11 00:54:10] 🔹 SYSTEM: Fleet heartbeat updated
[2026-07-11 00:54:10] 🔹 SYSTEM: Status check — Pending: 0, Running: 0
[2026-07-11 00:55:11] 🔹 SYSTEM: Fleet heartbeat updated
[2026-07-11 00:56:12] 🔹 SYSTEM: Fleet heartbeat updated
[2026-07-11 00:57:13] 🔹 SYSTEM: Fleet heartbeat updated
[2026-07-11 00:58:14] 🔹 SYSTEM: Fleet heartbeat updated
[2026-07-11 00:59:15] 🔹 SYSTEM: Fleet heartbeat updated
[2026-07-11 01:00:17] 🔹 SYSTEM: Fleet heartbeat updated
[2026-07-11 01:01:18] 🔹 SYSTEM: Fleet heartbeat updated
[2026-07-11 01:02:19] 🔹 SYSTEM: Fleet heartbeat updated
[2026-07-11 01:03:20] 🔹 SYSTEM: Fleet heartbeat updated
[2026-07-11 01:04:22] 🔹 SYSTEM: Fleet heartbeat updated
[2026-07-11 01:04:22] 🔹 SYSTEM: Status check — Pending: 0, Running: 0
[2026-07-11 01:05:23] 🔹 SYSTEM: Fleet heartbeat updated
[2026-07-11 01:06:24] 🔹 SYSTEM: Fleet heartbeat updated
[2026-07-11 01:07:25] 🔹 SYSTEM: Fleet heartbeat updated
[2026-07-11 01:08:27] 🔹 SYSTEM: Fleet heartbeat updated
[2026-07-11 01:09:28] 🔹 SYSTEM: Fleet heartbeat updated
[2026-07-11 01:10:29] 🔹 SYSTEM: Fleet heartbeat updated
[2026-07-11 01:11:31] 🔹 SYSTEM: Fleet heartbeat updated
[2026-07-11 01:12:32] 🔹 SYSTEM: Fleet heartbeat updated
[2026-07-11 01:13:33] 🔹 SYSTEM: Fleet heartbeat updated
[2026-07-11 01:14:35] 🔹 SYSTEM: Fleet heartbeat updated
[2026-07-11 01:14:35] 🔹 SYSTEM: Status check — Pending: 0, Running: 0
[2026-07-11 01:15:36] 🔹 SYSTEM: Fleet heartbeat updated
[2026-07-11 01:16:37] 🔹 SYSTEM: Fleet heartbeat updated
[2026-07-11 01:17:39] 🔹 SYSTEM: Fleet heartbeat updated
[2026-07-11 01:18:40] 🔹 SYSTEM: Fleet heartbeat updated
[2026-07-11 01:19:41] 🔹 SYSTEM: Fleet heartbeat updated
[2026-07-11 01:20:42] 🔹 SYSTEM: Fleet heartbeat updated
[2026-07-11 01:21:44] 🔹 SYSTEM: Fleet heartbeat updated
[2026-07-11 01:22:45] 🔹 SYSTEM: Fleet heartbeat updated
[2026-07-11 01:23:46] 🔹 SYSTEM: Fleet heartbeat updated
[2026-07-11 01:24:47] 🔹 SYSTEM: Fleet heartbeat updated
[2026-07-11 01:24:47] 🔹 SYSTEM: Status check — Pending: 0, Running: 0
[2026-07-11 01:25:48] 🔹 SYSTEM: Fleet heartbeat updated
[2026-07-11 01:26:49] 🔹 SYSTEM: Fleet heartbeat updated
[2026-07-11 01:27:51] 🔹 SYSTEM: Fleet heartbeat updated
[2026-07-11 01:28:52] 🔹 SYSTEM: Fleet heartbeat updated
[2026-07-11 01:29:53] 🔹 SYSTEM: Fleet heartbeat updated
[2026-07-11 01:30:54] 🔹 SYSTEM: Fleet heartbeat updated
[2026-07-11 01:31:56] 🔹 SYSTEM: Fleet heartbeat updated
[2026-07-11 01:32:57] 🔹 SYSTEM: Fleet heartbeat updated
[2026-07-11 01:33:58] 🔹 SYSTEM: Fleet heartbeat updated
[2026-07-11 01:34:59] 🔹 SYSTEM: Fleet heartbeat updated
[2026-07-11 01:34:59] 🔹 SYSTEM: Status check — Pending: 0, Running: 0
[2026-07-11 01:36:00] 🔹 SYSTEM: Fleet heartbeat updated
[2026-07-11 01:37:02] 🔹 SYSTEM: Fleet heartbeat updated
[2026-07-11 01:38:03] 🔹 SYSTEM: Fleet heartbeat updated
[2026-07-11 01:39:04] 🔹 SYSTEM: Fleet heartbeat updated
[2026-07-11 01:40:05] 🔹 SYSTEM: Fleet heartbeat updated
[2026-07-11 01:41:07] 🔹 SYSTEM: Fleet heartbeat updated
[2026-07-11 01:42:08] 🔹 SYSTEM: Fleet heartbeat updated
[2026-07-11 01:43:09] 🔹 SYSTEM: Fleet heartbeat updated
[2026-07-11 01:44:10] 🔹 SYSTEM: Fleet heartbeat updated
[2026-07-11 01:45:11] 🔹 SYSTEM: Fleet heartbeat updated
[2026-07-11 01:45:11] 🔹 SYSTEM: Status check — Pending: 0, Running: 0
[2026-07-11 01:46:12] 🔹 SYSTEM: Fleet heartbeat updated
[2026-07-11 01:47:14] 🔹 SYSTEM: Fleet heartbeat updated
[2026-07-11 01:48:15] 🔹 SYSTEM: Fleet heartbeat updated
[2026-07-11 01:49:16] 🔹 SYSTEM: Fleet heartbeat updated
[2026-07-11 01:50:17] 🔹 SYSTEM: Fleet heartbeat updated
[2026-07-11 01:51:19] 🔹 SYSTEM: Fleet heartbeat updated
[2026-07-11 01:52:20] 🔹 SYSTEM: Fleet heartbeat updated
[2026-07-11 01:53:21] 🔹 SYSTEM: Fleet heartbeat updated
[2026-07-11 01:54:22] 🔹 SYSTEM: Fleet heartbeat updated
[2026-07-11 01:55:24] 🔹 SYSTEM: Fleet heartbeat updated
[2026-07-11 01:55:24] 🔹 SYSTEM: Status check — Pending: 0, Running: 0
[2026-07-11 01:56:25] 🔹 SYSTEM: Fleet heartbeat updated
[2026-07-11 01:57:26] 🔹 SYSTEM: Fleet heartbeat updated
[2026-07-11 01:58:27] 🔹 SYSTEM: Fleet heartbeat updated
[2026-07-11 01:59:29] 🔹 SYSTEM: Fleet heartbeat updated
[2026-07-11 02:00:30] 🔹 SYSTEM: Fleet heartbeat updated
[2026-07-11 02:01:31] 🔹 SYSTEM: Fleet heartbeat updated
[2026-07-11 02:02:32] 🔹 SYSTEM: Fleet heartbeat updated
[2026-07-11 02:03:33] 🔹 SYSTEM: Fleet heartbeat updated
[2026-07-11 02:04:35] 🔹 SYSTEM: Fleet heartbeat updated
[2026-07-11 02:05:36] 🔹 SYSTEM: Fleet heartbeat updated
[2026-07-11 02:05:36] 🔹 SYSTEM: Status check — Pending: 0, Running: 0
[2026-07-11 02:06:37] 🔹 SYSTEM: Fleet heartbeat updated
[2026-07-11 02:07:38] 🔹 SYSTEM: Fleet heartbeat updated
[2026-07-11 02:08:40] 🔹 SYSTEM: Fleet heartbeat updated
[2026-07-11 02:09:41] 🔹 SYSTEM: Fleet heartbeat updated
[2026-07-11 02:10:42] 🔹 SYSTEM: Fleet heartbeat updated
[2026-07-11 02:11:43] 🔹 SYSTEM: Fleet heartbeat updated
[2026-07-11 02:12:45] 🔹 SYSTEM: Fleet heartbeat updated
[2026-07-11 02:13:46] 🔹 SYSTEM: Fleet heartbeat updated
[2026-07-11 02:14:47] 🔹 SYSTEM: Fleet heartbeat updated
[2026-07-11 02:15:48] 🔹 SYSTEM: Fleet heartbeat updated
[2026-07-11 02:15:48] 🔹 SYSTEM: Status check — Pending: 0, Running: 0
[2026-07-11 02:16:49] 🔹 SYSTEM: Fleet heartbeat updated
[2026-07-11 02:17:51] 🔹 SYSTEM: Fleet heartbeat updated
[2026-07-11 02:18:52] 🔹 SYSTEM: Fleet heartbeat updated
[2026-07-11 02:19:53] 🔹 SYSTEM: Fleet heartbeat updated
[2026-07-11 02:20:54] 🔹 SYSTEM: Fleet heartbeat updated
[2026-07-11 02:21:56] 🔹 SYSTEM: Fleet heartbeat updated
[2026-07-11 02:22:57] 🔹 SYSTEM: Fleet heartbeat updated
[2026-07-11 02:23:58] 🔹 SYSTEM: Fleet heartbeat updated
[2026-07-11 02:24:59] 🔹 SYSTEM: Fleet heartbeat updated
[2026-07-11 02:26:01] 🔹 SYSTEM: Fleet heartbeat updated
[2026-07-11 02:26:01] 🔹 SYSTEM: Status check — Pending: 0, Running: 0
[2026-07-11 02:27:02] 🔹 SYSTEM: Fleet heartbeat updated
[2026-07-11 02:28:03] 🔹 SYSTEM: Fleet heartbeat updated
[2026-07-11 02:29:04] 🔹 SYSTEM: Fleet heartbeat updated
[2026-07-11 02:30:05] 🔹 SYSTEM: Fleet heartbeat updated
[2026-07-11 02:31:07] 🔹 SYSTEM: Fleet heartbeat updated
[2026-07-11 02:32:08] 🔹 SYSTEM: Fleet heartbeat updated
[2026-07-11 02:33:09] 🔹 SYSTEM: Fleet heartbeat updated
[2026-07-11 02:34:10] 🔹 SYSTEM: Fleet heartbeat updated
[2026-07-11 02:35:12] 🔹 SYSTEM: Fleet heartbeat updated
[2026-07-11 02:36:13] 🔹 SYSTEM: Fleet heartbeat updated
[2026-07-11 02:36:13] 🔹 SYSTEM: Status check — Pending: 0, Running: 0
[2026-07-11 02:37:14] 🔹 SYSTEM: Fleet heartbeat updated
[2026-07-11 02:38:15] 🔹 SYSTEM: Fleet heartbeat updated
[2026-07-11 02:39:16] 🔹 SYSTEM: Fleet heartbeat updated
[2026-07-11 02:40:18] 🔹 SYSTEM: Fleet heartbeat updated
[2026-07-11 02:41:19] 🔹 SYSTEM: Fleet heartbeat updated
[2026-07-11 02:42:20] 🔹 SYSTEM: Fleet heartbeat updated
[2026-07-11 02:43:21] 🔹 SYSTEM: Fleet heartbeat updated
[2026-07-11 02:44:23] 🔹 SYSTEM: Fleet heartbeat updated
[2026-07-11 02:45:24] 🔹 SYSTEM: Fleet heartbeat updated
[2026-07-11 02:46:26] 🔹 SYSTEM: Fleet heartbeat updated
[2026-07-11 02:46:26] 🔹 SYSTEM: Status check — Pending: 0, Running: 0
[2026-07-11 02:47:27] 🔹 SYSTEM: Fleet heartbeat updated
[2026-07-11 02:48:28] 🔹 SYSTEM: Fleet heartbeat updated
[2026-07-11 02:49:28] 🔹 SYSTEM: Fleet heartbeat updated
[2026-07-11 02:50:29] 🔹 SYSTEM: Fleet heartbeat updated
[2026-07-11 02:51:30] 🔹 SYSTEM: Fleet heartbeat updated
[2026-07-11 02:52:31] 🔹 SYSTEM: Fleet heartbeat updated
[2026-07-11 02:53:32] 🔹 SYSTEM: Fleet heartbeat updated
[2026-07-11 02:54:33] 🔹 SYSTEM: Fleet heartbeat updated
[2026-07-11 02:55:34] 🔹 SYSTEM: Fleet heartbeat updated
[2026-07-11 02:56:35] 🔹 SYSTEM: Fleet heartbeat updated
[2026-07-11 02:56:35] 🔹 SYSTEM: Status check — Pending: 0, Running: 0
[2026-07-11 02:57:36] 🔹 SYSTEM: Fleet heartbeat updated
[2026-07-11 02:58:37] 🔹 SYSTEM: Fleet heartbeat updated
[2026-07-11 02:59:37] 🔹 SYSTEM: Fleet heartbeat updated
[2026-07-11 03:00:38] 🔹 SYSTEM: Fleet heartbeat updated
[2026-07-11 03:01:39] 🔹 SYSTEM: Fleet heartbeat updated
[2026-07-11 03:02:40] 🔹 SYSTEM: Fleet heartbeat updated
[2026-07-11 03:03:41] 🔹 SYSTEM: Fleet heartbeat updated
[2026-07-11 03:04:42] 🔹 SYSTEM: Fleet heartbeat updated
[2026-07-11 03:05:43] 🔹 SYSTEM: Fleet heartbeat updated
[2026-07-11 03:06:44] 🔹 SYSTEM: Fleet heartbeat updated
[2026-07-11 03:06:44] 🔹 SYSTEM: Status check — Pending: 0, Running: 0
[2026-07-11 03:07:45] 🔹 SYSTEM: Fleet heartbeat updated
[2026-07-11 03:08:45] 🔹 SYSTEM: Fleet heartbeat updated
[2026-07-11 03:09:46] 🔹 SYSTEM: Fleet heartbeat updated
[2026-07-11 03:10:47] 🔹 SYSTEM: Fleet heartbeat updated
[2026-07-11 03:11:48] 🔹 SYSTEM: Fleet heartbeat updated
[2026-07-11 03:12:48] 🔹 SYSTEM: Fleet heartbeat updated
[2026-07-11 03:13:49] 🔹 SYSTEM: Fleet heartbeat updated
[2026-07-11 03:14:50] 🔹 SYSTEM: Fleet heartbeat updated
[2026-07-11 03:15:51] 🔹 SYSTEM: Fleet heartbeat updated
[2026-07-11 03:16:51] 🔹 SYSTEM: Fleet heartbeat updated
[2026-07-11 03:16:51] 🔹 SYSTEM: Status check — Pending: 0, Running: 0
[2026-07-11 03:17:52] 🔹 SYSTEM: Fleet heartbeat updated
[2026-07-11 03:18:52] 🔹 SYSTEM: Fleet heartbeat updated
[2026-07-11 03:19:53] 🔹 SYSTEM: Fleet heartbeat updated
[2026-07-11 03:20:54] 🔹 SYSTEM: Fleet heartbeat updated
[2026-07-11 03:21:54] 🔹 SYSTEM: Fleet heartbeat updated
[2026-07-11 03:22:55] 🔹 SYSTEM: Fleet heartbeat updated
[2026-07-11 03:23:56] 🔹 SYSTEM: Fleet heartbeat updated
[2026-07-11 03:24:57] 🔹 SYSTEM: Fleet heartbeat updated
[2026-07-11 03:25:58] 🔹 SYSTEM: Fleet heartbeat updated
[2026-07-11 03:26:59] 🔹 SYSTEM: Fleet heartbeat updated
[2026-07-11 03:26:59] 🔹 SYSTEM: Status check — Pending: 0, Running: 0
[2026-07-11 03:28:00] 🔹 SYSTEM: Fleet heartbeat updated
[2026-07-11 03:29:00] 🔹 SYSTEM: Fleet heartbeat updated
[2026-07-11 03:30:02] 🔹 SYSTEM: Fleet heartbeat updated
[2026-07-11 03:31:03] 🔹 SYSTEM: Fleet heartbeat updated
[2026-07-11 03:32:04] 🔹 SYSTEM: Fleet heartbeat updated
[2026-07-11 03:33:05] 🔹 SYSTEM: Fleet heartbeat updated
[2026-07-11 03:34:06] 🔹 SYSTEM: Fleet heartbeat updated
[2026-07-11 03:35:07] 🔹 SYSTEM: Fleet heartbeat updated
[2026-07-11 03:36:09] 🔹 SYSTEM: Fleet heartbeat updated
[2026-07-11 03:37:10] 🔹 SYSTEM: Fleet heartbeat updated
[2026-07-11 03:37:10] 🔹 SYSTEM: Status check — Pending: 0, Running: 0
[2026-07-11 03:38:11] 🔹 SYSTEM: Fleet heartbeat updated
[2026-07-11 03:39:13] 🔹 SYSTEM: Fleet heartbeat updated
[2026-07-11 03:40:14] 🔹 SYSTEM: Fleet heartbeat updated
[2026-07-11 03:41:15] 🔹 SYSTEM: Fleet heartbeat updated
[2026-07-11 03:42:16] 🔹 SYSTEM: Fleet heartbeat updated
[2026-07-11 03:43:17] 🔹 SYSTEM: Fleet heartbeat updated
[2026-07-11 03:44:18] 🔹 SYSTEM: Fleet heartbeat updated
[2026-07-11 03:45:23] 🔹 SYSTEM: Fleet heartbeat updated
[2026-07-11 03:46:24] 🔹 SYSTEM: Fleet heartbeat updated
[2026-07-11 03:47:25] 🔹 SYSTEM: Fleet heartbeat updated
[2026-07-11 03:47:25] 🔹 SYSTEM: Status check — Pending: 0, Running: 0
[2026-07-11 03:48:27] 🔹 SYSTEM: Fleet heartbeat updated
[2026-07-11 03:49:28] 🔹 SYSTEM: Fleet heartbeat updated
[2026-07-11 03:50:29] 🔹 SYSTEM: Fleet heartbeat updated
[2026-07-11 03:51:30] 🔹 SYSTEM: Fleet heartbeat updated
[2026-07-11 03:52:31] 🔹 SYSTEM: Fleet heartbeat updated
[2026-07-11 03:53:32] 🔹 SYSTEM: Fleet heartbeat updated
[2026-07-11 03:54:33] 🔹 SYSTEM: Fleet heartbeat updated
[2026-07-11 03:55:34] 🔹 SYSTEM: Fleet heartbeat updated
[2026-07-11 03:56:22] 🔹 SYSTEM: 🚀 SAOS Fleet Orchestrator Daemon starting...
[2026-07-11 03:56:22] 🔹 SYSTEM: Fleet: 10 agents | Poll interval: 10s
[2026-07-11 03:56:24] 🔹 SYSTEM: Fleet seeded: 10 agents ready

════════════════════════════════════════════════════════════
  🛰️  SAOS FLEET STATUS
════════════════════════════════════════════════════════════

📋 TASK QUEUE:
   ❌ FAILED: 8
   💀 DEAD: 61
   ✅ DONE: 275

🤖 FLEET AGENTS (10 total):
   🛠️ 🟢 ASSEMBLY   | IDLE     | done=16 fail=0
   🗺️ 🟢 ATLAS      | IDLE     | done=0 fail=0
   💬 🟢 CHATTY     | IDLE     | done=2 fail=1
   💻 🟢 CODY       | IDLE     | done=3 fail=0
   🎨 🟢 GENI       | IDLE     | done=0 fail=0
   ⚖️ 🟢 JURIS      | IDLE     | done=0 fail=0
   🔮 🟢 ORACLE     | IDLE     | done=0 fail=0
   ⚠️ 🟢 PESSI      | IDLE     | done=2 fail=1
   🛰️ 🔴 SOL        | BUSY     (task #255) | done=171 fail=230
   ✅ 🟢 VALI       | IDLE     | done=1 fail=0

📨 Unread messages: 0
════════════════════════════════════════════════════════════

[2026-07-11 03:57:25] 🔹 SYSTEM: Fleet heartbeat updated
[2026-07-11 03:58:26] 🔹 SYSTEM: Fleet heartbeat updated
[2026-07-11 03:59:26] 🔹 SYSTEM: Fleet heartbeat updated
[2026-07-11 04:00:27] 🔹 SYSTEM: Fleet heartbeat updated
[2026-07-11 04:01:28] 🔹 SYSTEM: Fleet heartbeat updated
[2026-07-11 04:02:29] 🔹 SYSTEM: Fleet heartbeat updated
[2026-07-11 04:03:30] 🔹 SYSTEM: Fleet heartbeat updated
[2026-07-11 04:04:30] 🔹 SYSTEM: Fleet heartbeat updated
[2026-07-11 04:05:31] 🔹 SYSTEM: Fleet heartbeat updated
[2026-07-11 04:06:22] 🔹 SYSTEM: Status check — Pending: 0, Running: 0
[2026-07-11 04:06:32] 🔹 SYSTEM: Fleet heartbeat updated
[2026-07-11 04:07:33] 🔹 SYSTEM: Fleet heartbeat updated
[2026-07-11 04:08:35] 🔹 SYSTEM: Fleet heartbeat updated
[2026-07-11 04:09:36] 🔹 SYSTEM: Fleet heartbeat updated
[2026-07-11 04:10:37] 🔹 SYSTEM: Fleet heartbeat updated
[2026-07-11 04:11:38] 🔹 SYSTEM: Fleet heartbeat updated
[2026-07-11 04:12:39] 🔹 SYSTEM: Fleet heartbeat updated
[2026-07-11 04:13:40] 🔹 SYSTEM: Fleet heartbeat updated
[2026-07-11 04:14:41] 🔹 SYSTEM: Fleet heartbeat updated
[2026-07-11 04:15:42] 🔹 SYSTEM: Fleet heartbeat updated
[2026-07-11 04:16:32] 🔹 SYSTEM: Status check — Pending: 0, Running: 0
[2026-07-11 04:16:43] 🔹 SYSTEM: Fleet heartbeat updated
[2026-07-11 04:17:43] 🔹 SYSTEM: Fleet heartbeat updated
[2026-07-11 04:18:44] 🔹 SYSTEM: Fleet heartbeat updated
[2026-07-11 04:19:45] 🔹 SYSTEM: Fleet heartbeat updated
[2026-07-11 04:20:46] 🔹 SYSTEM: Fleet heartbeat updated
[2026-07-11 04:21:47] 🔹 SYSTEM: Fleet heartbeat updated
[2026-07-11 04:22:48] 🔹 SYSTEM: Fleet heartbeat updated
[2026-07-11 04:23:49] 🔹 SYSTEM: Fleet heartbeat updated
[2026-07-11 04:24:50] 🔹 SYSTEM: Fleet heartbeat updated
[2026-07-11 04:25:51] 🔹 SYSTEM: Fleet heartbeat updated
[2026-07-11 04:26:41] 🔹 SYSTEM: Status check — Pending: 0, Running: 0
[2026-07-11 04:26:53] 🔹 SYSTEM: Fleet heartbeat updated
[2026-07-11 04:27:54] 🔹 SYSTEM: Fleet heartbeat updated
[2026-07-11 04:28:55] 🔹 SYSTEM: Fleet heartbeat updated
[2026-07-11 04:29:56] 🔹 SYSTEM: Fleet heartbeat updated
[2026-07-11 04:30:57] 🔹 SYSTEM: Fleet heartbeat updated
[2026-07-11 04:31:58] 🔹 SYSTEM: Fleet heartbeat updated
[2026-07-11 04:32:58] 🔹 SYSTEM: Fleet heartbeat updated
[2026-07-11 04:33:59] 🔹 SYSTEM: Fleet heartbeat updated
[2026-07-11 04:35:00] 🔹 SYSTEM: Fleet heartbeat updated
[2026-07-11 04:36:01] 🔹 SYSTEM: Fleet heartbeat updated
[2026-07-11 04:36:52] 🔹 SYSTEM: Status check — Pending: 0, Running: 0
[2026-07-11 04:37:02] 🔹 SYSTEM: Fleet heartbeat updated
[2026-07-11 04:38:03] 🔹 SYSTEM: Fleet heartbeat updated
[2026-07-11 04:39:04] 🔹 SYSTEM: Fleet heartbeat updated
[2026-07-11 04:40:05] 🔹 SYSTEM: Fleet heartbeat updated
[2026-07-11 04:41:06] 🔹 SYSTEM: Fleet heartbeat updated
[2026-07-11 04:42:06] 🔹 SYSTEM: Fleet heartbeat updated
[2026-07-11 04:43:07] 🔹 SYSTEM: Fleet heartbeat updated
[2026-07-11 04:44:08] 🔹 SYSTEM: Fleet heartbeat updated
[2026-07-11 04:45:09] 🔹 SYSTEM: Fleet heartbeat updated
[2026-07-11 04:46:10] 🔹 SYSTEM: Fleet heartbeat updated
[2026-07-11 04:47:01] 🔹 SYSTEM: Status check — Pending: 0, Running: 0
[2026-07-11 04:47:11] 🔹 SYSTEM: Fleet heartbeat updated
[2026-07-11 04:48:12] 🔹 SYSTEM: Fleet heartbeat updated
[2026-07-11 04:49:13] 🔹 SYSTEM: Fleet heartbeat updated
[2026-07-11 04:50:14] 🔹 SYSTEM: Fleet heartbeat updated
[2026-07-11 04:51:14] 🔹 SYSTEM: Fleet heartbeat updated
[2026-07-11 04:52:15] 🔹 SYSTEM: Fleet heartbeat updated
[2026-07-11 04:53:19] 🔹 SYSTEM: Fleet heartbeat updated
[2026-07-11 04:54:20] 🔹 SYSTEM: Fleet heartbeat updated
[2026-07-11 04:55:21] 🔹 SYSTEM: Fleet heartbeat updated
[2026-07-11 04:56:22] 🔹 SYSTEM: Fleet heartbeat updated
[2026-07-11 04:57:12] 🔹 SYSTEM: Status check — Pending: 0, Running: 0
[2026-07-11 04:57:23] 🔹 SYSTEM: Fleet heartbeat updated
[2026-07-11 04:58:24] 🔹 SYSTEM: Fleet heartbeat updated
[2026-07-11 04:59:25] 🔹 SYSTEM: Fleet heartbeat updated
[2026-07-11 05:00:26] 🔹 SYSTEM: Fleet heartbeat updated
[2026-07-11 05:01:27] 🔹 SYSTEM: Fleet heartbeat updated
[2026-07-11 05:02:28] 🔹 SYSTEM: Fleet heartbeat updated
[2026-07-11 05:03:29] 🔹 SYSTEM: Fleet heartbeat updated
[2026-07-11 05:04:30] 🔹 SYSTEM: Fleet heartbeat updated
[2026-07-11 05:05:31] 🔹 SYSTEM: Fleet heartbeat updated
[2026-07-11 05:06:32] 🔹 SYSTEM: Fleet heartbeat updated
[2026-07-11 05:07:23] 🔹 SYSTEM: Status check — Pending: 0, Running: 0
[2026-07-11 05:07:33] 🔹 SYSTEM: Fleet heartbeat updated
[2026-07-11 05:08:34] 🔹 SYSTEM: Fleet heartbeat updated
[2026-07-11 05:09:35] 🔹 SYSTEM: Fleet heartbeat updated
[2026-07-11 05:10:36] 🔹 SYSTEM: Fleet heartbeat updated
[2026-07-11 05:11:37] 🔹 SYSTEM: Fleet heartbeat updated
[2026-07-11 05:12:38] 🔹 SYSTEM: Fleet heartbeat updated
[2026-07-11 05:13:38] 🔹 SYSTEM: Fleet heartbeat updated
[2026-07-11 05:14:39] 🔹 SYSTEM: Fleet heartbeat updated
[2026-07-11 05:15:40] 🔹 SYSTEM: Fleet heartbeat updated
[2026-07-11 05:16:41] 🔹 SYSTEM: Fleet heartbeat updated
[2026-07-11 05:17:32] 🔹 SYSTEM: Status check — Pending: 0, Running: 0
[2026-07-11 05:17:42] 🔹 SYSTEM: Fleet heartbeat updated
[2026-07-11 05:18:43] 🔹 SYSTEM: Fleet heartbeat updated
[2026-07-11 05:19:44] 🔹 SYSTEM: Fleet heartbeat updated
[2026-07-11 05:20:45] 🔹 SYSTEM: Fleet heartbeat updated
[2026-07-11 05:21:46] 🔹 SYSTEM: Fleet heartbeat updated
[2026-07-11 05:22:47] 🔹 SYSTEM: Fleet heartbeat updated
[2026-07-11 05:23:48] 🔹 SYSTEM: Fleet heartbeat updated
[2026-07-11 05:24:48] 🔹 SYSTEM: Fleet heartbeat updated
[2026-07-11 05:25:50] 🔹 SYSTEM: Fleet heartbeat updated
[2026-07-11 05:26:55] 🔹 SYSTEM: Fleet heartbeat updated
[2026-07-11 05:27:46] 🔹 SYSTEM: Status check — Pending: 0, Running: 0
[2026-07-11 05:27:56] 🔹 SYSTEM: Fleet heartbeat updated
[2026-07-11 05:28:57] 🔹 SYSTEM: Fleet heartbeat updated
[2026-07-11 05:29:58] 🔹 SYSTEM: Fleet heartbeat updated
[2026-07-11 05:31:00] 🔹 SYSTEM: Fleet heartbeat updated
[2026-07-11 05:32:01] 🔹 SYSTEM: Fleet heartbeat updated
[2026-07-11 05:33:02] 🔹 SYSTEM: Fleet heartbeat updated
[2026-07-11 05:34:04] 🔹 SYSTEM: Fleet heartbeat updated
[2026-07-11 05:35:05] 🔹 SYSTEM: Fleet heartbeat updated
[2026-07-11 05:36:06] 🔹 SYSTEM: Fleet heartbeat updated
[2026-07-11 05:37:08] 🔹 SYSTEM: Fleet heartbeat updated
[2026-07-11 05:37:58] 🔹 SYSTEM: Status check — Pending: 0, Running: 0
[2026-07-11 05:38:09] 🔹 SYSTEM: Fleet heartbeat updated
[2026-07-11 05:39:10] 🔹 SYSTEM: Fleet heartbeat updated
[2026-07-11 05:40:11] 🔹 SYSTEM: Fleet heartbeat updated
[2026-07-11 05:41:12] 🔹 SYSTEM: Fleet heartbeat updated
[2026-07-11 05:42:13] 🔹 SYSTEM: Fleet heartbeat updated
[2026-07-11 05:43:14] 🔹 SYSTEM: Fleet heartbeat updated
[2026-07-11 05:44:16] 🔹 SYSTEM: Fleet heartbeat updated
[2026-07-11 05:45:17] 🔹 SYSTEM: Fleet heartbeat updated
[2026-07-11 05:46:18] 🔹 SYSTEM: Fleet heartbeat updated
[2026-07-11 05:47:19] 🔹 SYSTEM: Fleet heartbeat updated
[2026-07-11 05:48:10] 🔹 SYSTEM: Status check — Pending: 0, Running: 0
[2026-07-11 05:48:21] 🔹 SYSTEM: Fleet heartbeat updated
[2026-07-11 05:49:22] 🔹 SYSTEM: Fleet heartbeat updated
[2026-07-11 05:50:23] 🔹 SYSTEM: Fleet heartbeat updated
[2026-07-11 05:51:24] 🔹 SYSTEM: Fleet heartbeat updated
[2026-07-11 05:52:25] 🔹 SYSTEM: Fleet heartbeat updated
[2026-07-11 05:53:27] 🔹 SYSTEM: Fleet heartbeat updated
[2026-07-11 05:54:28] 🔹 SYSTEM: Fleet heartbeat updated
[2026-07-11 05:55:29] 🔹 SYSTEM: Fleet heartbeat updated
[2026-07-11 05:56:30] 🔹 SYSTEM: Fleet heartbeat updated
[2026-07-11 05:57:31] 🔹 SYSTEM: Fleet heartbeat updated
[2026-07-11 05:58:23] 🔹 SYSTEM: Status check — Pending: 0, Running: 0
[2026-07-11 05:58:33] 🔹 SYSTEM: Fleet heartbeat updated
[2026-07-11 05:59:34] 🔹 SYSTEM: Fleet heartbeat updated
[2026-07-11 06:00:36] 🔹 SYSTEM: Fleet heartbeat updated
[2026-07-11 06:01:37] 🔹 SYSTEM: Fleet heartbeat updated
[2026-07-11 06:02:38] 🔹 SYSTEM: Fleet heartbeat updated
[2026-07-11 06:03:39] 🔹 SYSTEM: Fleet heartbeat updated
[2026-07-11 06:04:41] 🔹 SYSTEM: Fleet heartbeat updated
[2026-07-11 06:05:42] 🔹 SYSTEM: Fleet heartbeat updated
[2026-07-11 06:06:43] 🔹 SYSTEM: Fleet heartbeat updated
[2026-07-11 06:07:44] 🔹 SYSTEM: Fleet heartbeat updated
[2026-07-11 06:08:35] 🔹 SYSTEM: Status check — Pending: 0, Running: 0
[2026-07-11 06:08:46] 🔹 SYSTEM: Fleet heartbeat updated
[2026-07-11 06:09:47] 🔹 SYSTEM: Fleet heartbeat updated
[2026-07-11 06:10:48] 🔹 SYSTEM: Fleet heartbeat updated
[2026-07-11 06:11:49] 🔹 SYSTEM: Fleet heartbeat updated
[2026-07-11 06:12:51] 🔹 SYSTEM: Fleet heartbeat updated
[2026-07-11 06:13:52] 🔹 SYSTEM: Fleet heartbeat updated
[2026-07-11 06:14:53] 🔹 SYSTEM: Fleet heartbeat updated
[2026-07-11 06:15:55] 🔹 SYSTEM: Fleet heartbeat updated
[2026-07-11 06:16:56] 🔹 SYSTEM: Fleet heartbeat updated
[2026-07-11 06:17:57] 🔹 SYSTEM: Fleet heartbeat updated
[2026-07-11 06:18:48] 🔹 SYSTEM: Status check — Pending: 0, Running: 0
[2026-07-11 06:18:59] 🔹 SYSTEM: Fleet heartbeat updated
[2026-07-11 06:20:00] 🔹 SYSTEM: Fleet heartbeat updated
[2026-07-11 06:21:01] 🔹 SYSTEM: Fleet heartbeat updated
[2026-07-11 06:22:03] 🔹 SYSTEM: Fleet heartbeat updated
[2026-07-11 06:23:04] 🔹 SYSTEM: Fleet heartbeat updated
[2026-07-11 06:24:05] 🔹 SYSTEM: Fleet heartbeat updated
[2026-07-11 06:25:06] 🔹 SYSTEM: Fleet heartbeat updated
[2026-07-11 06:26:07] 🔹 SYSTEM: Fleet heartbeat updated
[2026-07-11 06:27:09] 🔹 SYSTEM: Fleet heartbeat updated
[2026-07-11 06:28:10] 🔹 SYSTEM: Fleet heartbeat updated
[2026-07-11 06:29:01] 🔹 SYSTEM: Status check — Pending: 0, Running: 0
[2026-07-11 06:29:11] 🔹 SYSTEM: Fleet heartbeat updated
[2026-07-11 06:30:13] 🔹 SYSTEM: Fleet heartbeat updated
[2026-07-11 06:31:14] 🔹 SYSTEM: Fleet heartbeat updated
[2026-07-11 06:32:15] 🔹 SYSTEM: Fleet heartbeat updated
[2026-07-11 06:33:17] 🔹 SYSTEM: Fleet heartbeat updated
[2026-07-11 06:34:18] 🔹 SYSTEM: Fleet heartbeat updated
[2026-07-11 06:35:19] 🔹 SYSTEM: Fleet heartbeat updated
[2026-07-11 06:36:20] 🔹 SYSTEM: Fleet heartbeat updated
[2026-07-11 06:37:22] 🔹 SYSTEM: Fleet heartbeat updated
[2026-07-11 06:38:23] 🔹 SYSTEM: Fleet heartbeat updated
[2026-07-11 06:39:14] 🔹 SYSTEM: Status check — Pending: 0, Running: 0
[2026-07-11 06:39:24] 🔹 SYSTEM: Fleet heartbeat updated
[2026-07-11 06:40:25] 🔹 SYSTEM: Fleet heartbeat updated
[2026-07-11 06:41:27] 🔹 SYSTEM: Fleet heartbeat updated
[2026-07-11 06:42:28] 🔹 SYSTEM: Fleet heartbeat updated
[2026-07-11 06:43:29] 🔹 SYSTEM: Fleet heartbeat updated
[2026-07-11 06:44:30] 🔹 SYSTEM: Fleet heartbeat updated
[2026-07-11 06:45:31] 🔹 SYSTEM: Fleet heartbeat updated
[2026-07-11 06:46:33] 🔹 SYSTEM: Fleet heartbeat updated
[2026-07-11 06:47:34] 🔹 SYSTEM: Fleet heartbeat updated
[2026-07-11 06:48:35] 🔹 SYSTEM: Fleet heartbeat updated
[2026-07-11 06:49:26] 🔹 SYSTEM: Status check — Pending: 0, Running: 0
[2026-07-11 06:49:37] 🔹 SYSTEM: Fleet heartbeat updated
[2026-07-11 06:50:38] 🔹 SYSTEM: Fleet heartbeat updated
[2026-07-11 06:51:39] 🔹 SYSTEM: Fleet heartbeat updated
[2026-07-11 06:52:40] 🔹 SYSTEM: Fleet heartbeat updated
[2026-07-11 06:53:42] 🔹 SYSTEM: Fleet heartbeat updated
[2026-07-11 06:54:43] 🔹 SYSTEM: Fleet heartbeat updated
[2026-07-11 06:55:44] 🔹 SYSTEM: Fleet heartbeat updated
[2026-07-11 06:56:45] 🔹 SYSTEM: Fleet heartbeat updated
[2026-07-11 06:57:47] 🔹 SYSTEM: Fleet heartbeat updated
[2026-07-11 06:58:48] 🔹 SYSTEM: Fleet heartbeat updated
[2026-07-11 06:59:39] 🔹 SYSTEM: Status check — Pending: 0, Running: 0
[2026-07-11 06:59:49] 🔹 SYSTEM: Fleet heartbeat updated
[2026-07-11 07:00:50] 🔹 SYSTEM: Fleet heartbeat updated
[2026-07-11 07:01:52] 🔹 SYSTEM: Fleet heartbeat updated
[2026-07-11 07:02:53] 🔹 SYSTEM: Fleet heartbeat updated
[2026-07-11 07:03:54] 🔹 SYSTEM: Fleet heartbeat updated
[2026-07-11 07:04:56] 🔹 SYSTEM: Fleet heartbeat updated
[2026-07-11 07:05:57] 🔹 SYSTEM: Fleet heartbeat updated
[2026-07-11 07:06:58] 🔹 SYSTEM: Fleet heartbeat updated
[2026-07-11 07:07:59] 🔹 SYSTEM: Fleet heartbeat updated
[2026-07-11 07:09:00] 🔹 SYSTEM: Fleet heartbeat updated
[2026-07-11 07:09:51] 🔹 SYSTEM: Status check — Pending: 0, Running: 0
[2026-07-11 07:10:01] 🔹 SYSTEM: Fleet heartbeat updated
[2026-07-11 07:11:03] 🔹 SYSTEM: Fleet heartbeat updated
[2026-07-11 07:12:04] 🔹 SYSTEM: Fleet heartbeat updated
[2026-07-11 07:13:05] 🔹 SYSTEM: Fleet heartbeat updated
[2026-07-11 07:14:07] 🔹 SYSTEM: Fleet heartbeat updated
[2026-07-11 07:15:08] 🔹 SYSTEM: Fleet heartbeat updated
[2026-07-11 07:16:09] 🔹 SYSTEM: Fleet heartbeat updated
[2026-07-11 07:17:10] 🔹 SYSTEM: Fleet heartbeat updated
[2026-07-11 07:18:11] 🔹 SYSTEM: Fleet heartbeat updated
[2026-07-11 07:19:13] 🔹 SYSTEM: Fleet heartbeat updated
[2026-07-11 07:20:04] 🔹 SYSTEM: Status check — Pending: 0, Running: 0
[2026-07-11 07:20:14] 🔹 SYSTEM: Fleet heartbeat updated
[2026-07-11 07:21:15] 🔹 SYSTEM: Fleet heartbeat updated
[2026-07-11 07:22:17] 🔹 SYSTEM: Fleet heartbeat updated
[2026-07-11 07:23:18] 🔹 SYSTEM: Fleet heartbeat updated
[2026-07-11 07:24:19] 🔹 SYSTEM: Fleet heartbeat updated
[2026-07-11 07:25:21] 🔹 SYSTEM: Fleet heartbeat updated
[2026-07-11 07:26:22] 🔹 SYSTEM: Fleet heartbeat updated
[2026-07-11 07:27:23] 🔹 SYSTEM: Fleet heartbeat updated
[2026-07-11 07:28:25] 🔹 SYSTEM: Fleet heartbeat updated
[2026-07-11 07:29:26] 🔹 SYSTEM: Fleet heartbeat updated
[2026-07-11 07:30:17] 🔹 SYSTEM: Status check — Pending: 0, Running: 0
[2026-07-11 07:30:28] 🔹 SYSTEM: Fleet heartbeat updated
[2026-07-11 07:31:29] 🔹 SYSTEM: Fleet heartbeat updated
[2026-07-11 07:32:30] 🔹 SYSTEM: Fleet heartbeat updated
[2026-07-11 07:33:31] 🔹 SYSTEM: Fleet heartbeat updated
[2026-07-11 07:34:32] 🔹 SYSTEM: Fleet heartbeat updated
[2026-07-11 07:35:33] 🔹 SYSTEM: Fleet heartbeat updated
[2026-07-11 07:36:34] 🔹 SYSTEM: Fleet heartbeat updated
[2026-07-11 07:37:35] 🔹 SYSTEM: Fleet heartbeat updated
[2026-07-11 07:38:36] 🔹 SYSTEM: Fleet heartbeat updated
[2026-07-11 07:39:37] 🔹 SYSTEM: Fleet heartbeat updated
[2026-07-11 07:40:28] 🔹 SYSTEM: Status check — Pending: 0, Running: 0
[2026-07-11 07:40:39] 🔹 SYSTEM: Fleet heartbeat updated
[2026-07-11 07:41:40] 🔹 SYSTEM: Fleet heartbeat updated
[2026-07-11 07:42:41] 🔹 SYSTEM: Fleet heartbeat updated
[2026-07-11 07:43:42] 🔹 SYSTEM: Fleet heartbeat updated
[2026-07-11 07:44:44] 🔹 SYSTEM: Fleet heartbeat updated
[2026-07-11 07:45:45] 🔹 SYSTEM: Fleet heartbeat updated
[2026-07-11 07:46:46] 🔹 SYSTEM: Fleet heartbeat updated
[2026-07-11 07:47:48] 🔹 SYSTEM: Fleet heartbeat updated
[2026-07-11 07:48:49] 🔹 SYSTEM: Fleet heartbeat updated
[2026-07-11 07:49:50] 🔹 SYSTEM: Fleet heartbeat updated
[2026-07-11 07:50:41] 🔹 SYSTEM: Status check — Pending: 0, Running: 0
[2026-07-11 07:50:51] 🔹 SYSTEM: Fleet heartbeat updated
[2026-07-11 07:51:53] 🔹 SYSTEM: Fleet heartbeat updated
[2026-07-11 07:52:54] 🔹 SYSTEM: Fleet heartbeat updated
[2026-07-11 07:53:55] 🔹 SYSTEM: Fleet heartbeat updated
[2026-07-11 07:54:57] 🔹 SYSTEM: Fleet heartbeat updated
[2026-07-11 07:55:58] 🔹 SYSTEM: Fleet heartbeat updated
[2026-07-11 07:56:59] 🔹 SYSTEM: Fleet heartbeat updated
[2026-07-11 07:58:00] 🔹 SYSTEM: Fleet heartbeat updated
[2026-07-11 07:59:02] 🔹 SYSTEM: Fleet heartbeat updated
[2026-07-11 08:00:03] 🔹 SYSTEM: Fleet heartbeat updated
[2026-07-11 08:00:54] 🔹 SYSTEM: Status check — Pending: 0, Running: 0
[2026-07-11 08:01:04] 🔹 SYSTEM: Fleet heartbeat updated
[2026-07-11 08:02:06] 🔹 SYSTEM: Fleet heartbeat updated
[2026-07-11 08:03:07] 🔹 SYSTEM: Fleet heartbeat updated
[2026-07-11 08:04:08] 🔹 SYSTEM: Fleet heartbeat updated
[2026-07-11 08:05:10] 🔹 SYSTEM: Fleet heartbeat updated
[2026-07-11 08:06:11] 🔹 SYSTEM: Fleet heartbeat updated
[2026-07-11 08:07:12] 🔹 SYSTEM: Fleet heartbeat updated
[2026-07-11 08:08:14] 🔹 SYSTEM: Fleet heartbeat updated
[2026-07-11 08:09:15] 🔹 SYSTEM: Fleet heartbeat updated
[2026-07-11 08:10:16] 🔹 SYSTEM: Fleet heartbeat updated
[2026-07-11 08:11:07] 🔹 SYSTEM: Status check — Pending: 0, Running: 0
[2026-07-11 08:11:17] 🔹 SYSTEM: Fleet heartbeat updated
[2026-07-11 08:12:19] 🔹 SYSTEM: Fleet heartbeat updated
[2026-07-11 08:13:20] 🔹 SYSTEM: Fleet heartbeat updated
[2026-07-11 08:14:21] 🔹 SYSTEM: Fleet heartbeat updated
[2026-07-11 08:15:23] 🔹 SYSTEM: Fleet heartbeat updated
[2026-07-11 08:16:24] 🔹 SYSTEM: Fleet heartbeat updated
[2026-07-11 08:17:25] 🔹 SYSTEM: Fleet heartbeat updated
[2026-07-11 08:18:27] 🔹 SYSTEM: Fleet heartbeat updated
[2026-07-11 08:19:28] 🔹 SYSTEM: Fleet heartbeat updated
[2026-07-11 08:20:29] 🔹 SYSTEM: Fleet heartbeat updated
[2026-07-11 08:21:20] 🔹 SYSTEM: Status check — Pending: 0, Running: 0
[2026-07-11 08:21:30] 🔹 SYSTEM: Fleet heartbeat updated
[2026-07-11 08:22:31] 🔹 SYSTEM: Fleet heartbeat updated
[2026-07-11 08:23:33] 🔹 SYSTEM: Fleet heartbeat updated
[2026-07-11 08:24:34] 🔹 SYSTEM: Fleet heartbeat updated
[2026-07-11 08:25:35] 🔹 SYSTEM: Fleet heartbeat updated
[2026-07-11 08:26:37] 🔹 SYSTEM: Fleet heartbeat updated
[2026-07-11 08:27:38] 🔹 SYSTEM: Fleet heartbeat updated
[2026-07-11 08:28:40] 🔹 SYSTEM: Fleet heartbeat updated
[2026-07-11 08:29:41] 🔹 SYSTEM: Fleet heartbeat updated
[2026-07-11 08:30:42] 🔹 SYSTEM: Fleet heartbeat updated
[2026-07-11 08:31:33] 🔹 SYSTEM: Status check — Pending: 0, Running: 0
[2026-07-11 08:31:43] 🔹 SYSTEM: Fleet heartbeat updated
[2026-07-11 08:32:45] 🔹 SYSTEM: Fleet heartbeat updated
[2026-07-11 08:33:46] 🔹 SYSTEM: Fleet heartbeat updated
[2026-07-11 08:34:47] 🔹 SYSTEM: Fleet heartbeat updated
[2026-07-11 08:35:48] 🔹 SYSTEM: Fleet heartbeat updated
[2026-07-11 08:36:50] 🔹 SYSTEM: Fleet heartbeat updated
[2026-07-11 08:37:51] 🔹 SYSTEM: Fleet heartbeat updated
[2026-07-11 08:38:53] 🔹 SYSTEM: Fleet heartbeat updated
[2026-07-11 08:39:54] 🔹 SYSTEM: Fleet heartbeat updated
[2026-07-11 08:40:55] 🔹 SYSTEM: Fleet heartbeat updated
[2026-07-11 08:41:46] 🔹 SYSTEM: Status check — Pending: 0, Running: 0
[2026-07-11 08:41:57] 🔹 SYSTEM: Fleet heartbeat updated
[2026-07-11 08:42:58] 🔹 SYSTEM: Fleet heartbeat updated
[2026-07-11 08:43:59] 🔹 SYSTEM: Fleet heartbeat updated
[2026-07-11 08:45:01] 🔹 SYSTEM: Fleet heartbeat updated
[2026-07-11 08:46:02] 🔹 SYSTEM: Fleet heartbeat updated
[2026-07-11 08:47:03] 🔹 SYSTEM: Fleet heartbeat updated
[2026-07-11 08:48:04] 🔹 SYSTEM: Fleet heartbeat updated
[2026-07-11 08:49:06] 🔹 SYSTEM: Fleet heartbeat updated
[2026-07-11 08:50:07] 🔹 SYSTEM: Fleet heartbeat updated
[2026-07-11 08:51:08] 🔹 SYSTEM: Fleet heartbeat updated
[2026-07-11 08:51:59] 🔹 SYSTEM: Status check — Pending: 0, Running: 0
[2026-07-11 08:52:09] 🔹 SYSTEM: Fleet heartbeat updated
[2026-07-11 08:53:11] 🔹 SYSTEM: Fleet heartbeat updated
[2026-07-11 08:54:12] 🔹 SYSTEM: Fleet heartbeat updated
[2026-07-11 08:55:14] 🔹 SYSTEM: Fleet heartbeat updated
[2026-07-11 08:56:15] 🔹 SYSTEM: Fleet heartbeat updated
[2026-07-11 08:57:16] 🔹 SYSTEM: Fleet heartbeat updated
[2026-07-11 08:58:17] 🔹 SYSTEM: Fleet heartbeat updated
[2026-07-11 08:59:19] 🔹 SYSTEM: Fleet heartbeat updated
[2026-07-11 09:00:20] 🔹 SYSTEM: Fleet heartbeat updated
[2026-07-11 09:01:21] 🔹 SYSTEM: Fleet heartbeat updated
[2026-07-11 09:02:12] 🔹 SYSTEM: Status check — Pending: 0, Running: 0
[2026-07-11 09:02:22] 🔹 SYSTEM: Fleet heartbeat updated
[2026-07-11 09:03:24] 🔹 SYSTEM: Fleet heartbeat updated
[2026-07-11 09:04:25] 🔹 SYSTEM: Fleet heartbeat updated
[2026-07-11 09:05:26] 🔹 SYSTEM: Fleet heartbeat updated
[2026-07-11 09:06:28] 🔹 SYSTEM: Fleet heartbeat updated
[2026-07-11 09:07:29] 🔹 SYSTEM: Fleet heartbeat updated
[2026-07-11 09:08:31] 🔹 SYSTEM: Fleet heartbeat updated
[2026-07-11 09:09:32] 🔹 SYSTEM: Fleet heartbeat updated
[2026-07-11 09:10:33] 🔹 SYSTEM: Fleet heartbeat updated
[2026-07-11 09:11:35] 🔹 SYSTEM: Fleet heartbeat updated
[2026-07-11 09:12:26] 🔹 SYSTEM: Status check — Pending: 0, Running: 0
[2026-07-11 09:12:36] 🔹 SYSTEM: Fleet heartbeat updated
[2026-07-11 09:13:37] 🔹 SYSTEM: Fleet heartbeat updated
[2026-07-11 09:14:38] 🔹 SYSTEM: Fleet heartbeat updated
[2026-07-11 09:15:40] 🔹 SYSTEM: Fleet heartbeat updated
[2026-07-11 09:16:41] 🔹 SYSTEM: Fleet heartbeat updated
[2026-07-11 09:17:42] 🔹 SYSTEM: Fleet heartbeat updated
[2026-07-11 09:18:44] 🔹 SYSTEM: Fleet heartbeat updated
[2026-07-11 09:19:45] 🔹 SYSTEM: Fleet heartbeat updated
[2026-07-11 09:20:46] 🔹 SYSTEM: Fleet heartbeat updated
[2026-07-11 09:21:47] 🔹 SYSTEM: Fleet heartbeat updated
[2026-07-11 09:22:39] 🔹 SYSTEM: Status check — Pending: 0, Running: 0
[2026-07-11 09:22:49] 🔹 SYSTEM: Fleet heartbeat updated
[2026-07-11 09:23:50] 🔹 SYSTEM: Fleet heartbeat updated
[2026-07-11 09:24:51] 🔹 SYSTEM: Fleet heartbeat updated
[2026-07-11 09:25:52] 🔹 SYSTEM: Fleet heartbeat updated
[2026-07-11 09:26:54] 🔹 SYSTEM: Fleet heartbeat updated
[2026-07-11 09:27:57] 🔹 SYSTEM: Fleet heartbeat updated
[2026-07-11 09:28:58] 🔹 SYSTEM: Fleet heartbeat updated
[2026-07-11 09:30:00] 🔹 SYSTEM: Fleet heartbeat updated
[2026-07-11 09:31:01] 🔹 SYSTEM: Fleet heartbeat updated
[2026-07-11 09:32:02] 🔹 SYSTEM: Fleet heartbeat updated
[2026-07-11 09:32:54] 🔹 SYSTEM: Status check — Pending: 0, Running: 0
[2026-07-11 09:33:04] 🔹 SYSTEM: Fleet heartbeat updated
[2026-07-11 09:34:05] 🔹 SYSTEM: Fleet heartbeat updated
[2026-07-11 09:35:06] 🔹 SYSTEM: Fleet heartbeat updated
[2026-07-11 09:36:08] 🔹 SYSTEM: Fleet heartbeat updated
[2026-07-11 09:37:09] 🔹 SYSTEM: Fleet heartbeat updated
[2026-07-11 09:38:10] 🔹 SYSTEM: Fleet heartbeat updated
[2026-07-11 09:39:11] 🔹 SYSTEM: Fleet heartbeat updated
[2026-07-11 09:40:13] 🔹 SYSTEM: Fleet heartbeat updated
[2026-07-11 09:41:14] 🔹 SYSTEM: Fleet heartbeat updated
[2026-07-11 09:42:15] 🔹 SYSTEM: Fleet heartbeat updated
[2026-07-11 09:43:06] 🔹 SYSTEM: Status check — Pending: 0, Running: 0
[2026-07-11 09:43:17] 🔹 SYSTEM: Fleet heartbeat updated
[2026-07-11 09:44:18] 🔹 SYSTEM: Fleet heartbeat updated
[2026-07-11 09:45:20] 🔹 SYSTEM: Fleet heartbeat updated
[2026-07-11 09:46:21] 🔹 SYSTEM: Fleet heartbeat updated
[2026-07-11 09:47:22] 🔹 SYSTEM: Fleet heartbeat updated
[2026-07-11 09:48:24] 🔹 SYSTEM: Fleet heartbeat updated
[2026-07-11 09:49:25] 🔹 SYSTEM: Fleet heartbeat updated
[2026-07-11 09:50:26] 🔹 SYSTEM: Fleet heartbeat updated
[2026-07-11 09:51:27] 🔹 SYSTEM: Fleet heartbeat updated
[2026-07-11 09:52:29] 🔹 SYSTEM: Fleet heartbeat updated
[2026-07-11 09:53:20] 🔹 SYSTEM: Status check — Pending: 0, Running: 0
[2026-07-11 09:53:30] 🔹 SYSTEM: Fleet heartbeat updated
[2026-07-11 09:54:31] 🔹 SYSTEM: Fleet heartbeat updated
[2026-07-11 09:55:32] 🔹 SYSTEM: Fleet heartbeat updated
[2026-07-11 09:56:34] 🔹 SYSTEM: Fleet heartbeat updated
[2026-07-11 09:57:35] 🔹 SYSTEM: Fleet heartbeat updated
[2026-07-11 09:58:36] 🔹 SYSTEM: Fleet heartbeat updated
[2026-07-11 09:59:37] 🔹 SYSTEM: Fleet heartbeat updated
[2026-07-11 10:00:39] 🔹 SYSTEM: Fleet heartbeat updated
[2026-07-11 10:01:40] 🔹 SYSTEM: Fleet heartbeat updated
[2026-07-11 10:02:41] 🔹 SYSTEM: Fleet heartbeat updated
[2026-07-11 10:03:32] 🔹 SYSTEM: Status check — Pending: 0, Running: 0
[2026-07-11 10:03:42] 🔹 SYSTEM: Fleet heartbeat updated
[2026-07-11 10:04:44] 🔹 SYSTEM: Fleet heartbeat updated
[2026-07-11 10:05:45] 🔹 SYSTEM: Fleet heartbeat updated
[2026-07-11 10:06:46] 🔹 SYSTEM: Fleet heartbeat updated
[2026-07-11 10:07:48] 🔹 SYSTEM: Fleet heartbeat updated
[2026-07-11 10:08:49] 🔹 SYSTEM: Fleet heartbeat updated
[2026-07-11 10:09:50] 🔹 SYSTEM: Fleet heartbeat updated
[2026-07-11 10:10:52] 🔹 SYSTEM: Fleet heartbeat updated
[2026-07-11 10:11:53] 🔹 SYSTEM: Fleet heartbeat updated
[2026-07-11 10:12:54] 🔹 SYSTEM: Fleet heartbeat updated
[2026-07-11 10:13:45] 🔹 SYSTEM: Status check — Pending: 0, Running: 0
[2026-07-11 10:13:55] 🔹 SYSTEM: Fleet heartbeat updated
[2026-07-11 10:14:57] 🔹 SYSTEM: Fleet heartbeat updated
[2026-07-11 10:15:58] 🔹 SYSTEM: Fleet heartbeat updated
[2026-07-11 10:16:59] 🔹 SYSTEM: Fleet heartbeat updated
[2026-07-11 10:18:00] 🔹 SYSTEM: Fleet heartbeat updated
[2026-07-11 10:19:01] 🔹 SYSTEM: Fleet heartbeat updated
[2026-07-11 10:20:02] 🔹 SYSTEM: Fleet heartbeat updated
[2026-07-11 10:21:03] 🔹 SYSTEM: Fleet heartbeat updated
[2026-07-11 10:22:05] 🔹 SYSTEM: Fleet heartbeat updated
[2026-07-11 10:23:06] 🔹 SYSTEM: Fleet heartbeat updated
[2026-07-11 10:23:57] 🔹 SYSTEM: Status check — Pending: 0, Running: 0
[2026-07-11 10:24:08] 🔹 SYSTEM: Fleet heartbeat updated
[2026-07-11 10:25:09] 🔹 SYSTEM: Fleet heartbeat updated
[2026-07-11 10:26:10] 🔹 SYSTEM: Fleet heartbeat updated
[2026-07-11 10:27:11] 🔹 SYSTEM: Fleet heartbeat updated
[2026-07-11 10:28:12] 🔹 SYSTEM: Fleet heartbeat updated
[2026-07-11 10:29:14] 🔹 SYSTEM: Fleet heartbeat updated
[2026-07-11 10:30:15] 🔹 SYSTEM: Fleet heartbeat updated
[2026-07-11 10:31:16] 🔹 SYSTEM: Fleet heartbeat updated
[2026-07-11 10:32:17] 🔹 SYSTEM: Fleet heartbeat updated
[2026-07-11 10:33:18] 🔹 SYSTEM: Fleet heartbeat updated
[2026-07-11 10:34:09] 🔹 SYSTEM: Status check — Pending: 0, Running: 0
[2026-07-11 10:34:20] 🔹 SYSTEM: Fleet heartbeat updated
[2026-07-11 10:35:21] 🔹 SYSTEM: Fleet heartbeat updated
[2026-07-11 10:36:22] 🔹 SYSTEM: Fleet heartbeat updated
[2026-07-11 10:37:23] 🔹 SYSTEM: Fleet heartbeat updated
[2026-07-11 10:38:24] 🔹 SYSTEM: Fleet heartbeat updated
[2026-07-11 10:39:25] 🔹 SYSTEM: Fleet heartbeat updated
[2026-07-11 10:40:27] 🔹 SYSTEM: Fleet heartbeat updated
[2026-07-11 10:41:28] 🔹 SYSTEM: Fleet heartbeat updated
[2026-07-11 10:42:30] 🔹 SYSTEM: Fleet heartbeat updated
[2026-07-11 10:43:31] 🔹 SYSTEM: Fleet heartbeat updated
[2026-07-11 10:44:22] 🔹 SYSTEM: Status check — Pending: 0, Running: 0
[2026-07-11 10:44:32] 🔹 SYSTEM: Fleet heartbeat updated
[2026-07-11 10:45:33] 🔹 SYSTEM: Fleet heartbeat updated
[2026-07-11 10:46:34] 🔹 SYSTEM: Fleet heartbeat updated
[2026-07-11 10:47:36] 🔹 SYSTEM: Fleet heartbeat updated
[2026-07-11 10:48:37] 🔹 SYSTEM: Fleet heartbeat updated
[2026-07-11 10:49:38] 🔹 SYSTEM: Fleet heartbeat updated
[2026-07-11 10:50:39] 🔹 SYSTEM: Fleet heartbeat updated
[2026-07-11 10:51:40] 🔹 SYSTEM: Fleet heartbeat updated
[2026-07-11 10:52:41] 🔹 SYSTEM: Fleet heartbeat updated
[2026-07-11 10:53:43] 🔹 SYSTEM: Fleet heartbeat updated
[2026-07-11 10:54:33] 🔹 SYSTEM: Status check — Pending: 0, Running: 0
[2026-07-11 10:54:44] 🔹 SYSTEM: Fleet heartbeat updated
[2026-07-11 10:55:45] 🔹 SYSTEM: Fleet heartbeat updated
[2026-07-11 10:56:46] 🔹 SYSTEM: Fleet heartbeat updated
[2026-07-11 10:57:47] 🔹 SYSTEM: Fleet heartbeat updated
[2026-07-11 10:58:49] 🔹 SYSTEM: Fleet heartbeat updated
[2026-07-11 10:59:50] 🔹 SYSTEM: Fleet heartbeat updated
[2026-07-11 11:00:51] 🔹 SYSTEM: Fleet heartbeat updated
[2026-07-11 11:01:52] 🔹 SYSTEM: Fleet heartbeat updated
[2026-07-11 11:02:54] 🔹 SYSTEM: Fleet heartbeat updated
[2026-07-11 11:03:55] 🔹 SYSTEM: Fleet heartbeat updated
[2026-07-11 11:04:46] 🔹 SYSTEM: Status check — Pending: 0, Running: 0
[2026-07-11 11:04:56] 🔹 SYSTEM: Fleet heartbeat updated
[2026-07-11 11:05:57] 🔹 SYSTEM: Fleet heartbeat updated
[2026-07-11 11:06:58] 🔹 SYSTEM: Fleet heartbeat updated
[2026-07-11 11:08:00] 🔹 SYSTEM: Fleet heartbeat updated
[2026-07-11 11:09:01] 🔹 SYSTEM: Fleet heartbeat updated
[2026-07-11 11:10:02] 🔹 SYSTEM: Fleet heartbeat updated
[2026-07-11 11:11:03] 🔹 SYSTEM: Fleet heartbeat updated
[2026-07-11 11:12:05] 🔹 SYSTEM: Fleet heartbeat updated
[2026-07-11 11:13:06] 🔹 SYSTEM: Fleet heartbeat updated
[2026-07-11 11:14:07] 🔹 SYSTEM: Fleet heartbeat updated
[2026-07-11 11:14:58] 🔹 SYSTEM: Status check — Pending: 0, Running: 0
[2026-07-11 11:15:08] 🔹 SYSTEM: Fleet heartbeat updated
[2026-07-11 11:16:10] 🔹 SYSTEM: Fleet heartbeat updated
[2026-07-11 11:17:11] 🔹 SYSTEM: Fleet heartbeat updated
[2026-07-11 11:18:12] 🔹 SYSTEM: Fleet heartbeat updated
[2026-07-11 11:19:13] 🔹 SYSTEM: Fleet heartbeat updated
[2026-07-11 11:20:14] 🔹 SYSTEM: Fleet heartbeat updated
[2026-07-11 11:21:16] 🔹 SYSTEM: Fleet heartbeat updated
[2026-07-11 11:22:17] 🔹 SYSTEM: Fleet heartbeat updated
[2026-07-11 11:23:18] 🔹 SYSTEM: Fleet heartbeat updated
[2026-07-11 11:24:19] 🔹 SYSTEM: Fleet heartbeat updated
[2026-07-11 11:25:10] 🔹 SYSTEM: Status check — Pending: 0, Running: 0
[2026-07-11 11:25:20] 🔹 SYSTEM: Fleet heartbeat updated
[2026-07-11 11:26:22] 🔹 SYSTEM: Fleet heartbeat updated
[2026-07-11 11:27:23] 🔹 SYSTEM: Fleet heartbeat updated
[2026-07-11 11:28:24] 🔹 SYSTEM: Fleet heartbeat updated
[2026-07-11 11:29:25] 🔹 SYSTEM: Fleet heartbeat updated
[2026-07-11 11:30:27] 🔹 SYSTEM: Fleet heartbeat updated
[2026-07-11 11:31:28] 🔹 SYSTEM: Fleet heartbeat updated
[2026-07-11 11:32:29] 🔹 SYSTEM: Fleet heartbeat updated
[2026-07-11 11:33:31] 🔹 SYSTEM: Fleet heartbeat updated
[2026-07-11 11:34:32] 🔹 SYSTEM: Fleet heartbeat updated
[2026-07-11 11:35:23] 🔹 SYSTEM: Status check — Pending: 0, Running: 0
[2026-07-11 11:35:33] 🔹 SYSTEM: Fleet heartbeat updated
[2026-07-11 11:36:34] 🔹 SYSTEM: Fleet heartbeat updated
[2026-07-11 11:37:36] 🔹 SYSTEM: Fleet heartbeat updated
[2026-07-11 11:38:36] 🔹 SYSTEM: Fleet heartbeat updated
[2026-07-11 11:39:37] 🔹 SYSTEM: Fleet heartbeat updated
[2026-07-11 11:40:38] 🔹 SYSTEM: Fleet heartbeat updated
[2026-07-11 11:41:39] 🔹 SYSTEM: Fleet heartbeat updated
[2026-07-11 11:42:40] 🔹 SYSTEM: Fleet heartbeat updated
[2026-07-11 11:43:41] 🔹 SYSTEM: Fleet heartbeat updated
[2026-07-11 11:44:42] 🔹 SYSTEM: Fleet heartbeat updated
[2026-07-11 11:45:32] 🔹 SYSTEM: Status check — Pending: 0, Running: 0
[2026-07-11 11:45:43] 🔹 SYSTEM: Fleet heartbeat updated
[2026-07-11 11:46:44] 🔹 SYSTEM: Fleet heartbeat updated
[2026-07-11 11:47:44] 🔹 SYSTEM: Fleet heartbeat updated
[2026-07-11 11:48:45] 🔹 SYSTEM: Fleet heartbeat updated
[2026-07-11 11:49:46] 🔹 SYSTEM: Fleet heartbeat updated
[2026-07-11 11:50:47] 🔹 SYSTEM: Fleet heartbeat updated
[2026-07-11 11:51:48] 🔹 SYSTEM: Fleet heartbeat updated
[2026-07-11 11:52:50] 🔹 SYSTEM: Fleet heartbeat updated
[2026-07-11 11:53:51] 🔹 SYSTEM: Fleet heartbeat updated
[2026-07-11 11:54:52] 🔹 SYSTEM: Fleet heartbeat updated
[2026-07-11 11:55:43] 🔹 SYSTEM: Status check — Pending: 0, Running: 0
[2026-07-11 11:55:53] 🔹 SYSTEM: Fleet heartbeat updated
[2026-07-11 11:56:54] 🔹 SYSTEM: Fleet heartbeat updated
[2026-07-11 11:57:55] 🔹 SYSTEM: Fleet heartbeat updated
[2026-07-11 11:58:56] 🔹 SYSTEM: Fleet heartbeat updated
[2026-07-11 11:59:57] 🔹 SYSTEM: Fleet heartbeat updated
[2026-07-11 12:00:58] 🔹 SYSTEM: Fleet heartbeat updated
[2026-07-11 12:01:59] 🔹 SYSTEM: Fleet heartbeat updated
[2026-07-11 12:02:59] 🔹 SYSTEM: Fleet heartbeat updated
[2026-07-11 12:04:00] 🔹 SYSTEM: Fleet heartbeat updated
[2026-07-11 12:05:01] 🔹 SYSTEM: Fleet heartbeat updated
[2026-07-11 12:05:52] 🔹 SYSTEM: Status check — Pending: 0, Running: 0
[2026-07-11 12:06:02] 🔹 SYSTEM: Fleet heartbeat updated
[2026-07-11 12:07:03] 🔹 SYSTEM: Fleet heartbeat updated
[2026-07-11 12:08:04] 🔹 SYSTEM: Fleet heartbeat updated
[2026-07-11 12:09:05] 🔹 SYSTEM: Fleet heartbeat updated
[2026-07-11 12:10:06] 🔹 SYSTEM: Fleet heartbeat updated
[2026-07-11 12:11:07] 🔹 SYSTEM: Fleet heartbeat updated
[2026-07-11 12:12:08] 🔹 SYSTEM: Fleet heartbeat updated
[2026-07-11 12:13:09] 🔹 SYSTEM: Fleet heartbeat updated
[2026-07-11 12:14:10] 🔹 SYSTEM: Fleet heartbeat updated
[2026-07-11 12:15:11] 🔹 SYSTEM: Fleet heartbeat updated
[2026-07-11 12:16:01] 🔹 SYSTEM: Status check — Pending: 0, Running: 0
[2026-07-11 12:16:11] 🔹 SYSTEM: Fleet heartbeat updated
[2026-07-11 12:17:12] 🔹 SYSTEM: Fleet heartbeat updated
[2026-07-11 12:18:13] 🔹 SYSTEM: Fleet heartbeat updated
[2026-07-11 12:19:14] 🔹 SYSTEM: Fleet heartbeat updated
[2026-07-11 12:20:15] 🔹 SYSTEM: Fleet heartbeat updated
[2026-07-11 12:21:16] 🔹 SYSTEM: Fleet heartbeat updated
[2026-07-11 12:22:17] 🔹 SYSTEM: Fleet heartbeat updated
[2026-07-11 12:23:18] 🔹 SYSTEM: Fleet heartbeat updated
[2026-07-11 12:24:19] 🔹 SYSTEM: Fleet heartbeat updated
[2026-07-11 12:25:19] 🔹 SYSTEM: Fleet heartbeat updated
[2026-07-11 12:26:10] 🔹 SYSTEM: Status check — Pending: 0, Running: 0
[2026-07-11 12:26:20] 🔹 SYSTEM: Fleet heartbeat updated
[2026-07-11 12:27:21] 🔹 SYSTEM: Fleet heartbeat updated
[2026-07-11 12:28:22] 🔹 SYSTEM: Fleet heartbeat updated
[2026-07-11 12:29:24] 🔹 SYSTEM: Fleet heartbeat updated
[2026-07-11 12:30:25] 🔹 SYSTEM: Fleet heartbeat updated
[2026-07-11 12:31:25] 🔹 SYSTEM: Fleet heartbeat updated
[2026-07-11 12:32:26] 🔹 SYSTEM: Fleet heartbeat updated
[2026-07-11 12:33:27] 🔹 SYSTEM: Fleet heartbeat updated
[2026-07-11 12:34:31] 🔹 SYSTEM: Fleet heartbeat updated
[2026-07-11 12:35:32] 🔹 SYSTEM: Fleet heartbeat updated
[2026-07-11 12:36:22] 🔹 SYSTEM: Status check — Pending: 0, Running: 0
[2026-07-11 12:36:33] 🔹 SYSTEM: Fleet heartbeat updated
[2026-07-11 12:37:33] 🔹 SYSTEM: Fleet heartbeat updated
[2026-07-11 12:38:34] 🔹 SYSTEM: Fleet heartbeat updated
[2026-07-11 12:39:35] 🔹 SYSTEM: Fleet heartbeat updated
[2026-07-11 12:40:36] 🔹 SYSTEM: Fleet heartbeat updated
[2026-07-11 12:41:37] 🔹 SYSTEM: Fleet heartbeat updated
[2026-07-11 12:42:38] 🔹 SYSTEM: Fleet heartbeat updated
[2026-07-11 12:43:39] 🔹 SYSTEM: Fleet heartbeat updated
[2026-07-11 12:44:40] 🔹 SYSTEM: Fleet heartbeat updated
[2026-07-11 12:45:41] 🔹 SYSTEM: Fleet heartbeat updated
[2026-07-11 12:46:31] 🔹 SYSTEM: Status check — Pending: 0, Running: 0
[2026-07-11 12:46:42] 🔹 SYSTEM: Fleet heartbeat updated
[2026-07-11 12:47:42] 🔹 SYSTEM: Fleet heartbeat updated
[2026-07-11 12:48:43] 🔹 SYSTEM: Fleet heartbeat updated
[2026-07-11 12:49:44] 🔹 SYSTEM: Fleet heartbeat updated
[2026-07-11 12:50:45] 🔹 SYSTEM: Fleet heartbeat updated
[2026-07-11 12:51:46] 🔹 SYSTEM: Fleet heartbeat updated
[2026-07-11 12:52:47] 🔹 SYSTEM: Fleet heartbeat updated
[2026-07-11 12:53:48] 🔹 SYSTEM: Fleet heartbeat updated
[2026-07-11 12:54:49] 🔹 SYSTEM: Fleet heartbeat updated
[2026-07-11 12:55:49] 🔹 SYSTEM: Fleet heartbeat updated
[2026-07-11 12:56:40] 🔹 SYSTEM: Status check — Pending: 0, Running: 0
[2026-07-11 12:56:50] 🔹 SYSTEM: Fleet heartbeat updated
[2026-07-11 12:57:51] 🔹 SYSTEM: Fleet heartbeat updated
[2026-07-11 12:58:52] 🔹 SYSTEM: Fleet heartbeat updated
[2026-07-11 12:59:53] 🔹 SYSTEM: Fleet heartbeat updated
[2026-07-11 13:00:54] 🔹 SYSTEM: Fleet heartbeat updated
[2026-07-11 13:01:55] 🔹 SYSTEM: Fleet heartbeat updated
[2026-07-11 13:02:55] 🔹 SYSTEM: Fleet heartbeat updated
[2026-07-11 13:03:56] 🔹 SYSTEM: Fleet heartbeat updated
[2026-07-11 13:04:57] 🔹 SYSTEM: Fleet heartbeat updated
[2026-07-11 13:05:58] 🔹 SYSTEM: Fleet heartbeat updated
[2026-07-11 13:06:49] 🔹 SYSTEM: Status check — Pending: 0, Running: 0
[2026-07-11 13:06:59] 🔹 SYSTEM: Fleet heartbeat updated
[2026-07-11 13:08:00] 🔹 SYSTEM: Fleet heartbeat updated
[2026-07-11 13:09:01] 🔹 SYSTEM: Fleet heartbeat updated
[2026-07-11 13:10:02] 🔹 SYSTEM: Fleet heartbeat updated
[2026-07-11 13:11:02] 🔹 SYSTEM: Fleet heartbeat updated
[2026-07-11 13:12:03] 🔹 SYSTEM: Fleet heartbeat updated
[2026-07-11 13:13:04] 🔹 SYSTEM: Fleet heartbeat updated
[2026-07-11 13:14:05] 🔹 SYSTEM: Fleet heartbeat updated
[2026-07-11 13:15:06] 🔹 SYSTEM: Fleet heartbeat updated
[2026-07-11 13:16:07] 🔹 SYSTEM: Fleet heartbeat updated
[2026-07-11 13:16:57] 🔹 SYSTEM: Status check — Pending: 0, Running: 0
[2026-07-11 13:17:08] 🔹 SYSTEM: Fleet heartbeat updated
[2026-07-11 13:18:08] 🔹 SYSTEM: Fleet heartbeat updated
[2026-07-11 13:19:09] 🔹 SYSTEM: Fleet heartbeat updated
[2026-07-11 13:20:10] 🔹 SYSTEM: Fleet heartbeat updated
[2026-07-11 13:21:11] 🔹 SYSTEM: Fleet heartbeat updated
[2026-07-11 13:22:12] 🔹 SYSTEM: Fleet heartbeat updated
[2026-07-11 13:23:13] 🔹 SYSTEM: Fleet heartbeat updated
[2026-07-11 13:24:14] 🔹 SYSTEM: Fleet heartbeat updated
[2026-07-11 13:25:15] 🔹 SYSTEM: Fleet heartbeat updated
[2026-07-11 13:26:16] 🔹 SYSTEM: Fleet heartbeat updated
[2026-07-11 13:27:11] 🔹 SYSTEM: Status check — Pending: 0, Running: 0
[2026-07-11 13:27:21] 🔹 SYSTEM: Fleet heartbeat updated
[2026-07-11 13:28:22] 🔹 SYSTEM: Fleet heartbeat updated
[2026-07-11 13:29:23] 🔹 SYSTEM: Fleet heartbeat updated
[2026-07-11 13:30:24] 🔹 SYSTEM: Fleet heartbeat updated
[2026-07-11 13:31:25] 🔹 SYSTEM: Fleet heartbeat updated
[2026-07-11 13:32:26] 🔹 SYSTEM: Fleet heartbeat updated
[2026-07-11 13:33:28] 🔹 SYSTEM: Fleet heartbeat updated
[2026-07-11 13:34:29] 🔹 SYSTEM: Fleet heartbeat updated
[2026-07-11 13:35:30] 🔹 SYSTEM: Fleet heartbeat updated
[2026-07-11 13:36:30] 🔹 SYSTEM: Fleet heartbeat updated
[2026-07-11 13:37:21] 🔹 SYSTEM: Status check — Pending: 0, Running: 0
[2026-07-11 13:37:31] 🔹 SYSTEM: Fleet heartbeat updated
[2026-07-11 13:38:32] 🔹 SYSTEM: Fleet heartbeat updated
[2026-07-11 13:39:33] 🔹 SYSTEM: Fleet heartbeat updated
[2026-07-11 13:40:34] 🔹 SYSTEM: Fleet heartbeat updated
[2026-07-11 13:41:35] 🔹 SYSTEM: Fleet heartbeat updated
[2026-07-11 13:42:36] 🔹 SYSTEM: Fleet heartbeat updated
[2026-07-11 13:43:37] 🔹 SYSTEM: Fleet heartbeat updated
[2026-07-11 13:44:38] 🔹 SYSTEM: Fleet heartbeat updated
[2026-07-11 13:45:39] 🔹 SYSTEM: Fleet heartbeat updated
[2026-07-11 13:46:40] 🔹 SYSTEM: Fleet heartbeat updated
[2026-07-11 13:47:30] 🔹 SYSTEM: Status check — Pending: 0, Running: 0
[2026-07-11 13:47:41] 🔹 SYSTEM: Fleet heartbeat updated
[2026-07-11 13:48:42] 🔹 SYSTEM: Fleet heartbeat updated
[2026-07-11 13:49:42] 🔹 SYSTEM: Fleet heartbeat updated
[2026-07-11 13:50:43] 🔹 SYSTEM: Fleet heartbeat updated
[2026-07-11 13:51:45] 🔹 SYSTEM: Fleet heartbeat updated
[2026-07-11 13:52:46] 🔹 SYSTEM: Fleet heartbeat updated
[2026-07-11 13:53:47] 🔹 SYSTEM: Fleet heartbeat updated
[2026-07-11 13:54:49] 🔹 SYSTEM: Fleet heartbeat updated
[2026-07-11 13:55:50] 🔹 SYSTEM: Fleet heartbeat updated
[2026-07-11 13:56:51] 🔹 SYSTEM: Fleet heartbeat updated
[2026-07-11 13:57:43] 🔹 SYSTEM: Status check — Pending: 0, Running: 0
[2026-07-11 13:57:53] 🔹 SYSTEM: Fleet heartbeat updated
[2026-07-11 13:58:54] 🔹 SYSTEM: Fleet heartbeat updated
[2026-07-11 13:59:55] 🔹 SYSTEM: Fleet heartbeat updated
[2026-07-11 14:00:57] 🔹 SYSTEM: Fleet heartbeat updated
[2026-07-11 14:01:58] 🔹 SYSTEM: Fleet heartbeat updated
[2026-07-11 14:02:59] 🔹 SYSTEM: Fleet heartbeat updated
[2026-07-11 14:04:01] 🔹 SYSTEM: Fleet heartbeat updated
[2026-07-11 14:05:02] 🔹 SYSTEM: Fleet heartbeat updated
[2026-07-11 14:06:03] 🔹 SYSTEM: Fleet heartbeat updated
[2026-07-11 14:07:05] 🔹 SYSTEM: Fleet heartbeat updated
[2026-07-11 14:07:56] 🔹 SYSTEM: Status check — Pending: 0, Running: 0
[2026-07-11 14:08:06] 🔹 SYSTEM: Fleet heartbeat updated
[2026-07-11 14:09:07] 🔹 SYSTEM: Fleet heartbeat updated
[2026-07-11 14:10:09] 🔹 SYSTEM: Fleet heartbeat updated
[2026-07-11 14:11:10] 🔹 SYSTEM: Fleet heartbeat updated
[2026-07-11 14:12:11] 🔹 SYSTEM: Fleet heartbeat updated
[2026-07-11 14:13:12] 🔹 SYSTEM: Fleet heartbeat updated
[2026-07-11 14:14:14] 🔹 SYSTEM: Fleet heartbeat updated
[2026-07-11 14:15:14] 🔹 SYSTEM: Fleet heartbeat updated
[2026-07-11 14:16:15] 🔹 SYSTEM: Fleet heartbeat updated
[2026-07-11 14:17:16] 🔹 SYSTEM: Fleet heartbeat updated
[2026-07-11 14:18:07] 🔹 SYSTEM: Status check — Pending: 0, Running: 0
[2026-07-11 14:18:17] 🔹 SYSTEM: Fleet heartbeat updated
[2026-07-11 14:19:18] 🔹 SYSTEM: Fleet heartbeat updated
[2026-07-11 14:20:19] 🔹 SYSTEM: Fleet heartbeat updated
[2026-07-11 14:21:20] 🔹 SYSTEM: Fleet heartbeat updated
[2026-07-11 14:22:21] 🔹 SYSTEM: Fleet heartbeat updated
[2026-07-11 14:23:22] 🔹 SYSTEM: Fleet heartbeat updated
[2026-07-11 14:24:23] 🔹 SYSTEM: Fleet heartbeat updated
[2026-07-11 14:25:24] 🔹 SYSTEM: Fleet heartbeat updated
[2026-07-11 14:26:25] 🔹 SYSTEM: Fleet heartbeat updated
[2026-07-11 14:27:26] 🔹 SYSTEM: Fleet heartbeat updated
[2026-07-11 14:28:17] 🔹 SYSTEM: Status check — Pending: 0, Running: 0
[2026-07-11 14:28:27] 🔹 SYSTEM: Fleet heartbeat updated
[2026-07-11 14:29:28] 🔹 SYSTEM: Fleet heartbeat updated
[2026-07-11 14:30:28] 🔹 SYSTEM: Fleet heartbeat updated
[2026-07-11 14:31:29] 🔹 SYSTEM: Fleet heartbeat updated
[2026-07-11 14:32:30] 🔹 SYSTEM: Fleet heartbeat updated
[2026-07-11 14:33:32] 🔹 SYSTEM: Fleet heartbeat updated
[2026-07-11 14:34:33] 🔹 SYSTEM: Fleet heartbeat updated
[2026-07-11 14:35:34] 🔹 SYSTEM: Fleet heartbeat updated
[2026-07-11 14:36:35] 🔹 SYSTEM: Fleet heartbeat updated
[2026-07-11 14:37:36] 🔹 SYSTEM: Fleet heartbeat updated
[2026-07-11 14:38:26] 🔹 SYSTEM: Status check — Pending: 0, Running: 0
[2026-07-11 14:38:37] 🔹 SYSTEM: Fleet heartbeat updated
[2026-07-11 14:39:37] 🔹 SYSTEM: Fleet heartbeat updated
[2026-07-11 14:40:38] 🔹 SYSTEM: Fleet heartbeat updated
[2026-07-11 14:41:40] 🔹 SYSTEM: Fleet heartbeat updated
[2026-07-11 14:42:40] 🔹 SYSTEM: Fleet heartbeat updated
[2026-07-11 14:43:41] 🔹 SYSTEM: Fleet heartbeat updated
[2026-07-11 14:44:42] 🔹 SYSTEM: Fleet heartbeat updated
[2026-07-11 14:45:43] 🔹 SYSTEM: Fleet heartbeat updated
[2026-07-11 14:46:44] 🔹 SYSTEM: Fleet heartbeat updated
[2026-07-11 14:47:45] 🔹 SYSTEM: Fleet heartbeat updated
[2026-07-11 14:48:36] 🔹 SYSTEM: Status check — Pending: 0, Running: 0
[2026-07-11 14:48:46] 🔹 SYSTEM: Fleet heartbeat updated
[2026-07-11 14:49:47] 🔹 SYSTEM: Fleet heartbeat updated
[2026-07-11 14:50:48] 🔹 SYSTEM: Fleet heartbeat updated
[2026-07-11 14:51:49] 🔹 SYSTEM: Fleet heartbeat updated
[2026-07-11 14:52:49] 🔹 SYSTEM: Fleet heartbeat updated
[2026-07-11 14:53:50] 🔹 SYSTEM: Fleet heartbeat updated
[2026-07-11 14:54:51] 🔹 SYSTEM: Fleet heartbeat updated
[2026-07-11 14:55:52] 🔹 SYSTEM: Fleet heartbeat updated
[2026-07-11 14:56:53] 🔹 SYSTEM: Fleet heartbeat updated
[2026-07-11 14:57:54] 🔹 SYSTEM: Fleet heartbeat updated
[2026-07-11 14:58:45] 🔹 SYSTEM: Status check — Pending: 0, Running: 0
[2026-07-11 14:58:55] 🔹 SYSTEM: Fleet heartbeat updated
[2026-07-11 14:59:56] 🔹 SYSTEM: Fleet heartbeat updated
[2026-07-11 15:00:57] 🔹 SYSTEM: Fleet heartbeat updated
[2026-07-11 15:01:58] 🔹 SYSTEM: Fleet heartbeat updated
[2026-07-11 15:02:59] 🔹 SYSTEM: Fleet heartbeat updated
[2026-07-11 15:04:00] 🔹 SYSTEM: Fleet heartbeat updated
[2026-07-11 15:05:02] 🔹 SYSTEM: Fleet heartbeat updated
[2026-07-11 15:06:03] 🔹 SYSTEM: Fleet heartbeat updated
[2026-07-11 15:07:04] 🔹 SYSTEM: Fleet heartbeat updated
[2026-07-11 15:08:04] 🔹 SYSTEM: Fleet heartbeat updated
[2026-07-11 15:08:55] 🔹 SYSTEM: Status check — Pending: 0, Running: 0
[2026-07-11 15:09:05] 🔹 SYSTEM: Fleet heartbeat updated
[2026-07-11 15:10:06] 🔹 SYSTEM: Fleet heartbeat updated
[2026-07-11 15:11:07] 🔹 SYSTEM: Fleet heartbeat updated
[2026-07-11 15:12:08] 🔹 SYSTEM: Fleet heartbeat updated
[2026-07-11 15:13:09] 🔹 SYSTEM: Fleet heartbeat updated
[2026-07-11 15:14:10] 🔹 SYSTEM: Fleet heartbeat updated
[2026-07-11 15:15:11] 🔹 SYSTEM: Fleet heartbeat updated
[2026-07-11 15:16:12] 🔹 SYSTEM: Fleet heartbeat updated
[2026-07-11 15:17:13] 🔹 SYSTEM: Fleet heartbeat updated
[2026-07-11 15:18:14] 🔹 SYSTEM: Fleet heartbeat updated
[2026-07-11 15:19:04] 🔹 SYSTEM: Status check — Pending: 0, Running: 0
[2026-07-11 15:19:15] 🔹 SYSTEM: Fleet heartbeat updated
[2026-07-11 15:20:16] 🔹 SYSTEM: Fleet heartbeat updated
[2026-07-11 15:21:17] 🔹 SYSTEM: Fleet heartbeat updated
[2026-07-11 15:22:18] 🔹 SYSTEM: Fleet heartbeat updated
[2026-07-11 15:23:19] 🔹 SYSTEM: Fleet heartbeat updated
[2026-07-11 15:24:20] 🔹 SYSTEM: Fleet heartbeat updated
[2026-07-11 15:25:21] 🔹 SYSTEM: Fleet heartbeat updated
[2026-07-11 15:26:22] 🔹 SYSTEM: Fleet heartbeat updated
[2026-07-11 15:27:23] 🔹 SYSTEM: Fleet heartbeat updated
[2026-07-11 15:28:24] 🔹 SYSTEM: Fleet heartbeat updated
[2026-07-11 15:29:15] 🔹 SYSTEM: Status check — Pending: 0, Running: 0
[2026-07-11 15:29:26] 🔹 SYSTEM: Fleet heartbeat updated
[2026-07-11 15:30:26] 🔹 SYSTEM: Fleet heartbeat updated
[2026-07-11 15:31:27] 🔹 SYSTEM: Fleet heartbeat updated
[2026-07-11 15:32:28] 🔹 SYSTEM: Fleet heartbeat updated
[2026-07-11 15:33:29] 🔹 SYSTEM: Fleet heartbeat updated
[2026-07-11 15:34:30] 🔹 SYSTEM: Fleet heartbeat updated
[2026-07-11 15:35:31] 🔹 SYSTEM: Fleet heartbeat updated
[2026-07-11 15:36:32] 🔹 SYSTEM: Fleet heartbeat updated
[2026-07-11 15:37:33] 🔹 SYSTEM: Fleet heartbeat updated
[2026-07-11 15:38:34] 🔹 SYSTEM: Fleet heartbeat updated
[2026-07-11 15:39:25] 🔹 SYSTEM: Status check — Pending: 0, Running: 0
[2026-07-11 15:39:35] 🔹 SYSTEM: Fleet heartbeat updated
[2026-07-11 15:40:36] 🔹 SYSTEM: Fleet heartbeat updated
[2026-07-11 15:41:37] 🔹 SYSTEM: Fleet heartbeat updated
[2026-07-11 15:42:37] 🔹 SYSTEM: Fleet heartbeat updated
[2026-07-11 15:43:38] 🔹 SYSTEM: Fleet heartbeat updated
[2026-07-11 15:44:39] 🔹 SYSTEM: Fleet heartbeat updated
[2026-07-11 15:45:40] 🔹 SYSTEM: Fleet heartbeat updated
[2026-07-11 15:46:41] 🔹 SYSTEM: Fleet heartbeat updated
[2026-07-11 15:47:42] 🔹 SYSTEM: Fleet heartbeat updated
[2026-07-11 15:48:43] 🔹 SYSTEM: Fleet heartbeat updated
[2026-07-11 15:49:33] 🔹 SYSTEM: Status check — Pending: 0, Running: 0
[2026-07-11 15:49:44] 🔹 SYSTEM: Fleet heartbeat updated
[2026-07-11 15:50:45] 🔹 SYSTEM: Fleet heartbeat updated
[2026-07-11 15:51:46] 🔹 SYSTEM: Fleet heartbeat updated
[2026-07-11 15:52:47] 🔹 SYSTEM: Fleet heartbeat updated
[2026-07-11 15:53:48] 🔹 SYSTEM: Fleet heartbeat updated
[2026-07-11 15:54:48] 🔹 SYSTEM: Fleet heartbeat updated
[2026-07-11 15:55:50] 🔹 SYSTEM: Fleet heartbeat updated
[2026-07-11 15:56:51] 🔹 SYSTEM: Fleet heartbeat updated
[2026-07-11 15:57:52] 🔹 SYSTEM: Fleet heartbeat updated
[2026-07-11 15:58:54] 🔹 SYSTEM: Fleet heartbeat updated
[2026-07-11 15:59:45] 🔹 SYSTEM: Status check — Pending: 0, Running: 0
[2026-07-11 15:59:55] 🔹 SYSTEM: Fleet heartbeat updated
[2026-07-11 16:00:56] 🔹 SYSTEM: Fleet heartbeat updated
[2026-07-11 16:01:57] 🔹 SYSTEM: Fleet heartbeat updated
[2026-07-11 16:02:59] 🔹 SYSTEM: Fleet heartbeat updated
[2026-07-11 16:03:59] 🔹 SYSTEM: Fleet heartbeat updated
[2026-07-11 16:05:00] 🔹 SYSTEM: Fleet heartbeat updated
[2026-07-11 16:06:01] 🔹 SYSTEM: Fleet heartbeat updated
[2026-07-11 16:07:02] 🔹 SYSTEM: Fleet heartbeat updated
[2026-07-11 16:08:03] 🔹 SYSTEM: Fleet heartbeat updated
[2026-07-11 16:09:04] 🔹 SYSTEM: Fleet heartbeat updated
[2026-07-11 16:09:55] 🔹 SYSTEM: Status check — Pending: 0, Running: 0
[2026-07-11 16:10:06] 🔹 SYSTEM: Fleet heartbeat updated
[2026-07-11 16:11:07] 🔹 SYSTEM: Fleet heartbeat updated
[2026-07-11 16:12:09] 🔹 SYSTEM: Fleet heartbeat updated
[2026-07-11 16:13:10] 🔹 SYSTEM: Fleet heartbeat updated
[2026-07-11 16:14:11] 🔹 SYSTEM: Fleet heartbeat updated
[2026-07-11 16:15:11] 🔹 SYSTEM: Fleet heartbeat updated
[2026-07-11 16:16:12] 🔹 SYSTEM: Fleet heartbeat updated
[2026-07-11 16:17:14] 🔹 SYSTEM: Fleet heartbeat updated
[2026-07-11 16:18:15] 🔹 SYSTEM: Fleet heartbeat updated
[2026-07-11 16:19:16] 🔹 SYSTEM: Fleet heartbeat updated
[2026-07-11 16:20:06] 🔹 SYSTEM: Status check — Pending: 0, Running: 0
[2026-07-11 16:20:17] 🔹 SYSTEM: Fleet heartbeat updated
[2026-07-11 16:21:17] 🔹 SYSTEM: Fleet heartbeat updated
[2026-07-11 16:22:18] 🔹 SYSTEM: Fleet heartbeat updated
[2026-07-11 16:23:19] 🔹 SYSTEM: Fleet heartbeat updated
[2026-07-11 16:24:20] 🔹 SYSTEM: Fleet heartbeat updated
[2026-07-11 16:25:22] 🔹 SYSTEM: Fleet heartbeat updated
[2026-07-11 16:26:22] 🔹 SYSTEM: Fleet heartbeat updated
[2026-07-11 16:27:24] 🔹 SYSTEM: Fleet heartbeat updated
[2026-07-11 16:28:26] 🔹 SYSTEM: Fleet heartbeat updated
[2026-07-11 16:29:29] 🔹 SYSTEM: Fleet heartbeat updated
[2026-07-11 16:30:20] 🔹 SYSTEM: Status check — Pending: 0, Running: 0
[2026-07-11 16:30:30] 🔹 SYSTEM: Fleet heartbeat updated
[2026-07-11 16:31:31] 🔹 SYSTEM: Fleet heartbeat updated
[2026-07-11 16:32:32] 🔹 SYSTEM: Fleet heartbeat updated
[2026-07-11 16:33:33] 🔹 SYSTEM: Fleet heartbeat updated
[2026-07-11 16:34:34] 🔹 SYSTEM: Fleet heartbeat updated
[2026-07-11 16:35:35] 🔹 SYSTEM: Fleet heartbeat updated
[2026-07-11 16:36:36] 🔹 SYSTEM: Fleet heartbeat updated
[2026-07-11 16:37:37] 🔹 SYSTEM: Fleet heartbeat updated
[2026-07-11 16:38:37] 🔹 SYSTEM: Fleet heartbeat updated
[2026-07-11 16:39:38] 🔹 SYSTEM: Fleet heartbeat updated
[2026-07-11 16:40:30] 🔹 SYSTEM: Status check — Pending: 0, Running: 0
[2026-07-11 16:40:40] 🔹 SYSTEM: Fleet heartbeat updated
[2026-07-11 16:41:41] 🔹 SYSTEM: Fleet heartbeat updated
[2026-07-11 16:42:42] 🔹 SYSTEM: Fleet heartbeat updated
[2026-07-11 16:43:42] 🔹 SYSTEM: Fleet heartbeat updated
[2026-07-11 16:44:43] 🔹 SYSTEM: Fleet heartbeat updated
[2026-07-11 16:45:44] 🔹 SYSTEM: Fleet heartbeat updated
[2026-07-11 16:46:46] 🔹 SYSTEM: Fleet heartbeat updated
[2026-07-11 16:47:47] 🔹 SYSTEM: Fleet heartbeat updated
[2026-07-11 16:48:48] 🔹 SYSTEM: Fleet heartbeat updated
[2026-07-11 16:49:50] 🔹 SYSTEM: Fleet heartbeat updated
[2026-07-11 16:50:40] 🔹 SYSTEM: Status check — Pending: 0, Running: 0
[2026-07-11 16:50:51] 🔹 SYSTEM: Fleet heartbeat updated
[2026-07-11 16:51:52] 🔹 SYSTEM: Fleet heartbeat updated
[2026-07-11 16:52:53] 🔹 SYSTEM: Fleet heartbeat updated
[2026-07-11 16:53:54] 🔹 SYSTEM: Fleet heartbeat updated
[2026-07-11 16:54:55] 🔹 SYSTEM: Fleet heartbeat updated
[2026-07-11 16:55:56] 🔹 SYSTEM: Fleet heartbeat updated
[2026-07-11 16:56:56] 🔹 SYSTEM: Fleet heartbeat updated
[2026-07-11 16:57:58] 🔹 SYSTEM: Fleet heartbeat updated
[2026-07-11 16:58:59] 🔹 SYSTEM: Fleet heartbeat updated
[2026-07-11 16:59:59] 🔹 SYSTEM: Fleet heartbeat updated
[2026-07-11 17:00:50] 🔹 SYSTEM: Status check — Pending: 0, Running: 0
[2026-07-11 17:01:00] 🔹 SYSTEM: Fleet heartbeat updated
[2026-07-11 17:02:01] 🔹 SYSTEM: Fleet heartbeat updated
[2026-07-11 17:03:02] 🔹 SYSTEM: Fleet heartbeat updated
[2026-07-11 17:04:03] 🔹 SYSTEM: Fleet heartbeat updated
[2026-07-11 17:05:05] 🔹 SYSTEM: Fleet heartbeat updated
[2026-07-11 17:06:06] 🔹 SYSTEM: Fleet heartbeat updated
[2026-07-11 17:07:07] 🔹 SYSTEM: Fleet heartbeat updated
[2026-07-11 17:08:08] 🔹 SYSTEM: Fleet heartbeat updated
[2026-07-11 17:09:09] 🔹 SYSTEM: Fleet heartbeat updated
[2026-07-11 17:10:10] 🔹 SYSTEM: Fleet heartbeat updated
[2026-07-11 17:11:01] 🔹 SYSTEM: Status check — Pending: 0, Running: 0
[2026-07-11 17:11:11] 🔹 SYSTEM: Fleet heartbeat updated
[2026-07-11 17:12:12] 🔹 SYSTEM: Fleet heartbeat updated
[2026-07-11 17:13:13] 🔹 SYSTEM: Fleet heartbeat updated
[2026-07-11 17:14:14] 🔹 SYSTEM: Fleet heartbeat updated
[2026-07-11 17:15:15] 🔹 SYSTEM: Fleet heartbeat updated
[2026-07-11 17:16:16] 🔹 SYSTEM: Fleet heartbeat updated
[2026-07-11 17:17:17] 🔹 SYSTEM: Fleet heartbeat updated
[2026-07-11 17:18:18] 🔹 SYSTEM: Fleet heartbeat updated
[2026-07-11 17:19:19] 🔹 SYSTEM: Fleet heartbeat updated
[2026-07-11 17:20:19] 🔹 SYSTEM: Fleet heartbeat updated
[2026-07-11 17:21:10] 🔹 SYSTEM: Status check — Pending: 0, Running: 0
[2026-07-11 17:21:20] 🔹 SYSTEM: Fleet heartbeat updated
[2026-07-11 17:22:21] 🔹 SYSTEM: Fleet heartbeat updated
[2026-07-11 17:23:22] 🔹 SYSTEM: Fleet heartbeat updated
[2026-07-11 17:24:23] 🔹 SYSTEM: Fleet heartbeat updated
[2026-07-11 17:25:24] 🔹 SYSTEM: Fleet heartbeat updated
[2026-07-11 17:26:25] 🔹 SYSTEM: Fleet heartbeat updated
[2026-07-11 17:27:26] 🔹 SYSTEM: Fleet heartbeat updated
[2026-07-11 17:28:27] 🔹 SYSTEM: Fleet heartbeat updated
[2026-07-11 17:29:28] 🔹 SYSTEM: Fleet heartbeat updated
[2026-07-11 17:30:29] 🔹 SYSTEM: Fleet heartbeat updated
[2026-07-11 17:31:20] 🔹 SYSTEM: Status check — Pending: 0, Running: 0
[2026-07-11 17:31:31] 🔹 SYSTEM: Fleet heartbeat updated
[2026-07-11 17:32:32] 🔹 SYSTEM: Fleet heartbeat updated
[2026-07-11 17:33:33] 🔹 SYSTEM: Fleet heartbeat updated
[2026-07-11 17:34:34] 🔹 SYSTEM: Fleet heartbeat updated
[2026-07-11 17:35:35] 🔹 SYSTEM: Fleet heartbeat updated
[2026-07-11 17:36:36] 🔹 SYSTEM: Fleet heartbeat updated
[2026-07-11 17:37:37] 🔹 SYSTEM: Fleet heartbeat updated
[2026-07-11 17:38:39] 🔹 SYSTEM: Fleet heartbeat updated
[2026-07-11 17:39:40] 🔹 SYSTEM: Fleet heartbeat updated
[2026-07-11 17:40:41] 🔹 SYSTEM: Fleet heartbeat updated
[2026-07-11 17:41:31] 🔹 SYSTEM: Status check — Pending: 0, Running: 0
[2026-07-11 17:41:42] 🔹 SYSTEM: Fleet heartbeat updated
[2026-07-11 17:42:43] 🔹 SYSTEM: Fleet heartbeat updated
[2026-07-11 17:43:44] 🔹 SYSTEM: Fleet heartbeat updated
[2026-07-11 17:44:45] 🔹 SYSTEM: Fleet heartbeat updated
[2026-07-11 17:45:47] 🔹 SYSTEM: Fleet heartbeat updated
[2026-07-11 17:46:48] 🔹 SYSTEM: Fleet heartbeat updated
[2026-07-11 17:47:49] 🔹 SYSTEM: Fleet heartbeat updated
[2026-07-11 17:48:51] 🔹 SYSTEM: Fleet heartbeat updated
[2026-07-11 17:49:52] 🔹 SYSTEM: Fleet heartbeat updated
[2026-07-11 17:50:53] 🔹 SYSTEM: Fleet heartbeat updated
[2026-07-11 17:51:44] 🔹 SYSTEM: Status check — Pending: 0, Running: 0
[2026-07-11 17:51:54] 🔹 SYSTEM: Fleet heartbeat updated
[2026-07-11 17:52:55] 🔹 SYSTEM: Fleet heartbeat updated
[2026-07-11 17:53:57] 🔹 SYSTEM: Fleet heartbeat updated
[2026-07-11 17:54:58] 🔹 SYSTEM: Fleet heartbeat updated
[2026-07-11 17:55:59] 🔹 SYSTEM: Fleet heartbeat updated
[2026-07-11 17:57:00] 🔹 SYSTEM: Fleet heartbeat updated
[2026-07-11 17:58:02] 🔹 SYSTEM: Fleet heartbeat updated
[2026-07-11 17:59:03] 🔹 SYSTEM: Fleet heartbeat updated
[2026-07-11 18:00:04] 🔹 SYSTEM: Fleet heartbeat updated
[2026-07-11 18:01:05] 🔹 SYSTEM: Fleet heartbeat updated
[2026-07-11 18:01:56] 🔹 SYSTEM: Status check — Pending: 0, Running: 0
[2026-07-11 18:02:06] 🔹 SYSTEM: Fleet heartbeat updated
[2026-07-11 18:03:08] 🔹 SYSTEM: Fleet heartbeat updated
[2026-07-11 18:04:09] 🔹 SYSTEM: Fleet heartbeat updated
[2026-07-11 18:05:10] 🔹 SYSTEM: Fleet heartbeat updated
[2026-07-11 18:06:11] 🔹 SYSTEM: Fleet heartbeat updated
[2026-07-11 18:07:12] 🔹 SYSTEM: Fleet heartbeat updated
[2026-07-11 18:08:14] 🔹 SYSTEM: Fleet heartbeat updated
[2026-07-11 18:09:15] 🔹 SYSTEM: Fleet heartbeat updated
[2026-07-11 18:10:16] 🔹 SYSTEM: Fleet heartbeat updated
[2026-07-11 18:11:17] 🔹 SYSTEM: Fleet heartbeat updated
[2026-07-11 18:12:08] 🔹 SYSTEM: Status check — Pending: 0, Running: 0
[2026-07-11 18:12:19] 🔹 SYSTEM: Fleet heartbeat updated
[2026-07-11 18:13:20] 🔹 SYSTEM: Fleet heartbeat updated
[2026-07-11 18:14:21] 🔹 SYSTEM: Fleet heartbeat updated
[2026-07-11 18:15:22] 🔹 SYSTEM: Fleet heartbeat updated
[2026-07-11 18:16:24] 🔹 SYSTEM: Fleet heartbeat updated
[2026-07-11 18:17:25] 🔹 SYSTEM: Fleet heartbeat updated
[2026-07-11 18:18:26] 🔹 SYSTEM: Fleet heartbeat updated
[2026-07-11 18:19:27] 🔹 SYSTEM: Fleet heartbeat updated
[2026-07-11 18:20:29] 🔹 SYSTEM: Fleet heartbeat updated
[2026-07-11 18:21:30] 🔹 SYSTEM: Fleet heartbeat updated
[2026-07-11 18:22:21] 🔹 SYSTEM: Status check — Pending: 0, Running: 0
[2026-07-11 18:22:31] 🔹 SYSTEM: Fleet heartbeat updated
[2026-07-11 18:23:32] 🔹 SYSTEM: Fleet heartbeat updated
[2026-07-11 18:24:34] 🔹 SYSTEM: Fleet heartbeat updated
[2026-07-11 18:25:35] 🔹 SYSTEM: Fleet heartbeat updated
[2026-07-11 18:26:36] 🔹 SYSTEM: Fleet heartbeat updated
[2026-07-11 18:27:37] 🔹 SYSTEM: Fleet heartbeat updated
[2026-07-11 18:28:39] 🔹 SYSTEM: Fleet heartbeat updated
[2026-07-11 18:29:40] 🔹 SYSTEM: Fleet heartbeat updated
[2026-07-11 18:30:41] 🔹 SYSTEM: Fleet heartbeat updated
[2026-07-11 18:31:43] 🔹 SYSTEM: Fleet heartbeat updated
[2026-07-11 18:32:34] 🔹 SYSTEM: Status check — Pending: 0, Running: 0
[2026-07-11 18:32:44] 🔹 SYSTEM: Fleet heartbeat updated
[2026-07-11 18:33:45] 🔹 SYSTEM: Fleet heartbeat updated
[2026-07-11 18:34:46] 🔹 SYSTEM: Fleet heartbeat updated
[2026-07-11 18:35:47] 🔹 SYSTEM: Fleet heartbeat updated
[2026-07-11 18:36:49] 🔹 SYSTEM: Fleet heartbeat updated
[2026-07-11 18:37:50] 🔹 SYSTEM: Fleet heartbeat updated
[2026-07-11 18:38:51] 🔹 SYSTEM: Fleet heartbeat updated
[2026-07-11 18:39:52] 🔹 SYSTEM: Fleet heartbeat updated
[2026-07-11 18:40:54] 🔹 SYSTEM: Fleet heartbeat updated
[2026-07-11 18:41:55] 🔹 SYSTEM: Fleet heartbeat updated
[2026-07-11 18:42:46] 🔹 SYSTEM: Status check — Pending: 0, Running: 0
[2026-07-11 18:42:56] 🔹 SYSTEM: Fleet heartbeat updated
[2026-07-11 18:43:58] 🔹 SYSTEM: Fleet heartbeat updated
[2026-07-11 18:44:59] 🔹 SYSTEM: Fleet heartbeat updated
[2026-07-11 18:46:00] 🔹 SYSTEM: Fleet heartbeat updated
[2026-07-11 18:47:01] 🔹 SYSTEM: Fleet heartbeat updated
[2026-07-11 18:48:03] 🔹 SYSTEM: Fleet heartbeat updated
[2026-07-11 18:49:04] 🔹 SYSTEM: Fleet heartbeat updated
[2026-07-11 18:50:05] 🔹 SYSTEM: Fleet heartbeat updated
[2026-07-11 18:51:06] 🔹 SYSTEM: Fleet heartbeat updated
[2026-07-11 18:52:07] 🔹 SYSTEM: Fleet heartbeat updated
[2026-07-11 18:52:58] 🔹 SYSTEM: Status check — Pending: 0, Running: 0
[2026-07-11 18:53:09] 🔹 SYSTEM: Fleet heartbeat updated
[2026-07-11 18:54:10] 🔹 SYSTEM: Fleet heartbeat updated
[2026-07-11 18:55:11] 🔹 SYSTEM: Fleet heartbeat updated
[2026-07-11 18:56:12] 🔹 SYSTEM: Fleet heartbeat updated
[2026-07-11 18:57:14] 🔹 SYSTEM: Fleet heartbeat updated
[2026-07-11 18:58:15] 🔹 SYSTEM: Fleet heartbeat updated
[2026-07-11 18:59:16] 🔹 SYSTEM: Fleet heartbeat updated
[2026-07-11 19:00:18] 🔹 SYSTEM: Fleet heartbeat updated
[2026-07-11 19:01:19] 🔹 SYSTEM: Fleet heartbeat updated
[2026-07-11 19:02:20] 🔹 SYSTEM: Fleet heartbeat updated
[2026-07-11 19:03:11] 🔹 SYSTEM: Status check — Pending: 0, Running: 0
[2026-07-11 19:03:21] 🔹 SYSTEM: Fleet heartbeat updated
[2026-07-11 19:04:22] 🔹 SYSTEM: Fleet heartbeat updated
[2026-07-11 19:05:24] 🔹 SYSTEM: Fleet heartbeat updated
[2026-07-11 19:06:25] 🔹 SYSTEM: Fleet heartbeat updated
[2026-07-11 19:07:26] 🔹 SYSTEM: Fleet heartbeat updated
[2026-07-11 19:08:27] 🔹 SYSTEM: Fleet heartbeat updated
[2026-07-11 19:09:29] 🔹 SYSTEM: Fleet heartbeat updated
[2026-07-11 19:10:30] 🔹 SYSTEM: Fleet heartbeat updated
[2026-07-11 19:11:31] 🔹 SYSTEM: Fleet heartbeat updated
[2026-07-11 19:12:32] 🔹 SYSTEM: Fleet heartbeat updated
[2026-07-11 19:13:23] 🔹 SYSTEM: Status check — Pending: 0, Running: 0
[2026-07-11 19:13:33] 🔹 SYSTEM: Fleet heartbeat updated
[2026-07-11 19:14:35] 🔹 SYSTEM: Fleet heartbeat updated
[2026-07-11 19:15:36] 🔹 SYSTEM: Fleet heartbeat updated
[2026-07-11 19:16:37] 🔹 SYSTEM: Fleet heartbeat updated
[2026-07-11 19:17:38] 🔹 SYSTEM: Fleet heartbeat updated
[2026-07-11 19:18:40] 🔹 SYSTEM: Fleet heartbeat updated
[2026-07-11 19:19:41] 🔹 SYSTEM: Fleet heartbeat updated
[2026-07-11 19:20:42] 🔹 SYSTEM: Fleet heartbeat updated
[2026-07-11 19:21:43] 🔹 SYSTEM: Fleet heartbeat updated
[2026-07-11 19:22:45] 🔹 SYSTEM: Fleet heartbeat updated
[2026-07-11 19:23:36] 🔹 SYSTEM: Status check — Pending: 0, Running: 0
[2026-07-11 19:23:46] 🔹 SYSTEM: Fleet heartbeat updated
[2026-07-11 19:24:47] 🔹 SYSTEM: Fleet heartbeat updated
[2026-07-11 19:25:48] 🔹 SYSTEM: Fleet heartbeat updated
[2026-07-11 19:26:51] 🔹 SYSTEM: Fleet heartbeat updated
[2026-07-11 19:27:52] 🔹 SYSTEM: Fleet heartbeat updated
[2026-07-11 19:28:53] 🔹 SYSTEM: Fleet heartbeat updated
[2026-07-11 19:29:54] 🔹 SYSTEM: Fleet heartbeat updated
[2026-07-11 19:30:55] 🔹 SYSTEM: Fleet heartbeat updated
[2026-07-11 19:31:56] 🔹 SYSTEM: Fleet heartbeat updated
[2026-07-11 19:32:57] 🔹 SYSTEM: Fleet heartbeat updated
[2026-07-11 19:33:48] 🔹 SYSTEM: Status check — Pending: 0, Running: 0
[2026-07-11 19:33:58] 🔹 SYSTEM: Fleet heartbeat updated
[2026-07-11 19:34:59] 🔹 SYSTEM: Fleet heartbeat updated
[2026-07-11 19:36:01] 🔹 SYSTEM: Fleet heartbeat updated
[2026-07-11 19:37:02] 🔹 SYSTEM: Fleet heartbeat updated
[2026-07-11 19:38:03] 🔹 SYSTEM: Fleet heartbeat updated
[2026-07-11 19:39:04] 🔹 SYSTEM: Fleet heartbeat updated
[2026-07-11 19:40:06] 🔹 SYSTEM: Fleet heartbeat updated
[2026-07-11 19:41:07] 🔹 SYSTEM: Fleet heartbeat updated
[2026-07-11 19:42:08] 🔹 SYSTEM: Fleet heartbeat updated
[2026-07-11 19:43:09] 🔹 SYSTEM: Fleet heartbeat updated
[2026-07-11 19:44:00] 🔹 SYSTEM: Status check — Pending: 0, Running: 0
[2026-07-11 19:44:10] 🔹 SYSTEM: Fleet heartbeat updated
[2026-07-11 19:45:11] 🔹 SYSTEM: Fleet heartbeat updated
[2026-07-11 19:46:12] 🔹 SYSTEM: Fleet heartbeat updated
[2026-07-11 19:47:13] 🔹 SYSTEM: Fleet heartbeat updated
[2026-07-11 19:48:14] 🔹 SYSTEM: Fleet heartbeat updated
[2026-07-11 19:49:15] 🔹 SYSTEM: Fleet heartbeat updated
[2026-07-11 19:50:17] 🔹 SYSTEM: Fleet heartbeat updated
[2026-07-11 19:51:18] 🔹 SYSTEM: Fleet heartbeat updated
[2026-07-11 19:52:19] 🔹 SYSTEM: Fleet heartbeat updated
[2026-07-11 19:53:21] 🔹 SYSTEM: Fleet heartbeat updated
[2026-07-11 19:54:12] 🔹 SYSTEM: Status check — Pending: 0, Running: 0
[2026-07-11 19:54:22] 🔹 SYSTEM: Fleet heartbeat updated
[2026-07-11 19:55:23] 🔹 SYSTEM: Fleet heartbeat updated
[2026-07-11 19:56:25] 🔹 SYSTEM: Fleet heartbeat updated
[2026-07-11 19:57:26] 🔹 SYSTEM: Fleet heartbeat updated
[2026-07-11 19:58:27] 🔹 SYSTEM: Fleet heartbeat updated
[2026-07-11 19:59:29] 🔹 SYSTEM: Fleet heartbeat updated
[2026-07-11 20:00:30] 🔹 SYSTEM: Fleet heartbeat updated
[2026-07-11 20:01:31] 🔹 SYSTEM: Fleet heartbeat updated
[2026-07-11 20:02:33] 🔹 SYSTEM: Fleet heartbeat updated
[2026-07-11 20:03:34] 🔹 SYSTEM: Fleet heartbeat updated
[2026-07-11 20:04:25] 🔹 SYSTEM: Status check — Pending: 0, Running: 0
[2026-07-11 20:04:35] 🔹 SYSTEM: Fleet heartbeat updated
[2026-07-11 20:05:37] 🔹 SYSTEM: Fleet heartbeat updated
[2026-07-11 20:06:38] 🔹 SYSTEM: Fleet heartbeat updated
[2026-07-11 20:07:39] 🔹 SYSTEM: Fleet heartbeat updated
[2026-07-11 20:08:41] 🔹 SYSTEM: Fleet heartbeat updated
[2026-07-11 20:09:42] 🔹 SYSTEM: Fleet heartbeat updated
[2026-07-11 20:10:43] 🔹 SYSTEM: Fleet heartbeat updated
[2026-07-11 20:11:45] 🔹 SYSTEM: Fleet heartbeat updated
[2026-07-11 20:12:46] 🔹 SYSTEM: Fleet heartbeat updated
[2026-07-11 20:13:47] 🔹 SYSTEM: Fleet heartbeat updated
[2026-07-11 20:14:38] 🔹 SYSTEM: Status check — Pending: 0, Running: 0
[2026-07-11 20:14:49] 🔹 SYSTEM: Fleet heartbeat updated
[2026-07-11 20:15:50] 🔹 SYSTEM: Fleet heartbeat updated
[2026-07-11 20:16:51] 🔹 SYSTEM: Fleet heartbeat updated
[2026-07-11 20:17:53] 🔹 SYSTEM: Fleet heartbeat updated
[2026-07-11 20:18:54] 🔹 SYSTEM: Fleet heartbeat updated
[2026-07-11 20:19:55] 🔹 SYSTEM: Fleet heartbeat updated
[2026-07-11 20:20:57] 🔹 SYSTEM: Fleet heartbeat updated
[2026-07-11 20:21:58] 🔹 SYSTEM: Fleet heartbeat updated
[2026-07-11 20:22:59] 🔹 SYSTEM: Fleet heartbeat updated
[2026-07-11 20:24:01] 🔹 SYSTEM: Fleet heartbeat updated
[2026-07-11 20:24:52] 🔹 SYSTEM: Status check — Pending: 0, Running: 0
[2026-07-11 20:25:02] 🔹 SYSTEM: Fleet heartbeat updated
[2026-07-11 20:26:03] 🔹 SYSTEM: Fleet heartbeat updated
[2026-07-11 20:27:05] 🔹 SYSTEM: Fleet heartbeat updated
[2026-07-11 20:28:06] 🔹 SYSTEM: Fleet heartbeat updated
[2026-07-11 20:29:08] 🔹 SYSTEM: Fleet heartbeat updated
[2026-07-11 20:30:09] 🔹 SYSTEM: Fleet heartbeat updated
[2026-07-11 20:31:10] 🔹 SYSTEM: Fleet heartbeat updated
[2026-07-11 20:32:12] 🔹 SYSTEM: Fleet heartbeat updated
[2026-07-11 20:33:13] 🔹 SYSTEM: Fleet heartbeat updated
[2026-07-11 20:34:14] 🔹 SYSTEM: Fleet heartbeat updated
[2026-07-11 20:35:05] 🔹 SYSTEM: Status check — Pending: 0, Running: 0
[2026-07-11 20:35:15] 🔹 SYSTEM: Fleet heartbeat updated
[2026-07-11 20:36:17] 🔹 SYSTEM: Fleet heartbeat updated
[2026-07-11 20:37:18] 🔹 SYSTEM: Fleet heartbeat updated
[2026-07-11 20:38:19] 🔹 SYSTEM: Fleet heartbeat updated
[2026-07-11 20:39:21] 🔹 SYSTEM: Fleet heartbeat updated
[2026-07-11 20:40:22] 🔹 SYSTEM: Fleet heartbeat updated
[2026-07-11 20:41:23] 🔹 SYSTEM: Fleet heartbeat updated
[2026-07-11 20:42:24] 🔹 SYSTEM: Fleet heartbeat updated
[2026-07-11 20:43:26] 🔹 SYSTEM: Fleet heartbeat updated
[2026-07-11 20:44:27] 🔹 SYSTEM: Fleet heartbeat updated
[2026-07-11 20:45:18] 🔹 SYSTEM: Status check — Pending: 0, Running: 0
[2026-07-11 20:45:28] 🔹 SYSTEM: Fleet heartbeat updated
[2026-07-11 20:46:30] 🔹 SYSTEM: Fleet heartbeat updated
[2026-07-11 20:47:31] 🔹 SYSTEM: Fleet heartbeat updated
[2026-07-11 20:48:32] 🔹 SYSTEM: Fleet heartbeat updated
[2026-07-11 20:49:33] 🔹 SYSTEM: Fleet heartbeat updated
[2026-07-11 20:50:34] 🔹 SYSTEM: Fleet heartbeat updated
[2026-07-11 20:51:35] 🔹 SYSTEM: Fleet heartbeat updated
[2026-07-11 20:52:36] 🔹 SYSTEM: Fleet heartbeat updated
[2026-07-11 20:53:36] 🔹 SYSTEM: Fleet heartbeat updated
[2026-07-11 20:54:37] 🔹 SYSTEM: Fleet heartbeat updated
[2026-07-11 20:55:28] 🔹 SYSTEM: Status check — Pending: 0, Running: 0
[2026-07-11 20:55:38] 🔹 SYSTEM: Fleet heartbeat updated
[2026-07-11 20:56:39] 🔹 SYSTEM: Fleet heartbeat updated
[2026-07-11 20:57:40] 🔹 SYSTEM: Fleet heartbeat updated
[2026-07-11 20:58:41] 🔹 SYSTEM: Fleet heartbeat updated
[2026-07-11 20:59:43] 🔹 SYSTEM: Fleet heartbeat updated
[2026-07-11 21:00:44] 🔹 SYSTEM: Fleet heartbeat updated
[2026-07-11 21:01:45] 🔹 SYSTEM: Fleet heartbeat updated
[2026-07-11 21:02:47] 🔹 SYSTEM: Fleet heartbeat updated
[2026-07-11 21:03:48] 🔹 SYSTEM: Fleet heartbeat updated
[2026-07-11 21:04:49] 🔹 SYSTEM: Fleet heartbeat updated
[2026-07-11 21:05:40] 🔹 SYSTEM: Status check — Pending: 0, Running: 0
[2026-07-11 21:05:51] 🔹 SYSTEM: Fleet heartbeat updated
[2026-07-11 21:06:52] 🔹 SYSTEM: Fleet heartbeat updated
[2026-07-11 21:07:53] 🔹 SYSTEM: Fleet heartbeat updated
[2026-07-11 21:08:55] 🔹 SYSTEM: Fleet heartbeat updated
[2026-07-11 21:09:56] 🔹 SYSTEM: Fleet heartbeat updated
[2026-07-11 21:10:57] 🔹 SYSTEM: Fleet heartbeat updated
[2026-07-11 21:11:59] 🔹 SYSTEM: Fleet heartbeat updated
[2026-07-11 21:13:00] 🔹 SYSTEM: Fleet heartbeat updated
[2026-07-11 21:14:01] 🔹 SYSTEM: Fleet heartbeat updated
[2026-07-11 21:15:03] 🔹 SYSTEM: Fleet heartbeat updated
[2026-07-11 21:15:54] 🔹 SYSTEM: Status check — Pending: 0, Running: 0
[2026-07-11 21:16:04] 🔹 SYSTEM: Fleet heartbeat updated
[2026-07-11 21:17:05] 🔹 SYSTEM: Fleet heartbeat updated
[2026-07-11 21:18:07] 🔹 SYSTEM: Fleet heartbeat updated
[2026-07-11 21:19:08] 🔹 SYSTEM: Fleet heartbeat updated
[2026-07-11 21:20:09] 🔹 SYSTEM: Fleet heartbeat updated
[2026-07-11 21:21:10] 🔹 SYSTEM: Fleet heartbeat updated
[2026-07-11 21:22:12] 🔹 SYSTEM: Fleet heartbeat updated
[2026-07-11 21:23:13] 🔹 SYSTEM: Fleet heartbeat updated
[2026-07-11 21:24:14] 🔹 SYSTEM: Fleet heartbeat updated
[2026-07-11 21:25:16] 🔹 SYSTEM: Fleet heartbeat updated
[2026-07-11 21:26:07] 🔹 SYSTEM: Status check — Pending: 0, Running: 0
[2026-07-11 21:26:17] 🔹 SYSTEM: Fleet heartbeat updated
[2026-07-11 21:27:19] 🔹 SYSTEM: Fleet heartbeat updated
[2026-07-11 21:28:20] 🔹 SYSTEM: Fleet heartbeat updated
[2026-07-11 21:29:21] 🔹 SYSTEM: Fleet heartbeat updated
[2026-07-11 21:30:23] 🔹 SYSTEM: Fleet heartbeat updated
[2026-07-11 21:31:24] 🔹 SYSTEM: Fleet heartbeat updated
[2026-07-11 21:32:25] 🔹 SYSTEM: Fleet heartbeat updated
[2026-07-11 21:33:27] 🔹 SYSTEM: Fleet heartbeat updated
[2026-07-11 21:34:28] 🔹 SYSTEM: Fleet heartbeat updated
[2026-07-11 21:35:30] 🔹 SYSTEM: Fleet heartbeat updated
[2026-07-11 21:36:21] 🔹 SYSTEM: Status check — Pending: 0, Running: 0
[2026-07-11 21:36:31] 🔹 SYSTEM: Fleet heartbeat updated
[2026-07-11 21:37:33] 🔹 SYSTEM: Fleet heartbeat updated
[2026-07-11 21:38:34] 🔹 SYSTEM: Fleet heartbeat updated
[2026-07-11 21:39:35] 🔹 SYSTEM: Fleet heartbeat updated
[2026-07-11 21:40:36] 🔹 SYSTEM: Fleet heartbeat updated
[2026-07-11 21:41:38] 🔹 SYSTEM: Fleet heartbeat updated
[2026-07-11 21:42:39] 🔹 SYSTEM: Fleet heartbeat updated
[2026-07-11 21:43:41] 🔹 SYSTEM: Fleet heartbeat updated
[2026-07-11 21:44:42] 🔹 SYSTEM: Fleet heartbeat updated
[2026-07-11 21:45:43] 🔹 SYSTEM: Fleet heartbeat updated
[2026-07-11 21:46:34] 🔹 SYSTEM: Status check — Pending: 0, Running: 0
[2026-07-11 21:46:45] 🔹 SYSTEM: Fleet heartbeat updated
[2026-07-11 21:47:46] 🔹 SYSTEM: Fleet heartbeat updated
[2026-07-11 21:48:47] 🔹 SYSTEM: Fleet heartbeat updated
[2026-07-11 21:49:49] 🔹 SYSTEM: Fleet heartbeat updated
[2026-07-11 21:50:50] 🔹 SYSTEM: Fleet heartbeat updated
[2026-07-11 21:51:51] 🔹 SYSTEM: Fleet heartbeat updated
[2026-07-11 21:52:53] 🔹 SYSTEM: Fleet heartbeat updated
[2026-07-11 21:53:54] 🔹 SYSTEM: Fleet heartbeat updated
[2026-07-11 21:54:55] 🔹 SYSTEM: Fleet heartbeat updated
[2026-07-11 21:55:57] 🔹 SYSTEM: Fleet heartbeat updated
[2026-07-11 21:56:48] 🔹 SYSTEM: Status check — Pending: 0, Running: 0
[2026-07-11 21:56:58] 🔹 SYSTEM: Fleet heartbeat updated
[2026-07-11 21:57:59] 🔹 SYSTEM: Fleet heartbeat updated
[2026-07-11 21:59:01] 🔹 SYSTEM: Fleet heartbeat updated
[2026-07-11 22:00:02] 🔹 SYSTEM: Fleet heartbeat updated
[2026-07-11 22:01:03] 🔹 SYSTEM: Fleet heartbeat updated
[2026-07-11 22:02:05] 🔹 SYSTEM: Fleet heartbeat updated
[2026-07-11 22:03:06] 🔹 SYSTEM: Fleet heartbeat updated
[2026-07-11 22:04:07] 🔹 SYSTEM: Fleet heartbeat updated
[2026-07-11 22:05:09] 🔹 SYSTEM: Fleet heartbeat updated
[2026-07-11 22:06:10] 🔹 SYSTEM: Fleet heartbeat updated
[2026-07-11 22:07:01] 🔹 SYSTEM: Status check — Pending: 0, Running: 0
[2026-07-11 22:07:11] 🔹 SYSTEM: Fleet heartbeat updated
[2026-07-11 22:08:13] 🔹 SYSTEM: Fleet heartbeat updated
[2026-07-11 22:09:14] 🔹 SYSTEM: Fleet heartbeat updated
[2026-07-11 22:10:15] 🔹 SYSTEM: Fleet heartbeat updated
[2026-07-11 22:11:16] 🔹 SYSTEM: Fleet heartbeat updated
[2026-07-11 22:12:18] 🔹 SYSTEM: Fleet heartbeat updated
[2026-07-11 22:13:19] 🔹 SYSTEM: Fleet heartbeat updated
[2026-07-11 22:14:21] 🔹 SYSTEM: Fleet heartbeat updated
[2026-07-11 22:15:22] 🔹 SYSTEM: Fleet heartbeat updated
[2026-07-11 22:16:23] 🔹 SYSTEM: Fleet heartbeat updated
[2026-07-11 22:17:14] 🔹 SYSTEM: Status check — Pending: 0, Running: 0
[2026-07-11 22:17:25] 🔹 SYSTEM: Fleet heartbeat updated
[2026-07-11 22:18:26] 🔹 SYSTEM: Fleet heartbeat updated
[2026-07-11 22:19:28] 🔹 SYSTEM: Fleet heartbeat updated
[2026-07-11 22:20:29] 🔹 SYSTEM: Fleet heartbeat updated
[2026-07-11 22:21:30] 🔹 SYSTEM: Fleet heartbeat updated
[2026-07-11 22:22:32] 🔹 SYSTEM: Fleet heartbeat updated
[2026-07-11 22:23:33] 🔹 SYSTEM: Fleet heartbeat updated
[2026-07-11 22:24:34] 🔹 SYSTEM: Fleet heartbeat updated
[2026-07-11 22:25:36] 🔹 SYSTEM: Fleet heartbeat updated
[2026-07-11 22:26:37] 🔹 SYSTEM: Fleet heartbeat updated
[2026-07-11 22:27:29] 🔹 SYSTEM: Status check — Pending: 0, Running: 0
[2026-07-11 22:27:39] 🔹 SYSTEM: Fleet heartbeat updated
[2026-07-11 22:28:40] 🔹 SYSTEM: Fleet heartbeat updated
[2026-07-11 22:29:41] 🔹 SYSTEM: Fleet heartbeat updated
[2026-07-11 22:30:41] 🔹 SYSTEM: Fleet heartbeat updated
[2026-07-11 22:31:42] 🔹 SYSTEM: Fleet heartbeat updated
[2026-07-11 22:32:43] 🔹 SYSTEM: Fleet heartbeat updated
[2026-07-11 22:33:44] 🔹 SYSTEM: Fleet heartbeat updated
[2026-07-11 22:34:45] 🔹 SYSTEM: Fleet heartbeat updated
[2026-07-11 22:35:46] 🔹 SYSTEM: Fleet heartbeat updated
[2026-07-11 22:36:47] 🔹 SYSTEM: Fleet heartbeat updated
[2026-07-11 22:37:37] 🔹 SYSTEM: Status check — Pending: 0, Running: 0
[2026-07-11 22:37:48] 🔹 SYSTEM: Fleet heartbeat updated
[2026-07-11 22:38:48] 🔹 SYSTEM: Fleet heartbeat updated
[2026-07-11 22:39:49] 🔹 SYSTEM: Fleet heartbeat updated
[2026-07-11 22:40:50] 🔹 SYSTEM: Fleet heartbeat updated
[2026-07-11 22:41:51] 🔹 SYSTEM: Fleet heartbeat updated
[2026-07-11 22:42:52] 🔹 SYSTEM: Fleet heartbeat updated
[2026-07-11 22:43:53] 🔹 SYSTEM: Fleet heartbeat updated
[2026-07-11 22:44:54] 🔹 SYSTEM: Fleet heartbeat updated
[2026-07-11 22:45:55] 🔹 SYSTEM: Fleet heartbeat updated
[2026-07-11 22:46:55] 🔹 SYSTEM: Fleet heartbeat updated
[2026-07-11 22:47:46] 🔹 SYSTEM: Status check — Pending: 0, Running: 0
[2026-07-11 22:47:56] 🔹 SYSTEM: Fleet heartbeat updated
[2026-07-11 22:48:57] 🔹 SYSTEM: Fleet heartbeat updated
[2026-07-11 22:49:58] 🔹 SYSTEM: Fleet heartbeat updated
[2026-07-11 22:50:59] 🔹 SYSTEM: Fleet heartbeat updated
[2026-07-11 22:52:00] 🔹 SYSTEM: Fleet heartbeat updated
[2026-07-11 22:53:01] 🔹 SYSTEM: Fleet heartbeat updated
[2026-07-11 22:54:02] 🔹 SYSTEM: Fleet heartbeat updated
[2026-07-11 22:55:03] 🔹 SYSTEM: Fleet heartbeat updated
[2026-07-11 22:56:04] 🔹 SYSTEM: Fleet heartbeat updated
[2026-07-11 22:57:05] 🔹 SYSTEM: Fleet heartbeat updated
[2026-07-11 22:57:55] 🔹 SYSTEM: Status check — Pending: 0, Running: 0
[2026-07-11 22:58:06] 🔹 SYSTEM: Fleet heartbeat updated
[2026-07-11 22:59:07] 🔹 SYSTEM: Fleet heartbeat updated
[2026-07-11 23:00:07] 🔹 SYSTEM: Fleet heartbeat updated
[2026-07-11 23:01:08] 🔹 SYSTEM: Fleet heartbeat updated
[2026-07-11 23:02:09] 🔹 SYSTEM: Fleet heartbeat updated
[2026-07-11 23:03:10] 🔹 SYSTEM: Fleet heartbeat updated
[2026-07-11 23:04:11] 🔹 SYSTEM: Fleet heartbeat updated
[2026-07-11 23:05:12] 🔹 SYSTEM: Fleet heartbeat updated
[2026-07-11 23:06:13] 🔹 SYSTEM: Fleet heartbeat updated
[2026-07-11 23:07:14] 🔹 SYSTEM: Fleet heartbeat updated
[2026-07-11 23:08:04] 🔹 SYSTEM: Status check — Pending: 0, Running: 0
[2026-07-11 23:08:15] 🔹 SYSTEM: Fleet heartbeat updated
[2026-07-11 23:09:16] 🔹 SYSTEM: Fleet heartbeat updated
[2026-07-11 23:10:16] 🔹 SYSTEM: Fleet heartbeat updated
[2026-07-11 23:11:17] 🔹 SYSTEM: Fleet heartbeat updated
[2026-07-11 23:12:18] 🔹 SYSTEM: Fleet heartbeat updated
[2026-07-11 23:13:19] 🔹 SYSTEM: Fleet heartbeat updated
[2026-07-11 23:14:20] 🔹 SYSTEM: Fleet heartbeat updated
[2026-07-11 23:15:21] 🔹 SYSTEM: Fleet heartbeat updated
[2026-07-11 23:16:22] 🔹 SYSTEM: Fleet heartbeat updated
[2026-07-11 23:17:23] 🔹 SYSTEM: Fleet heartbeat updated
[2026-07-11 23:18:14] 🔹 SYSTEM: Status check — Pending: 0, Running: 0
[2026-07-11 23:18:24] 🔹 SYSTEM: Fleet heartbeat updated
[2026-07-11 23:19:24] 🔹 SYSTEM: Fleet heartbeat updated
[2026-07-11 23:20:25] 🔹 SYSTEM: Fleet heartbeat updated
[2026-07-11 23:21:26] 🔹 SYSTEM: Fleet heartbeat updated
[2026-07-11 23:22:27] 🔹 SYSTEM: Fleet heartbeat updated
[2026-07-11 23:23:28] 🔹 SYSTEM: Fleet heartbeat updated
[2026-07-11 23:24:29] 🔹 SYSTEM: Fleet heartbeat updated
[2026-07-11 23:25:30] 🔹 SYSTEM: Fleet heartbeat updated
[2026-07-11 23:26:31] 🔹 SYSTEM: Fleet heartbeat updated
[2026-07-11 23:27:33] 🔹 SYSTEM: Fleet heartbeat updated
[2026-07-11 23:28:24] 🔹 SYSTEM: Status check — Pending: 0, Running: 0
[2026-07-11 23:28:34] 🔹 SYSTEM: Fleet heartbeat updated
[2026-07-11 23:29:35] 🔹 SYSTEM: Fleet heartbeat updated
[2026-07-11 23:30:36] 🔹 SYSTEM: Fleet heartbeat updated
[2026-07-11 23:31:37] 🔹 SYSTEM: Fleet heartbeat updated
[2026-07-11 23:32:38] 🔹 SYSTEM: Fleet heartbeat updated
[2026-07-11 23:33:39] 🔹 SYSTEM: Fleet heartbeat updated
[2026-07-11 23:34:40] 🔹 SYSTEM: Fleet heartbeat updated
[2026-07-11 23:35:40] 🔹 SYSTEM: Fleet heartbeat updated
[2026-07-11 23:36:41] 🔹 SYSTEM: Fleet heartbeat updated
[2026-07-11 23:37:42] 🔹 SYSTEM: Fleet heartbeat updated
[2026-07-11 23:38:33] 🔹 SYSTEM: Status check — Pending: 0, Running: 0
[2026-07-11 23:38:43] 🔹 SYSTEM: Fleet heartbeat updated
[2026-07-11 23:39:44] 🔹 SYSTEM: Fleet heartbeat updated
[2026-07-11 23:40:45] 🔹 SYSTEM: Fleet heartbeat updated
[2026-07-11 23:41:46] 🔹 SYSTEM: Fleet heartbeat updated
[2026-07-11 23:42:47] 🔹 SYSTEM: Fleet heartbeat updated
[2026-07-11 23:43:48] 🔹 SYSTEM: Fleet heartbeat updated
[2026-07-11 23:44:49] 🔹 SYSTEM: Fleet heartbeat updated
[2026-07-11 23:45:50] 🔹 SYSTEM: Fleet heartbeat updated
[2026-07-11 23:46:50] 🔹 SYSTEM: Fleet heartbeat updated
[2026-07-11 23:47:51] 🔹 SYSTEM: Fleet heartbeat updated
[2026-07-11 23:48:42] 🔹 SYSTEM: Status check — Pending: 0, Running: 0
[2026-07-11 23:48:52] 🔹 SYSTEM: Fleet heartbeat updated
[2026-07-11 23:49:53] 🔹 SYSTEM: Fleet heartbeat updated
[2026-07-11 23:50:54] 🔹 SYSTEM: Fleet heartbeat updated
[2026-07-11 23:51:55] 🔹 SYSTEM: Fleet heartbeat updated
[2026-07-11 23:52:56] 🔹 SYSTEM: Fleet heartbeat updated
[2026-07-11 23:53:57] 🔹 SYSTEM: Fleet heartbeat updated
[2026-07-11 23:54:59] 🔹 SYSTEM: Fleet heartbeat updated
[2026-07-11 23:56:00] 🔹 SYSTEM: Fleet heartbeat updated
[2026-07-11 23:57:01] 🔹 SYSTEM: Fleet heartbeat updated
[2026-07-11 23:58:02] 🔹 SYSTEM: Fleet heartbeat updated
[2026-07-11 23:58:53] 🔹 SYSTEM: Status check — Pending: 0, Running: 0
[2026-07-11 23:59:03] 🔹 SYSTEM: Fleet heartbeat updated
[2026-07-12 00:00:04] 🔹 SYSTEM: Fleet heartbeat updated
[2026-07-12 00:01:05] 🔹 SYSTEM: Fleet heartbeat updated
[2026-07-12 00:02:06] 🔹 SYSTEM: Fleet heartbeat updated
[2026-07-12 00:03:06] 🔹 SYSTEM: Fleet heartbeat updated
[2026-07-12 00:04:07] 🔹 SYSTEM: Fleet heartbeat updated
[2026-07-12 00:05:08] 🔹 SYSTEM: Fleet heartbeat updated
[2026-07-12 00:06:09] 🔹 SYSTEM: Fleet heartbeat updated
[2026-07-12 00:07:10] 🔹 SYSTEM: Fleet heartbeat updated
[2026-07-12 00:08:11] 🔹 SYSTEM: Fleet heartbeat updated
[2026-07-12 00:09:01] 🔹 SYSTEM: Status check — Pending: 0, Running: 0
[2026-07-12 00:09:12] 🔹 SYSTEM: Fleet heartbeat updated
[2026-07-12 00:10:13] 🔹 SYSTEM: Fleet heartbeat updated
[2026-07-12 00:11:14] 🔹 SYSTEM: Fleet heartbeat updated
[2026-07-12 00:12:15] 🔹 SYSTEM: Fleet heartbeat updated
[2026-07-12 00:13:16] 🔹 SYSTEM: Fleet heartbeat updated
[2026-07-12 00:14:17] 🔹 SYSTEM: Fleet heartbeat updated
[2026-07-12 00:15:18] 🔹 SYSTEM: Fleet heartbeat updated
[2026-07-12 00:16:19] 🔹 SYSTEM: Fleet heartbeat updated
[2026-07-12 00:17:20] 🔹 SYSTEM: Fleet heartbeat updated
[2026-07-12 00:18:20] 🔹 SYSTEM: Fleet heartbeat updated
[2026-07-12 00:19:11] 🔹 SYSTEM: Status check — Pending: 0, Running: 0
[2026-07-12 00:19:21] 🔹 SYSTEM: Fleet heartbeat updated
[2026-07-12 00:20:22] 🔹 SYSTEM: Fleet heartbeat updated
[2026-07-12 00:21:23] 🔹 SYSTEM: Fleet heartbeat updated
[2026-07-12 00:22:24] 🔹 SYSTEM: Fleet heartbeat updated
[2026-07-12 00:23:25] 🔹 SYSTEM: Fleet heartbeat updated
[2026-07-12 00:24:26] 🔹 SYSTEM: Fleet heartbeat updated
[2026-07-12 00:25:27] 🔹 SYSTEM: Fleet heartbeat updated
[2026-07-12 00:26:28] 🔹 SYSTEM: Fleet heartbeat updated
[2026-07-12 00:27:29] 🔹 SYSTEM: Fleet heartbeat updated
[2026-07-12 00:28:29] 🔹 SYSTEM: Fleet heartbeat updated
[2026-07-12 00:29:20] 🔹 SYSTEM: Status check — Pending: 0, Running: 0
[2026-07-12 00:29:30] 🔹 SYSTEM: Fleet heartbeat updated
[2026-07-12 00:30:31] 🔹 SYSTEM: Fleet heartbeat updated
[2026-07-12 00:31:32] 🔹 SYSTEM: Fleet heartbeat updated
[2026-07-12 00:32:33] 🔹 SYSTEM: Fleet heartbeat updated
[2026-07-12 00:33:34] 🔹 SYSTEM: Fleet heartbeat updated
[2026-07-12 00:34:35] 🔹 SYSTEM: Fleet heartbeat updated
[2026-07-12 00:35:36] 🔹 SYSTEM: Fleet heartbeat updated
[2026-07-12 00:36:37] 🔹 SYSTEM: Fleet heartbeat updated
[2026-07-12 00:37:37] 🔹 SYSTEM: Fleet heartbeat updated
[2026-07-12 00:38:38] 🔹 SYSTEM: Fleet heartbeat updated
[2026-07-12 00:39:29] 🔹 SYSTEM: Status check — Pending: 0, Running: 0
[2026-07-12 00:39:39] 🔹 SYSTEM: Fleet heartbeat updated
[2026-07-12 00:40:40] 🔹 SYSTEM: Fleet heartbeat updated
[2026-07-12 00:41:41] 🔹 SYSTEM: Fleet heartbeat updated
[2026-07-12 00:42:42] 🔹 SYSTEM: Fleet heartbeat updated
[2026-07-12 00:43:43] 🔹 SYSTEM: Fleet heartbeat updated
[2026-07-12 00:44:44] 🔹 SYSTEM: Fleet heartbeat updated
[2026-07-12 00:45:45] 🔹 SYSTEM: Fleet heartbeat updated
[2026-07-12 00:46:46] 🔹 SYSTEM: Fleet heartbeat updated
[2026-07-12 00:47:47] 🔹 SYSTEM: Fleet heartbeat updated
[2026-07-12 00:48:48] 🔹 SYSTEM: Fleet heartbeat updated
[2026-07-12 00:49:38] 🔹 SYSTEM: Status check — Pending: 0, Running: 0
[2026-07-12 00:49:49] 🔹 SYSTEM: Fleet heartbeat updated
[2026-07-12 00:50:49] 🔹 SYSTEM: Fleet heartbeat updated
[2026-07-12 00:51:50] 🔹 SYSTEM: Fleet heartbeat updated
[2026-07-12 00:52:51] 🔹 SYSTEM: Fleet heartbeat updated
[2026-07-12 00:53:52] 🔹 SYSTEM: Fleet heartbeat updated
[2026-07-12 00:54:53] 🔹 SYSTEM: Fleet heartbeat updated
[2026-07-12 00:55:54] 🔹 SYSTEM: Fleet heartbeat updated
[2026-07-12 00:56:55] 🔹 SYSTEM: Fleet heartbeat updated
[2026-07-12 00:57:57] 🔹 SYSTEM: Fleet heartbeat updated
[2026-07-12 00:58:58] 🔹 SYSTEM: Fleet heartbeat updated
[2026-07-12 00:59:49] 🔹 SYSTEM: Status check — Pending: 0, Running: 0
[2026-07-12 00:59:59] 🔹 SYSTEM: Fleet heartbeat updated
[2026-07-12 01:01:01] 🔹 SYSTEM: Fleet heartbeat updated
[2026-07-12 01:02:02] 🔹 SYSTEM: Fleet heartbeat updated
[2026-07-12 01:03:03] 🔹 SYSTEM: Fleet heartbeat updated
[2026-07-12 01:04:04] 🔹 SYSTEM: Fleet heartbeat updated
[2026-07-12 01:05:05] 🔹 SYSTEM: Fleet heartbeat updated
[2026-07-12 01:06:06] 🔹 SYSTEM: Fleet heartbeat updated
[2026-07-12 01:07:06] 🔹 SYSTEM: Fleet heartbeat updated
[2026-07-12 01:08:07] 🔹 SYSTEM: Fleet heartbeat updated
[2026-07-12 01:09:08] 🔹 SYSTEM: Fleet heartbeat updated
[2026-07-12 01:09:59] 🔹 SYSTEM: Status check — Pending: 0, Running: 0
[2026-07-12 01:10:09] 🔹 SYSTEM: Fleet heartbeat updated
[2026-07-12 01:11:10] 🔹 SYSTEM: Fleet heartbeat updated
[2026-07-12 01:12:11] 🔹 SYSTEM: Fleet heartbeat updated
[2026-07-12 01:13:12] 🔹 SYSTEM: Fleet heartbeat updated
[2026-07-12 01:14:13] 🔹 SYSTEM: Fleet heartbeat updated
[2026-07-12 01:15:14] 🔹 SYSTEM: Fleet heartbeat updated
[2026-07-12 01:16:14] 🔹 SYSTEM: Fleet heartbeat updated
[2026-07-12 01:17:16] 🔹 SYSTEM: Fleet heartbeat updated
[2026-07-12 01:18:17] 🔹 SYSTEM: Fleet heartbeat updated
[2026-07-12 01:19:18] 🔹 SYSTEM: Fleet heartbeat updated
[2026-07-12 01:20:08] 🔹 SYSTEM: Status check — Pending: 0, Running: 0
[2026-07-12 01:20:18] 🔹 SYSTEM: Fleet heartbeat updated
[2026-07-12 01:21:19] 🔹 SYSTEM: Fleet heartbeat updated
[2026-07-12 01:22:20] 🔹 SYSTEM: Fleet heartbeat updated
[2026-07-12 01:23:21] 🔹 SYSTEM: Fleet heartbeat updated
[2026-07-12 01:24:22] 🔹 SYSTEM: Fleet heartbeat updated
[2026-07-12 01:25:23] 🔹 SYSTEM: Fleet heartbeat updated
[2026-07-12 01:26:24] 🔹 SYSTEM: Fleet heartbeat updated
[2026-07-12 01:27:25] 🔹 SYSTEM: Fleet heartbeat updated
[2026-07-12 01:28:26] 🔹 SYSTEM: Fleet heartbeat updated
[2026-07-12 01:29:27] 🔹 SYSTEM: Fleet heartbeat updated
[2026-07-12 01:30:17] 🔹 SYSTEM: Status check — Pending: 0, Running: 0
[2026-07-12 01:30:28] 🔹 SYSTEM: Fleet heartbeat updated
[2026-07-12 01:31:28] 🔹 SYSTEM: Fleet heartbeat updated
[2026-07-12 01:32:29] 🔹 SYSTEM: Fleet heartbeat updated
[2026-07-12 01:33:30] 🔹 SYSTEM: Fleet heartbeat updated
[2026-07-12 01:34:31] 🔹 SYSTEM: Fleet heartbeat updated
[2026-07-12 01:35:32] 🔹 SYSTEM: Fleet heartbeat updated
[2026-07-12 01:36:33] 🔹 SYSTEM: Fleet heartbeat updated
[2026-07-12 01:37:34] 🔹 SYSTEM: Fleet heartbeat updated
[2026-07-12 01:38:35] 🔹 SYSTEM: Fleet heartbeat updated
[2026-07-12 01:39:36] 🔹 SYSTEM: Fleet heartbeat updated
[2026-07-12 01:40:26] 🔹 SYSTEM: Status check — Pending: 0, Running: 0
[2026-07-12 01:40:37] 🔹 SYSTEM: Fleet heartbeat updated
[2026-07-12 01:41:38] 🔹 SYSTEM: Fleet heartbeat updated
[2026-07-12 01:42:39] 🔹 SYSTEM: Fleet heartbeat updated
[2026-07-12 01:43:40] 🔹 SYSTEM: Fleet heartbeat updated
[2026-07-12 01:44:40] 🔹 SYSTEM: Fleet heartbeat updated
[2026-07-12 01:45:41] 🔹 SYSTEM: Fleet heartbeat updated
[2026-07-12 01:46:42] 🔹 SYSTEM: Fleet heartbeat updated
[2026-07-12 01:47:43] 🔹 SYSTEM: Fleet heartbeat updated
[2026-07-12 01:48:44] 🔹 SYSTEM: Fleet heartbeat updated
[2026-07-12 01:49:45] 🔹 SYSTEM: Fleet heartbeat updated
[2026-07-12 01:50:36] 🔹 SYSTEM: Status check — Pending: 0, Running: 0
[2026-07-12 01:50:46] 🔹 SYSTEM: Fleet heartbeat updated
[2026-07-12 01:51:47] 🔹 SYSTEM: Fleet heartbeat updated
[2026-07-12 01:52:48] 🔹 SYSTEM: Fleet heartbeat updated
[2026-07-12 01:53:49] 🔹 SYSTEM: Fleet heartbeat updated
[2026-07-12 01:54:49] 🔹 SYSTEM: Fleet heartbeat updated
[2026-07-12 01:55:50] 🔹 SYSTEM: Fleet heartbeat updated
[2026-07-12 01:56:51] 🔹 SYSTEM: Fleet heartbeat updated
[2026-07-12 01:57:52] 🔹 SYSTEM: Fleet heartbeat updated
[2026-07-12 01:58:53] 🔹 SYSTEM: Fleet heartbeat updated
[2026-07-12 01:59:54] 🔹 SYSTEM: Fleet heartbeat updated
[2026-07-12 02:00:45] 🔹 SYSTEM: Status check — Pending: 0, Running: 0
[2026-07-12 02:00:55] 🔹 SYSTEM: Fleet heartbeat updated
[2026-07-12 02:01:56] 🔹 SYSTEM: Fleet heartbeat updated
[2026-07-12 02:02:57] 🔹 SYSTEM: Fleet heartbeat updated
[2026-07-12 02:03:58] 🔹 SYSTEM: Fleet heartbeat updated
[2026-07-12 02:04:58] 🔹 SYSTEM: Fleet heartbeat updated
[2026-07-12 02:05:59] 🔹 SYSTEM: Fleet heartbeat updated
[2026-07-12 02:07:00] 🔹 SYSTEM: Fleet heartbeat updated
[2026-07-12 02:08:01] 🔹 SYSTEM: Fleet heartbeat updated
[2026-07-12 02:09:02] 🔹 SYSTEM: Fleet heartbeat updated
[2026-07-12 02:10:03] 🔹 SYSTEM: Fleet heartbeat updated
[2026-07-12 02:10:54] 🔹 SYSTEM: Status check — Pending: 0, Running: 0
[2026-07-12 02:11:04] 🔹 SYSTEM: Fleet heartbeat updated
[2026-07-12 02:12:06] 🔹 SYSTEM: Fleet heartbeat updated
[2026-07-12 02:13:07] 🔹 SYSTEM: Fleet heartbeat updated
[2026-07-12 02:14:08] 🔹 SYSTEM: Fleet heartbeat updated
[2026-07-12 02:15:09] 🔹 SYSTEM: Fleet heartbeat updated
[2026-07-12 02:16:10] 🔹 SYSTEM: Fleet heartbeat updated
[2026-07-12 02:17:11] 🔹 SYSTEM: Fleet heartbeat updated
[2026-07-12 02:18:12] 🔹 SYSTEM: Fleet heartbeat updated
[2026-07-12 02:19:12] 🔹 SYSTEM: Fleet heartbeat updated
[2026-07-12 02:20:13] 🔹 SYSTEM: Fleet heartbeat updated
[2026-07-12 02:21:04] 🔹 SYSTEM: Status check — Pending: 0, Running: 0
[2026-07-12 02:21:14] 🔹 SYSTEM: Fleet heartbeat updated
[2026-07-12 02:22:15] 🔹 SYSTEM: Fleet heartbeat updated
[2026-07-12 02:23:16] 🔹 SYSTEM: Fleet heartbeat updated
[2026-07-12 02:24:18] 🔹 SYSTEM: Fleet heartbeat updated
[2026-07-12 02:25:19] 🔹 SYSTEM: Fleet heartbeat updated
[2026-07-12 02:26:20] 🔹 SYSTEM: Fleet heartbeat updated
[2026-07-12 02:27:22] 🔹 SYSTEM: Fleet heartbeat updated
[2026-07-12 02:28:23] 🔹 SYSTEM: Fleet heartbeat updated
[2026-07-12 02:29:25] 🔹 SYSTEM: Fleet heartbeat updated
[2026-07-12 02:30:26] 🔹 SYSTEM: Fleet heartbeat updated
[2026-07-12 02:31:17] 🔹 SYSTEM: Status check — Pending: 0, Running: 0
[2026-07-12 02:31:27] 🔹 SYSTEM: Fleet heartbeat updated
[2026-07-12 02:32:29] 🔹 SYSTEM: Fleet heartbeat updated
[2026-07-12 02:33:30] 🔹 SYSTEM: Fleet heartbeat updated
[2026-07-12 02:34:31] 🔹 SYSTEM: Fleet heartbeat updated
[2026-07-12 02:35:33] 🔹 SYSTEM: Fleet heartbeat updated
[2026-07-12 02:36:34] 🔹 SYSTEM: Fleet heartbeat updated
[2026-07-12 02:37:35] 🔹 SYSTEM: Fleet heartbeat updated
[2026-07-12 02:38:36] 🔹 SYSTEM: Fleet heartbeat updated
[2026-07-12 02:39:38] 🔹 SYSTEM: Fleet heartbeat updated
[2026-07-12 02:40:39] 🔹 SYSTEM: Fleet heartbeat updated
[2026-07-12 02:41:30] 🔹 SYSTEM: Status check — Pending: 0, Running: 0
[2026-07-12 02:41:41] 🔹 SYSTEM: Fleet heartbeat updated
[2026-07-12 02:42:42] 🔹 SYSTEM: Fleet heartbeat updated
[2026-07-12 02:43:43] 🔹 SYSTEM: Fleet heartbeat updated
[2026-07-12 02:44:44] 🔹 SYSTEM: Fleet heartbeat updated
[2026-07-12 02:45:46] 🔹 SYSTEM: Fleet heartbeat updated
[2026-07-12 02:46:47] 🔹 SYSTEM: Fleet heartbeat updated
[2026-07-12 02:47:49] 🔹 SYSTEM: Fleet heartbeat updated
[2026-07-12 02:48:50] 🔹 SYSTEM: Fleet heartbeat updated
[2026-07-12 02:49:51] 🔹 SYSTEM: Fleet heartbeat updated
[2026-07-12 02:50:53] 🔹 SYSTEM: Fleet heartbeat updated
[2026-07-12 02:51:44] 🔹 SYSTEM: Status check — Pending: 0, Running: 0
[2026-07-12 02:51:54] 🔹 SYSTEM: Fleet heartbeat updated
[2026-07-12 02:52:55] 🔹 SYSTEM: Fleet heartbeat updated
[2026-07-12 02:53:57] 🔹 SYSTEM: Fleet heartbeat updated
[2026-07-12 02:54:58] 🔹 SYSTEM: Fleet heartbeat updated
[2026-07-12 02:55:59] 🔹 SYSTEM: Fleet heartbeat updated
[2026-07-12 02:57:00] 🔹 SYSTEM: Fleet heartbeat updated
[2026-07-12 02:58:01] 🔹 SYSTEM: Fleet heartbeat updated
[2026-07-12 02:59:02] 🔹 SYSTEM: Fleet heartbeat updated
[2026-07-12 03:00:03] 🔹 SYSTEM: Fleet heartbeat updated
[2026-07-12 03:01:07] 🔹 SYSTEM: Fleet heartbeat updated
[2026-07-12 03:01:57] 🔹 SYSTEM: Status check — Pending: 0, Running: 0
[2026-07-12 03:02:08] 🔹 SYSTEM: Fleet heartbeat updated
[2026-07-12 03:03:09] 🔹 SYSTEM: Fleet heartbeat updated
[2026-07-12 03:04:09] 🔹 SYSTEM: Fleet heartbeat updated
[2026-07-12 03:05:10] 🔹 SYSTEM: Fleet heartbeat updated
[2026-07-12 03:06:11] 🔹 SYSTEM: Fleet heartbeat updated
[2026-07-12 03:07:12] 🔹 SYSTEM: Fleet heartbeat updated
[2026-07-12 03:08:13] 🔹 SYSTEM: Fleet heartbeat updated
[2026-07-12 03:09:14] 🔹 SYSTEM: Fleet heartbeat updated
[2026-07-12 03:10:15] 🔹 SYSTEM: Fleet heartbeat updated
[2026-07-12 03:11:16] 🔹 SYSTEM: Fleet heartbeat updated
[2026-07-12 03:12:07] 🔹 SYSTEM: Status check — Pending: 0, Running: 0
[2026-07-12 03:12:17] 🔹 SYSTEM: Fleet heartbeat updated
[2026-07-12 03:13:18] 🔹 SYSTEM: Fleet heartbeat updated
[2026-07-12 03:14:19] 🔹 SYSTEM: Fleet heartbeat updated
[2026-07-12 03:15:20] 🔹 SYSTEM: Fleet heartbeat updated
[2026-07-12 03:16:21] 🔹 SYSTEM: Fleet heartbeat updated
[2026-07-12 03:17:22] 🔹 SYSTEM: Fleet heartbeat updated
[2026-07-12 03:18:23] 🔹 SYSTEM: Fleet heartbeat updated
[2026-07-12 03:19:24] 🔹 SYSTEM: Fleet heartbeat updated
[2026-07-12 03:20:24] 🔹 SYSTEM: Fleet heartbeat updated
[2026-07-12 03:21:25] 🔹 SYSTEM: Fleet heartbeat updated
[2026-07-12 03:22:16] 🔹 SYSTEM: Status check — Pending: 0, Running: 0
[2026-07-12 03:22:26] 🔹 SYSTEM: Fleet heartbeat updated
[2026-07-12 03:23:27] 🔹 SYSTEM: Fleet heartbeat updated
[2026-07-12 03:24:28] 🔹 SYSTEM: Fleet heartbeat updated
[2026-07-12 03:25:29] 🔹 SYSTEM: Fleet heartbeat updated
[2026-07-12 03:26:29] 🔹 SYSTEM: Fleet heartbeat updated
[2026-07-12 03:27:31] 🔹 SYSTEM: Fleet heartbeat updated
[2026-07-12 03:28:31] 🔹 SYSTEM: Fleet heartbeat updated
[2026-07-12 03:29:32] 🔹 SYSTEM: Fleet heartbeat updated
[2026-07-12 03:30:33] 🔹 SYSTEM: Fleet heartbeat updated
[2026-07-12 03:31:34] 🔹 SYSTEM: Fleet heartbeat updated
[2026-07-12 03:32:25] 🔹 SYSTEM: Status check — Pending: 0, Running: 0
[2026-07-12 03:32:35] 🔹 SYSTEM: Fleet heartbeat updated
[2026-07-12 03:33:36] 🔹 SYSTEM: Fleet heartbeat updated
[2026-07-12 03:34:37] 🔹 SYSTEM: Fleet heartbeat updated
[2026-07-12 03:35:39] 🔹 SYSTEM: Fleet heartbeat updated
[2026-07-12 03:36:40] 🔹 SYSTEM: Fleet heartbeat updated
[2026-07-12 03:37:41] 🔹 SYSTEM: Fleet heartbeat updated
[2026-07-12 03:38:43] 🔹 SYSTEM: Fleet heartbeat updated
[2026-07-12 03:39:44] 🔹 SYSTEM: Fleet heartbeat updated
[2026-07-12 03:40:45] 🔹 SYSTEM: Fleet heartbeat updated
[2026-07-12 03:41:47] 🔹 SYSTEM: Fleet heartbeat updated
[2026-07-12 03:42:38] 🔹 SYSTEM: Status check — Pending: 0, Running: 0
[2026-07-12 03:42:48] 🔹 SYSTEM: Fleet heartbeat updated
[2026-07-12 03:43:49] 🔹 SYSTEM: Fleet heartbeat updated
[2026-07-12 03:44:51] 🔹 SYSTEM: Fleet heartbeat updated
[2026-07-12 03:45:52] 🔹 SYSTEM: Fleet heartbeat updated
[2026-07-12 03:46:53] 🔹 SYSTEM: Fleet heartbeat updated
[2026-07-12 03:47:55] 🔹 SYSTEM: Fleet heartbeat updated
[2026-07-12 03:48:56] 🔹 SYSTEM: Fleet heartbeat updated
[2026-07-12 03:49:57] 🔹 SYSTEM: Fleet heartbeat updated
[2026-07-12 03:50:59] 🔹 SYSTEM: Fleet heartbeat updated
[2026-07-12 03:52:00] 🔹 SYSTEM: Fleet heartbeat updated
[2026-07-12 03:52:51] 🔹 SYSTEM: Status check — Pending: 0, Running: 0
[2026-07-12 03:53:01] 🔹 SYSTEM: Fleet heartbeat updated
[2026-07-12 03:54:03] 🔹 SYSTEM: Fleet heartbeat updated
[2026-07-12 03:55:04] 🔹 SYSTEM: Fleet heartbeat updated
[2026-07-12 03:56:06] 🔹 SYSTEM: Fleet heartbeat updated
[2026-07-12 03:57:07] 🔹 SYSTEM: Fleet heartbeat updated
[2026-07-12 03:58:08] 🔹 SYSTEM: Fleet heartbeat updated
[2026-07-12 03:59:09] 🔹 SYSTEM: Fleet heartbeat updated
[2026-07-12 04:00:10] 🔹 SYSTEM: Fleet heartbeat updated
[2026-07-12 04:01:11] 🔹 SYSTEM: Fleet heartbeat updated
[2026-07-12 04:02:13] 🔹 SYSTEM: Fleet heartbeat updated
[2026-07-12 04:03:04] 🔹 SYSTEM: Status check — Pending: 0, Running: 0
[2026-07-12 04:03:14] 🔹 SYSTEM: Fleet heartbeat updated
[2026-07-12 04:04:15] 🔹 SYSTEM: Fleet heartbeat updated
[2026-07-12 04:05:16] 🔹 SYSTEM: Fleet heartbeat updated
[2026-07-12 04:06:18] 🔹 SYSTEM: Fleet heartbeat updated
[2026-07-12 04:07:19] 🔹 SYSTEM: Fleet heartbeat updated
[2026-07-12 04:08:20] 🔹 SYSTEM: Fleet heartbeat updated
[2026-07-12 04:09:22] 🔹 SYSTEM: Fleet heartbeat updated
[2026-07-12 04:10:23] 🔹 SYSTEM: Fleet heartbeat updated
[2026-07-12 04:11:25] 🔹 SYSTEM: Fleet heartbeat updated
[2026-07-12 04:12:26] 🔹 SYSTEM: Fleet heartbeat updated
[2026-07-12 04:13:17] 🔹 SYSTEM: Status check — Pending: 0, Running: 0
[2026-07-12 04:13:27] 🔹 SYSTEM: Fleet heartbeat updated
[2026-07-12 04:14:29] 🔹 SYSTEM: Fleet heartbeat updated
[2026-07-12 04:15:30] 🔹 SYSTEM: Fleet heartbeat updated
[2026-07-12 04:16:31] 🔹 SYSTEM: Fleet heartbeat updated
[2026-07-12 04:17:33] 🔹 SYSTEM: Fleet heartbeat updated
[2026-07-12 04:18:34] 🔹 SYSTEM: Fleet heartbeat updated
[2026-07-12 04:19:35] 🔹 SYSTEM: Fleet heartbeat updated
[2026-07-12 04:20:37] 🔹 SYSTEM: Fleet heartbeat updated
[2026-07-12 04:21:38] 🔹 SYSTEM: Fleet heartbeat updated
[2026-07-12 04:22:39] 🔹 SYSTEM: Fleet heartbeat updated
[2026-07-12 04:23:31] 🔹 SYSTEM: Status check — Pending: 0, Running: 0
[2026-07-12 04:23:41] 🔹 SYSTEM: Fleet heartbeat updated
[2026-07-12 04:24:42] 🔹 SYSTEM: Fleet heartbeat updated
[2026-07-12 04:25:43] 🔹 SYSTEM: Fleet heartbeat updated
[2026-07-12 04:26:45] 🔹 SYSTEM: Fleet heartbeat updated
[2026-07-12 04:27:46] 🔹 SYSTEM: Fleet heartbeat updated
[2026-07-12 04:28:48] 🔹 SYSTEM: Fleet heartbeat updated
[2026-07-12 04:29:49] 🔹 SYSTEM: Fleet heartbeat updated
[2026-07-12 04:30:50] 🔹 SYSTEM: Fleet heartbeat updated
[2026-07-12 04:31:52] 🔹 SYSTEM: Fleet heartbeat updated
[2026-07-12 04:32:53] 🔹 SYSTEM: Fleet heartbeat updated
[2026-07-12 04:33:44] 🔹 SYSTEM: Status check — Pending: 0, Running: 0
[2026-07-12 04:33:54] 🔹 SYSTEM: Fleet heartbeat updated
[2026-07-12 04:34:56] 🔹 SYSTEM: Fleet heartbeat updated
[2026-07-12 04:35:57] 🔹 SYSTEM: Fleet heartbeat updated
[2026-07-12 04:36:58] 🔹 SYSTEM: Fleet heartbeat updated
[2026-07-12 04:38:00] 🔹 SYSTEM: Fleet heartbeat updated
[2026-07-12 04:39:01] 🔹 SYSTEM: Fleet heartbeat updated
[2026-07-12 04:40:02] 🔹 SYSTEM: Fleet heartbeat updated
[2026-07-12 04:41:04] 🔹 SYSTEM: Fleet heartbeat updated
[2026-07-12 04:42:05] 🔹 SYSTEM: Fleet heartbeat updated
[2026-07-12 04:43:07] 🔹 SYSTEM: Fleet heartbeat updated
[2026-07-12 04:43:58] 🔹 SYSTEM: Status check — Pending: 0, Running: 0
[2026-07-12 04:44:08] 🔹 SYSTEM: Fleet heartbeat updated
[2026-07-12 04:45:09] 🔹 SYSTEM: Fleet heartbeat updated
[2026-07-12 04:46:11] 🔹 SYSTEM: Fleet heartbeat updated
[2026-07-12 04:47:12] 🔹 SYSTEM: Fleet heartbeat updated
[2026-07-12 04:48:13] 🔹 SYSTEM: Fleet heartbeat updated
[2026-07-12 04:49:15] 🔹 SYSTEM: Fleet heartbeat updated
[2026-07-12 04:50:16] 🔹 SYSTEM: Fleet heartbeat updated
[2026-07-12 04:51:17] 🔹 SYSTEM: Fleet heartbeat updated
[2026-07-12 04:52:19] 🔹 SYSTEM: Fleet heartbeat updated
[2026-07-12 04:53:20] 🔹 SYSTEM: Fleet heartbeat updated
[2026-07-12 04:54:11] 🔹 SYSTEM: Status check — Pending: 0, Running: 0
[2026-07-12 04:54:21] 🔹 SYSTEM: Fleet heartbeat updated
[2026-07-12 04:55:23] 🔹 SYSTEM: Fleet heartbeat updated
[2026-07-12 04:56:24] 🔹 SYSTEM: Fleet heartbeat updated
[2026-07-12 04:57:25] 🔹 SYSTEM: Fleet heartbeat updated
[2026-07-12 04:58:27] 🔹 SYSTEM: Fleet heartbeat updated
[2026-07-12 04:59:28] 🔹 SYSTEM: Fleet heartbeat updated
[2026-07-12 05:00:29] 🔹 SYSTEM: Fleet heartbeat updated
[2026-07-12 05:01:31] 🔹 SYSTEM: Fleet heartbeat updated
[2026-07-12 05:02:32] 🔹 SYSTEM: Fleet heartbeat updated
[2026-07-12 05:03:33] 🔹 SYSTEM: Fleet heartbeat updated
[2026-07-12 05:04:24] 🔹 SYSTEM: Status check — Pending: 0, Running: 0
[2026-07-12 05:04:35] 🔹 SYSTEM: Fleet heartbeat updated
[2026-07-12 05:05:36] 🔹 SYSTEM: Fleet heartbeat updated
[2026-07-12 05:06:37] 🔹 SYSTEM: Fleet heartbeat updated
[2026-07-12 05:07:39] 🔹 SYSTEM: Fleet heartbeat updated
[2026-07-12 05:08:40] 🔹 SYSTEM: Fleet heartbeat updated
[2026-07-12 05:09:42] 🔹 SYSTEM: Fleet heartbeat updated
[2026-07-12 05:10:43] 🔹 SYSTEM: Fleet heartbeat updated
[2026-07-12 05:11:44] 🔹 SYSTEM: Fleet heartbeat updated
[2026-07-12 05:12:45] 🔹 SYSTEM: Fleet heartbeat updated
[2026-07-12 05:13:47] 🔹 SYSTEM: Fleet heartbeat updated
[2026-07-12 05:14:38] 🔹 SYSTEM: Status check — Pending: 0, Running: 0
[2026-07-12 05:14:48] 🔹 SYSTEM: Fleet heartbeat updated
[2026-07-12 05:15:50] 🔹 SYSTEM: Fleet heartbeat updated
[2026-07-12 05:16:51] 🔹 SYSTEM: Fleet heartbeat updated
[2026-07-12 05:17:52] 🔹 SYSTEM: Fleet heartbeat updated
[2026-07-12 05:18:54] 🔹 SYSTEM: Fleet heartbeat updated
[2026-07-12 05:19:55] 🔹 SYSTEM: Fleet heartbeat updated
[2026-07-12 05:20:56] 🔹 SYSTEM: Fleet heartbeat updated
[2026-07-12 05:21:58] 🔹 SYSTEM: Fleet heartbeat updated
[2026-07-12 05:22:59] 🔹 SYSTEM: Fleet heartbeat updated
[2026-07-12 05:24:01] 🔹 SYSTEM: Fleet heartbeat updated
[2026-07-12 05:24:52] 🔹 SYSTEM: Status check — Pending: 0, Running: 0
[2026-07-12 05:25:02] 🔹 SYSTEM: Fleet heartbeat updated
[2026-07-12 05:26:03] 🔹 SYSTEM: Fleet heartbeat updated
[2026-07-12 05:27:05] 🔹 SYSTEM: Fleet heartbeat updated
[2026-07-12 05:28:06] 🔹 SYSTEM: Fleet heartbeat updated
[2026-07-12 05:29:08] 🔹 SYSTEM: Fleet heartbeat updated
[2026-07-12 05:30:09] 🔹 SYSTEM: Fleet heartbeat updated
[2026-07-12 05:31:10] 🔹 SYSTEM: Fleet heartbeat updated
[2026-07-12 05:32:12] 🔹 SYSTEM: Fleet heartbeat updated
[2026-07-12 05:33:13] 🔹 SYSTEM: Fleet heartbeat updated
[2026-07-12 05:34:14] 🔹 SYSTEM: Fleet heartbeat updated
[2026-07-12 05:35:05] 🔹 SYSTEM: Status check — Pending: 0, Running: 0
[2026-07-12 05:35:16] 🔹 SYSTEM: Fleet heartbeat updated
[2026-07-12 05:36:17] 🔹 SYSTEM: Fleet heartbeat updated
[2026-07-12 05:37:18] 🔹 SYSTEM: Fleet heartbeat updated
[2026-07-12 05:38:20] 🔹 SYSTEM: Fleet heartbeat updated
[2026-07-12 05:39:21] 🔹 SYSTEM: Fleet heartbeat updated
[2026-07-12 05:40:22] 🔹 SYSTEM: Fleet heartbeat updated
[2026-07-12 05:41:24] 🔹 SYSTEM: Fleet heartbeat updated
[2026-07-12 05:42:25] 🔹 SYSTEM: Fleet heartbeat updated
[2026-07-12 05:43:27] 🔹 SYSTEM: Fleet heartbeat updated
[2026-07-12 05:44:28] 🔹 SYSTEM: Fleet heartbeat updated
[2026-07-12 05:45:19] 🔹 SYSTEM: Status check — Pending: 0, Running: 0
[2026-07-12 05:45:29] 🔹 SYSTEM: Fleet heartbeat updated
[2026-07-12 05:46:31] 🔹 SYSTEM: Fleet heartbeat updated
[2026-07-12 05:47:32] 🔹 SYSTEM: Fleet heartbeat updated
[2026-07-12 05:48:33] 🔹 SYSTEM: Fleet heartbeat updated
[2026-07-12 05:49:35] 🔹 SYSTEM: Fleet heartbeat updated
[2026-07-12 05:50:36] 🔹 SYSTEM: Fleet heartbeat updated
[2026-07-12 05:51:37] 🔹 SYSTEM: Fleet heartbeat updated
[2026-07-12 05:52:39] 🔹 SYSTEM: Fleet heartbeat updated
[2026-07-12 05:53:40] 🔹 SYSTEM: Fleet heartbeat updated
[2026-07-12 05:54:41] 🔹 SYSTEM: Fleet heartbeat updated
[2026-07-12 05:55:32] 🔹 SYSTEM: Status check — Pending: 0, Running: 0
[2026-07-12 05:55:43] 🔹 SYSTEM: Fleet heartbeat updated
[2026-07-12 05:56:44] 🔹 SYSTEM: Fleet heartbeat updated
[2026-07-12 05:57:45] 🔹 SYSTEM: Fleet heartbeat updated
[2026-07-12 05:58:46] 🔹 SYSTEM: Fleet heartbeat updated
[2026-07-12 05:59:48] 🔹 SYSTEM: Fleet heartbeat updated
[2026-07-12 06:00:49] 🔹 SYSTEM: Fleet heartbeat updated
[2026-07-12 06:01:51] 🔹 SYSTEM: Fleet heartbeat updated
[2026-07-12 06:02:52] 🔹 SYSTEM: Fleet heartbeat updated
[2026-07-12 06:03:53] 🔹 SYSTEM: Fleet heartbeat updated
[2026-07-12 06:04:55] 🔹 SYSTEM: Fleet heartbeat updated
[2026-07-12 06:05:46] 🔹 SYSTEM: Status check — Pending: 0, Running: 0
[2026-07-12 06:05:56] 🔹 SYSTEM: Fleet heartbeat updated
[2026-07-12 06:06:57] 🔹 SYSTEM: Fleet heartbeat updated
[2026-07-12 06:07:59] 🔹 SYSTEM: Fleet heartbeat updated
[2026-07-12 06:09:00] 🔹 SYSTEM: Fleet heartbeat updated
[2026-07-12 06:10:02] 🔹 SYSTEM: Fleet heartbeat updated
[2026-07-12 06:11:03] 🔹 SYSTEM: Fleet heartbeat updated
[2026-07-12 06:12:04] 🔹 SYSTEM: Fleet heartbeat updated
[2026-07-12 06:13:06] 🔹 SYSTEM: Fleet heartbeat updated
[2026-07-12 06:14:07] 🔹 SYSTEM: Fleet heartbeat updated
[2026-07-12 06:15:08] 🔹 SYSTEM: Fleet heartbeat updated
[2026-07-12 06:15:59] 🔹 SYSTEM: Status check — Pending: 0, Running: 0
[2026-07-12 06:16:10] 🔹 SYSTEM: Fleet heartbeat updated
[2026-07-12 06:17:11] 🔹 SYSTEM: Fleet heartbeat updated
[2026-07-12 06:18:12] 🔹 SYSTEM: Fleet heartbeat updated
[2026-07-12 06:19:14] 🔹 SYSTEM: Fleet heartbeat updated
[2026-07-12 06:20:15] 🔹 SYSTEM: Fleet heartbeat updated
[2026-07-12 06:21:16] 🔹 SYSTEM: Fleet heartbeat updated
[2026-07-12 06:22:18] 🔹 SYSTEM: Fleet heartbeat updated
[2026-07-12 06:23:19] 🔹 SYSTEM: Fleet heartbeat updated
[2026-07-12 06:24:20] 🔹 SYSTEM: Fleet heartbeat updated
[2026-07-12 06:25:22] 🔹 SYSTEM: Fleet heartbeat updated
[2026-07-12 06:26:13] 🔹 SYSTEM: Status check — Pending: 0, Running: 0
[2026-07-12 06:26:23] 🔹 SYSTEM: Fleet heartbeat updated
[2026-07-12 06:27:24] 🔹 SYSTEM: Fleet heartbeat updated
[2026-07-12 06:28:27] 🔹 SYSTEM: Fleet heartbeat updated
[2026-07-12 06:29:28] 🔹 SYSTEM: Fleet heartbeat updated
[2026-07-12 06:30:29] 🔹 SYSTEM: Fleet heartbeat updated
[2026-07-12 06:31:30] 🔹 SYSTEM: Fleet heartbeat updated
[2026-07-12 06:32:32] 🔹 SYSTEM: Fleet heartbeat updated
[2026-07-12 06:33:33] 🔹 SYSTEM: Fleet heartbeat updated
[2026-07-12 06:34:35] 🔹 SYSTEM: Fleet heartbeat updated
[2026-07-12 06:35:36] 🔹 SYSTEM: Fleet heartbeat updated
[2026-07-12 06:36:27] 🔹 SYSTEM: Status check — Pending: 0, Running: 0
[2026-07-12 06:36:37] 🔹 SYSTEM: Fleet heartbeat updated
[2026-07-12 06:37:39] 🔹 SYSTEM: Fleet heartbeat updated
[2026-07-12 06:38:40] 🔹 SYSTEM: Fleet heartbeat updated
[2026-07-12 06:39:41] 🔹 SYSTEM: Fleet heartbeat updated
[2026-07-12 06:40:43] 🔹 SYSTEM: Fleet heartbeat updated
[2026-07-12 06:41:44] 🔹 SYSTEM: Fleet heartbeat updated
[2026-07-12 06:42:46] 🔹 SYSTEM: Fleet heartbeat updated
[2026-07-12 06:43:47] 🔹 SYSTEM: Fleet heartbeat updated
[2026-07-12 06:44:48] 🔹 SYSTEM: Fleet heartbeat updated
[2026-07-12 06:45:50] 🔹 SYSTEM: Fleet heartbeat updated
[2026-07-12 06:46:41] 🔹 SYSTEM: Status check — Pending: 0, Running: 0
[2026-07-12 06:46:51] 🔹 SYSTEM: Fleet heartbeat updated
[2026-07-12 06:47:52] 🔹 SYSTEM: Fleet heartbeat updated
[2026-07-12 06:48:54] 🔹 SYSTEM: Fleet heartbeat updated
[2026-07-12 06:49:55] 🔹 SYSTEM: Fleet heartbeat updated
[2026-07-12 06:50:56] 🔹 SYSTEM: Fleet heartbeat updated
[2026-07-12 06:51:58] 🔹 SYSTEM: Fleet heartbeat updated
[2026-07-12 06:52:59] 🔹 SYSTEM: Fleet heartbeat updated
[2026-07-12 06:54:00] 🔹 SYSTEM: Fleet heartbeat updated
[2026-07-12 06:55:01] 🔹 SYSTEM: Fleet heartbeat updated
[2026-07-12 06:56:03] 🔹 SYSTEM: Fleet heartbeat updated
[2026-07-12 06:56:54] 🔹 SYSTEM: Status check — Pending: 0, Running: 0
[2026-07-12 06:57:04] 🔹 SYSTEM: Fleet heartbeat updated
[2026-07-12 06:58:06] 🔹 SYSTEM: Fleet heartbeat updated
[2026-07-12 06:59:07] 🔹 SYSTEM: Fleet heartbeat updated
[2026-07-12 07:00:08] 🔹 SYSTEM: Fleet heartbeat updated
[2026-07-12 07:01:10] 🔹 SYSTEM: Fleet heartbeat updated
[2026-07-12 07:02:11] 🔹 SYSTEM: Fleet heartbeat updated
[2026-07-12 07:03:12] 🔹 SYSTEM: Fleet heartbeat updated
[2026-07-12 07:04:13] 🔹 SYSTEM: Fleet heartbeat updated
[2026-07-12 07:05:15] 🔹 SYSTEM: Fleet heartbeat updated
[2026-07-12 07:06:16] 🔹 SYSTEM: Fleet heartbeat updated
[2026-07-12 07:07:08] 🔹 SYSTEM: Status check — Pending: 0, Running: 0
[2026-07-12 07:07:18] 🔹 SYSTEM: Fleet heartbeat updated
[2026-07-12 07:08:19] 🔹 SYSTEM: Fleet heartbeat updated
[2026-07-12 07:09:20] 🔹 SYSTEM: Fleet heartbeat updated
[2026-07-12 07:10:22] 🔹 SYSTEM: Fleet heartbeat updated
[2026-07-12 07:11:23] 🔹 SYSTEM: Fleet heartbeat updated
[2026-07-12 07:12:24] 🔹 SYSTEM: Fleet heartbeat updated
[2026-07-12 07:13:26] 🔹 SYSTEM: Fleet heartbeat updated
[2026-07-12 07:14:27] 🔹 SYSTEM: Fleet heartbeat updated
[2026-07-12 07:15:28] 🔹 SYSTEM: Fleet heartbeat updated
[2026-07-12 07:16:30] 🔹 SYSTEM: Fleet heartbeat updated
[2026-07-12 07:17:21] 🔹 SYSTEM: Status check — Pending: 0, Running: 0
[2026-07-12 07:17:31] 🔹 SYSTEM: Fleet heartbeat updated
[2026-07-12 07:18:32] 🔹 SYSTEM: Fleet heartbeat updated
[2026-07-12 07:19:34] 🔹 SYSTEM: Fleet heartbeat updated
[2026-07-12 07:20:35] 🔹 SYSTEM: Fleet heartbeat updated
[2026-07-12 07:21:36] 🔹 SYSTEM: Fleet heartbeat updated
[2026-07-12 07:22:37] 🔹 SYSTEM: Fleet heartbeat updated
[2026-07-12 07:23:39] 🔹 SYSTEM: Fleet heartbeat updated
[2026-07-12 07:24:40] 🔹 SYSTEM: Fleet heartbeat updated
[2026-07-12 07:25:41] 🔹 SYSTEM: Fleet heartbeat updated
[2026-07-12 07:26:43] 🔹 SYSTEM: Fleet heartbeat updated
[2026-07-12 07:27:34] 🔹 SYSTEM: Status check — Pending: 0, Running: 0
[2026-07-12 07:27:44] 🔹 SYSTEM: Fleet heartbeat updated
[2026-07-12 07:28:46] 🔹 SYSTEM: Fleet heartbeat updated
[2026-07-12 07:29:47] 🔹 SYSTEM: Fleet heartbeat updated
[2026-07-12 07:30:48] 🔹 SYSTEM: Fleet heartbeat updated
[2026-07-12 07:31:50] 🔹 SYSTEM: Fleet heartbeat updated
[2026-07-12 07:32:51] 🔹 SYSTEM: Fleet heartbeat updated
[2026-07-12 07:33:52] 🔹 SYSTEM: Fleet heartbeat updated
[2026-07-12 07:34:54] 🔹 SYSTEM: Fleet heartbeat updated
[2026-07-12 07:35:55] 🔹 SYSTEM: Fleet heartbeat updated
[2026-07-12 07:36:56] 🔹 SYSTEM: Fleet heartbeat updated
[2026-07-12 07:37:47] 🔹 SYSTEM: Status check — Pending: 0, Running: 0
[2026-07-12 07:37:57] 🔹 SYSTEM: Fleet heartbeat updated
[2026-07-12 07:38:59] 🔹 SYSTEM: Fleet heartbeat updated
[2026-07-12 07:40:00] 🔹 SYSTEM: Fleet heartbeat updated
[2026-07-12 07:41:01] 🔹 SYSTEM: Fleet heartbeat updated
[2026-07-12 07:42:03] 🔹 SYSTEM: Fleet heartbeat updated
[2026-07-12 07:43:04] 🔹 SYSTEM: Fleet heartbeat updated
[2026-07-12 07:44:06] 🔹 SYSTEM: Fleet heartbeat updated
[2026-07-12 07:45:07] 🔹 SYSTEM: Fleet heartbeat updated
[2026-07-12 07:46:08] 🔹 SYSTEM: Fleet heartbeat updated
[2026-07-12 07:47:10] 🔹 SYSTEM: Fleet heartbeat updated
[2026-07-12 07:48:01] 🔹 SYSTEM: Status check — Pending: 0, Running: 0
[2026-07-12 07:48:11] 🔹 SYSTEM: Fleet heartbeat updated
[2026-07-12 07:49:12] 🔹 SYSTEM: Fleet heartbeat updated
[2026-07-12 07:50:13] 🔹 SYSTEM: Fleet heartbeat updated
[2026-07-12 07:51:15] 🔹 SYSTEM: Fleet heartbeat updated
[2026-07-12 07:52:16] 🔹 SYSTEM: Fleet heartbeat updated
[2026-07-12 07:53:17] 🔹 SYSTEM: Fleet heartbeat updated
[2026-07-12 07:54:19] 🔹 SYSTEM: Fleet heartbeat updated
[2026-07-12 07:55:20] 🔹 SYSTEM: Fleet heartbeat updated
[2026-07-12 07:56:21] 🔹 SYSTEM: Fleet heartbeat updated
[2026-07-12 07:57:23] 🔹 SYSTEM: Fleet heartbeat updated
[2026-07-12 07:58:14] 🔹 SYSTEM: Status check — Pending: 0, Running: 0
[2026-07-12 07:58:24] 🔹 SYSTEM: Fleet heartbeat updated
[2026-07-12 07:59:25] 🔹 SYSTEM: Fleet heartbeat updated
[2026-07-12 08:00:27] 🔹 SYSTEM: Fleet heartbeat updated
[2026-07-12 08:01:28] 🔹 SYSTEM: Fleet heartbeat updated
[2026-07-12 08:02:29] 🔹 SYSTEM: Fleet heartbeat updated
[2026-07-12 08:03:31] 🔹 SYSTEM: Fleet heartbeat updated
[2026-07-12 08:04:32] 🔹 SYSTEM: Fleet heartbeat updated
[2026-07-12 08:05:33] 🔹 SYSTEM: Fleet heartbeat updated
[2026-07-12 08:06:35] 🔹 SYSTEM: Fleet heartbeat updated
[2026-07-12 08:07:36] 🔹 SYSTEM: Fleet heartbeat updated
[2026-07-12 08:08:27] 🔹 SYSTEM: Status check — Pending: 0, Running: 0
[2026-07-12 08:08:37] 🔹 SYSTEM: Fleet heartbeat updated
[2026-07-12 08:09:38] 🔹 SYSTEM: Fleet heartbeat updated
[2026-07-12 08:10:39] 🔹 SYSTEM: Fleet heartbeat updated
[2026-07-12 08:11:41] 🔹 SYSTEM: Fleet heartbeat updated
[2026-07-12 08:12:42] 🔹 SYSTEM: Fleet heartbeat updated
[2026-07-12 08:13:43] 🔹 SYSTEM: Fleet heartbeat updated
[2026-07-12 08:14:45] 🔹 SYSTEM: Fleet heartbeat updated
[2026-07-12 08:15:46] 🔹 SYSTEM: Fleet heartbeat updated
[2026-07-12 08:16:47] 🔹 SYSTEM: Fleet heartbeat updated
[2026-07-12 08:17:49] 🔹 SYSTEM: Fleet heartbeat updated
[2026-07-12 08:18:40] 🔹 SYSTEM: Status check — Pending: 0, Running: 0
[2026-07-12 08:18:50] 🔹 SYSTEM: Fleet heartbeat updated
[2026-07-12 08:19:51] 🔹 SYSTEM: Fleet heartbeat updated
[2026-07-12 08:20:53] 🔹 SYSTEM: Fleet heartbeat updated
[2026-07-12 08:21:54] 🔹 SYSTEM: Fleet heartbeat updated
[2026-07-12 08:22:55] 🔹 SYSTEM: Fleet heartbeat updated
[2026-07-12 08:23:56] 🔹 SYSTEM: Fleet heartbeat updated
[2026-07-12 08:24:56] 🔹 SYSTEM: Fleet heartbeat updated
[2026-07-12 08:25:57] 🔹 SYSTEM: Fleet heartbeat updated
[2026-07-12 08:26:58] 🔹 SYSTEM: Fleet heartbeat updated
[2026-07-12 08:28:00] 🔹 SYSTEM: Fleet heartbeat updated
[2026-07-12 08:28:51] 🔹 SYSTEM: Status check — Pending: 0, Running: 0
[2026-07-12 08:29:01] 🔹 SYSTEM: Fleet heartbeat updated
[2026-07-12 08:30:03] 🔹 SYSTEM: Fleet heartbeat updated
[2026-07-12 08:31:04] 🔹 SYSTEM: Fleet heartbeat updated
[2026-07-12 08:32:05] 🔹 SYSTEM: Fleet heartbeat updated
[2026-07-12 08:33:07] 🔹 SYSTEM: Fleet heartbeat updated
[2026-07-12 08:34:08] 🔹 SYSTEM: Fleet heartbeat updated
[2026-07-12 08:35:09] 🔹 SYSTEM: Fleet heartbeat updated
[2026-07-12 08:36:11] 🔹 SYSTEM: Fleet heartbeat updated
[2026-07-12 08:37:12] 🔹 SYSTEM: Fleet heartbeat updated
[2026-07-12 08:38:13] 🔹 SYSTEM: Fleet heartbeat updated
[2026-07-12 08:39:04] 🔹 SYSTEM: Status check — Pending: 0, Running: 0
[2026-07-12 08:39:15] 🔹 SYSTEM: Fleet heartbeat updated
[2026-07-12 08:40:16] 🔹 SYSTEM: Fleet heartbeat updated
[2026-07-12 08:41:17] 🔹 SYSTEM: Fleet heartbeat updated
[2026-07-12 08:42:19] 🔹 SYSTEM: Fleet heartbeat updated
[2026-07-12 08:43:20] 🔹 SYSTEM: Fleet heartbeat updated
[2026-07-12 08:44:21] 🔹 SYSTEM: Fleet heartbeat updated
[2026-07-12 08:45:23] 🔹 SYSTEM: Fleet heartbeat updated
[2026-07-12 08:46:24] 🔹 SYSTEM: Fleet heartbeat updated
[2026-07-12 08:47:25] 🔹 SYSTEM: Fleet heartbeat updated
[2026-07-12 08:48:26] 🔹 SYSTEM: Fleet heartbeat updated
[2026-07-12 08:49:17] 🔹 SYSTEM: Status check — Pending: 0, Running: 0
[2026-07-12 08:49:28] 🔹 SYSTEM: Fleet heartbeat updated
[2026-07-12 08:50:29] 🔹 SYSTEM: Fleet heartbeat updated
[2026-07-12 08:51:30] 🔹 SYSTEM: Fleet heartbeat updated
[2026-07-12 08:52:32] 🔹 SYSTEM: Fleet heartbeat updated
[2026-07-12 08:53:33] 🔹 SYSTEM: Fleet heartbeat updated
[2026-07-12 08:54:35] 🔹 SYSTEM: Fleet heartbeat updated
[2026-07-12 08:55:36] 🔹 SYSTEM: Fleet heartbeat updated
[2026-07-12 08:56:37] 🔹 SYSTEM: Fleet heartbeat updated
[2026-07-12 08:57:39] 🔹 SYSTEM: Fleet heartbeat updated
[2026-07-12 08:58:40] 🔹 SYSTEM: Fleet heartbeat updated
[2026-07-12 08:59:31] 🔹 SYSTEM: Status check — Pending: 0, Running: 0
[2026-07-12 08:59:41] 🔹 SYSTEM: Fleet heartbeat updated
[2026-07-12 09:00:43] 🔹 SYSTEM: Fleet heartbeat updated
[2026-07-12 09:01:44] 🔹 SYSTEM: Fleet heartbeat updated
[2026-07-12 09:02:45] 🔹 SYSTEM: Fleet heartbeat updated
[2026-07-12 09:03:47] 🔹 SYSTEM: Fleet heartbeat updated
[2026-07-12 09:04:48] 🔹 SYSTEM: Fleet heartbeat updated
[2026-07-12 09:05:50] 🔹 SYSTEM: Fleet heartbeat updated
[2026-07-12 09:06:51] 🔹 SYSTEM: Fleet heartbeat updated
[2026-07-12 09:07:52] 🔹 SYSTEM: Fleet heartbeat updated
[2026-07-12 09:08:54] 🔹 SYSTEM: Fleet heartbeat updated
[2026-07-12 09:09:44] 🔹 SYSTEM: Status check — Pending: 0, Running: 0
[2026-07-12 09:09:55] 🔹 SYSTEM: Fleet heartbeat updated
[2026-07-12 09:10:56] 🔹 SYSTEM: Fleet heartbeat updated
[2026-07-12 09:11:57] 🔹 SYSTEM: Fleet heartbeat updated
[2026-07-12 09:12:59] 🔹 SYSTEM: Fleet heartbeat updated
[2026-07-12 09:14:00] 🔹 SYSTEM: Fleet heartbeat updated
[2026-07-12 09:15:01] 🔹 SYSTEM: Fleet heartbeat updated
[2026-07-12 09:16:03] 🔹 SYSTEM: Fleet heartbeat updated
[2026-07-12 09:17:04] 🔹 SYSTEM: Fleet heartbeat updated
[2026-07-12 09:18:05] 🔹 SYSTEM: Fleet heartbeat updated
[2026-07-12 09:19:07] 🔹 SYSTEM: Fleet heartbeat updated
[2026-07-12 09:19:58] 🔹 SYSTEM: Status check — Pending: 0, Running: 0
[2026-07-12 09:20:08] 🔹 SYSTEM: Fleet heartbeat updated
[2026-07-12 09:21:09] 🔹 SYSTEM: Fleet heartbeat updated
[2026-07-12 09:22:11] 🔹 SYSTEM: Fleet heartbeat updated
[2026-07-12 09:23:12] 🔹 SYSTEM: Fleet heartbeat updated
[2026-07-12 09:24:13] 🔹 SYSTEM: Fleet heartbeat updated
[2026-07-12 09:25:14] 🔹 SYSTEM: Fleet heartbeat updated
[2026-07-12 09:26:15] 🔹 SYSTEM: Fleet heartbeat updated
[2026-07-12 09:27:17] 🔹 SYSTEM: Fleet heartbeat updated
[2026-07-12 09:28:18] 🔹 SYSTEM: Fleet heartbeat updated
[2026-07-12 09:29:19] 🔹 SYSTEM: Fleet heartbeat updated
[2026-07-12 09:30:10] 🔹 SYSTEM: Status check — Pending: 0, Running: 0
[2026-07-12 09:30:21] 🔹 SYSTEM: Fleet heartbeat updated
[2026-07-12 09:31:22] 🔹 SYSTEM: Fleet heartbeat updated
[2026-07-12 09:32:24] 🔹 SYSTEM: Fleet heartbeat updated
[2026-07-12 09:33:25] 🔹 SYSTEM: Fleet heartbeat updated
[2026-07-12 09:34:26] 🔹 SYSTEM: Fleet heartbeat updated
[2026-07-12 09:35:28] 🔹 SYSTEM: Fleet heartbeat updated
[2026-07-12 09:36:29] 🔹 SYSTEM: Fleet heartbeat updated
[2026-07-12 09:37:30] 🔹 SYSTEM: Fleet heartbeat updated
[2026-07-12 09:38:32] 🔹 SYSTEM: Fleet heartbeat updated
[2026-07-12 09:39:33] 🔹 SYSTEM: Fleet heartbeat updated
[2026-07-12 09:40:24] 🔹 SYSTEM: Status check — Pending: 0, Running: 0
[2026-07-12 09:40:34] 🔹 SYSTEM: Fleet heartbeat updated
[2026-07-12 09:41:36] 🔹 SYSTEM: Fleet heartbeat updated
[2026-07-12 09:42:37] 🔹 SYSTEM: Fleet heartbeat updated
[2026-07-12 09:43:38] 🔹 SYSTEM: Fleet heartbeat updated
[2026-07-12 09:44:39] 🔹 SYSTEM: Fleet heartbeat updated
[2026-07-12 09:45:41] 🔹 SYSTEM: Fleet heartbeat updated
[2026-07-12 09:46:42] 🔹 SYSTEM: Fleet heartbeat updated
[2026-07-12 09:47:43] 🔹 SYSTEM: Fleet heartbeat updated
[2026-07-12 09:48:45] 🔹 SYSTEM: Fleet heartbeat updated
[2026-07-12 09:49:46] 🔹 SYSTEM: Fleet heartbeat updated
[2026-07-12 09:50:37] 🔹 SYSTEM: Status check — Pending: 0, Running: 0
[2026-07-12 09:50:48] 🔹 SYSTEM: Fleet heartbeat updated
[2026-07-12 09:51:49] 🔹 SYSTEM: Fleet heartbeat updated
[2026-07-12 09:52:50] 🔹 SYSTEM: Fleet heartbeat updated
[2026-07-12 09:53:52] 🔹 SYSTEM: Fleet heartbeat updated
[2026-07-12 09:54:53] 🔹 SYSTEM: Fleet heartbeat updated
[2026-07-12 09:55:54] 🔹 SYSTEM: Fleet heartbeat updated
[2026-07-12 09:56:56] 🔹 SYSTEM: Fleet heartbeat updated
[2026-07-12 09:57:57] 🔹 SYSTEM: Fleet heartbeat updated
[2026-07-12 09:58:58] 🔹 SYSTEM: Fleet heartbeat updated
[2026-07-12 10:00:00] 🔹 SYSTEM: Fleet heartbeat updated
[2026-07-12 10:00:51] 🔹 SYSTEM: Status check — Pending: 0, Running: 0
[2026-07-12 10:01:01] 🔹 SYSTEM: Fleet heartbeat updated
[2026-07-12 10:02:02] 🔹 SYSTEM: Fleet heartbeat updated
[2026-07-12 10:03:04] 🔹 SYSTEM: Fleet heartbeat updated
[2026-07-12 10:04:05] 🔹 SYSTEM: Fleet heartbeat updated
[2026-07-12 10:05:06] 🔹 SYSTEM: Fleet heartbeat updated
[2026-07-12 10:06:08] 🔹 SYSTEM: Fleet heartbeat updated
[2026-07-12 10:07:09] 🔹 SYSTEM: Fleet heartbeat updated
[2026-07-12 10:08:10] 🔹 SYSTEM: Fleet heartbeat updated
[2026-07-12 10:09:12] 🔹 SYSTEM: Fleet heartbeat updated
[2026-07-12 10:10:13] 🔹 SYSTEM: Fleet heartbeat updated
[2026-07-12 10:11:04] 🔹 SYSTEM: Status check — Pending: 0, Running: 0
[2026-07-12 10:11:14] 🔹 SYSTEM: Fleet heartbeat updated
[2026-07-12 10:12:16] 🔹 SYSTEM: Fleet heartbeat updated
[2026-07-12 10:13:17] 🔹 SYSTEM: Fleet heartbeat updated
[2026-07-12 10:14:19] 🔹 SYSTEM: Fleet heartbeat updated
[2026-07-12 10:15:20] 🔹 SYSTEM: Fleet heartbeat updated
[2026-07-12 10:16:21] 🔹 SYSTEM: Fleet heartbeat updated
[2026-07-12 10:17:23] 🔹 SYSTEM: Fleet heartbeat updated
[2026-07-12 10:18:24] 🔹 SYSTEM: Fleet heartbeat updated
[2026-07-12 10:19:26] 🔹 SYSTEM: Fleet heartbeat updated
[2026-07-12 10:20:27] 🔹 SYSTEM: Fleet heartbeat updated
[2026-07-12 10:21:18] 🔹 SYSTEM: Status check — Pending: 0, Running: 0
[2026-07-12 10:21:28] 🔹 SYSTEM: Fleet heartbeat updated
[2026-07-12 10:22:29] 🔹 SYSTEM: Fleet heartbeat updated
[2026-07-12 10:23:31] 🔹 SYSTEM: Fleet heartbeat updated
[2026-07-12 10:24:32] 🔹 SYSTEM: Fleet heartbeat updated
[2026-07-12 10:25:33] 🔹 SYSTEM: Fleet heartbeat updated
[2026-07-12 10:26:35] 🔹 SYSTEM: Fleet heartbeat updated
[2026-07-12 10:27:36] 🔹 SYSTEM: Fleet heartbeat updated
[2026-07-12 10:28:40] 🔹 SYSTEM: Fleet heartbeat updated
[2026-07-12 10:29:41] 🔹 SYSTEM: Fleet heartbeat updated
[2026-07-12 10:30:42] 🔹 SYSTEM: Fleet heartbeat updated
[2026-07-12 10:31:33] 🔹 SYSTEM: Status check — Pending: 0, Running: 0
[2026-07-12 10:31:44] 🔹 SYSTEM: Fleet heartbeat updated
[2026-07-12 10:32:45] 🔹 SYSTEM: Fleet heartbeat updated
[2026-07-12 10:33:46] 🔹 SYSTEM: Fleet heartbeat updated
[2026-07-12 10:34:48] 🔹 SYSTEM: Fleet heartbeat updated
[2026-07-12 10:35:49] 🔹 SYSTEM: Fleet heartbeat updated
[2026-07-12 10:36:50] 🔹 SYSTEM: Fleet heartbeat updated
[2026-07-12 10:37:52] 🔹 SYSTEM: Fleet heartbeat updated
[2026-07-12 10:38:53] 🔹 SYSTEM: Fleet heartbeat updated
[2026-07-12 10:39:54] 🔹 SYSTEM: Fleet heartbeat updated
[2026-07-12 10:40:55] 🔹 SYSTEM: Fleet heartbeat updated
[2026-07-12 10:41:47] 🔹 SYSTEM: Status check — Pending: 0, Running: 0
[2026-07-12 10:41:57] 🔹 SYSTEM: Fleet heartbeat updated
[2026-07-12 10:42:58] 🔹 SYSTEM: Fleet heartbeat updated
[2026-07-12 10:44:00] 🔹 SYSTEM: Fleet heartbeat updated
[2026-07-12 10:45:01] 🔹 SYSTEM: Fleet heartbeat updated
[2026-07-12 10:46:02] 🔹 SYSTEM: Fleet heartbeat updated
[2026-07-12 10:47:03] 🔹 SYSTEM: Fleet heartbeat updated
[2026-07-12 10:48:04] 🔹 SYSTEM: Fleet heartbeat updated
[2026-07-12 10:49:06] 🔹 SYSTEM: Fleet heartbeat updated
[2026-07-12 10:50:07] 🔹 SYSTEM: Fleet heartbeat updated
[2026-07-12 10:51:08] 🔹 SYSTEM: Fleet heartbeat updated
[2026-07-12 10:52:00] 🔹 SYSTEM: Status check — Pending: 0, Running: 0
[2026-07-12 10:52:10] 🔹 SYSTEM: Fleet heartbeat updated
[2026-07-12 10:53:11] 🔹 SYSTEM: Fleet heartbeat updated
[2026-07-12 10:54:12] 🔹 SYSTEM: Fleet heartbeat updated
[2026-07-12 10:55:14] 🔹 SYSTEM: Fleet heartbeat updated
[2026-07-12 10:56:15] 🔹 SYSTEM: Fleet heartbeat updated
[2026-07-12 10:57:16] 🔹 SYSTEM: Fleet heartbeat updated
[2026-07-12 10:58:18] 🔹 SYSTEM: Fleet heartbeat updated
[2026-07-12 10:59:19] 🔹 SYSTEM: Fleet heartbeat updated
[2026-07-12 11:00:20] 🔹 SYSTEM: Fleet heartbeat updated
[2026-07-12 11:01:21] 🔹 SYSTEM: Fleet heartbeat updated
[2026-07-12 11:02:12] 🔹 SYSTEM: Status check — Pending: 0, Running: 0
[2026-07-12 11:02:23] 🔹 SYSTEM: Fleet heartbeat updated
[2026-07-12 11:03:24] 🔹 SYSTEM: Fleet heartbeat updated
[2026-07-12 11:04:26] 🔹 SYSTEM: Fleet heartbeat updated
[2026-07-12 11:05:27] 🔹 SYSTEM: Fleet heartbeat updated
[2026-07-12 11:06:28] 🔹 SYSTEM: Fleet heartbeat updated
[2026-07-12 11:07:30] 🔹 SYSTEM: Fleet heartbeat updated
[2026-07-12 11:08:31] 🔹 SYSTEM: Fleet heartbeat updated
[2026-07-12 11:09:32] 🔹 SYSTEM: Fleet heartbeat updated
[2026-07-12 11:10:33] 🔹 SYSTEM: Fleet heartbeat updated
[2026-07-12 11:11:35] 🔹 SYSTEM: Fleet heartbeat updated
[2026-07-12 11:12:26] 🔹 SYSTEM: Status check — Pending: 0, Running: 0
[2026-07-12 11:12:36] 🔹 SYSTEM: Fleet heartbeat updated
[2026-07-12 11:13:38] 🔹 SYSTEM: Fleet heartbeat updated
[2026-07-12 11:14:39] 🔹 SYSTEM: Fleet heartbeat updated
[2026-07-12 11:15:40] 🔹 SYSTEM: Fleet heartbeat updated
[2026-07-12 11:16:42] 🔹 SYSTEM: Fleet heartbeat updated
[2026-07-12 11:17:43] 🔹 SYSTEM: Fleet heartbeat updated
[2026-07-12 11:18:44] 🔹 SYSTEM: Fleet heartbeat updated
[2026-07-12 11:19:46] 🔹 SYSTEM: Fleet heartbeat updated
[2026-07-12 11:20:47] 🔹 SYSTEM: Fleet heartbeat updated
[2026-07-12 11:21:48] 🔹 SYSTEM: Fleet heartbeat updated
[2026-07-12 11:22:40] 🔹 SYSTEM: Status check — Pending: 0, Running: 0
[2026-07-12 11:22:50] 🔹 SYSTEM: Fleet heartbeat updated
[2026-07-12 11:23:51] 🔹 SYSTEM: Fleet heartbeat updated
[2026-07-12 11:24:52] 🔹 SYSTEM: Fleet heartbeat updated
[2026-07-12 11:25:54] 🔹 SYSTEM: Fleet heartbeat updated
[2026-07-12 11:26:57] 🔹 SYSTEM: Fleet heartbeat updated
[2026-07-12 11:27:58] 🔹 SYSTEM: Fleet heartbeat updated
[2026-07-12 11:29:00] 🔹 SYSTEM: Fleet heartbeat updated
[2026-07-12 11:30:01] 🔹 SYSTEM: Fleet heartbeat updated
[2026-07-12 11:31:02] 🔹 SYSTEM: Fleet heartbeat updated
[2026-07-12 11:32:03] 🔹 SYSTEM: Fleet heartbeat updated
[2026-07-12 11:32:54] 🔹 SYSTEM: Status check — Pending: 0, Running: 0
[2026-07-12 11:33:05] 🔹 SYSTEM: Fleet heartbeat updated
[2026-07-12 11:34:06] 🔹 SYSTEM: Fleet heartbeat updated
[2026-07-12 11:35:08] 🔹 SYSTEM: Fleet heartbeat updated
[2026-07-12 11:36:09] 🔹 SYSTEM: Fleet heartbeat updated
[2026-07-12 11:37:10] 🔹 SYSTEM: Fleet heartbeat updated
[2026-07-12 11:38:11] 🔹 SYSTEM: Fleet heartbeat updated
[2026-07-12 11:39:13] 🔹 SYSTEM: Fleet heartbeat updated
[2026-07-12 11:40:14] 🔹 SYSTEM: Fleet heartbeat updated
[2026-07-12 11:41:15] 🔹 SYSTEM: Fleet heartbeat updated
[2026-07-12 11:42:17] 🔹 SYSTEM: Fleet heartbeat updated
[2026-07-12 11:43:08] 🔹 SYSTEM: Status check — Pending: 0, Running: 0
[2026-07-12 11:43:18] 🔹 SYSTEM: Fleet heartbeat updated
[2026-07-12 11:44:19] 🔹 SYSTEM: Fleet heartbeat updated
[2026-07-12 11:45:21] 🔹 SYSTEM: Fleet heartbeat updated
[2026-07-12 11:46:22] 🔹 SYSTEM: Fleet heartbeat updated
[2026-07-12 11:47:23] 🔹 SYSTEM: Fleet heartbeat updated
[2026-07-12 11:48:25] 🔹 SYSTEM: Fleet heartbeat updated
[2026-07-12 11:49:26] 🔹 SYSTEM: Fleet heartbeat updated
[2026-07-12 11:50:27] 🔹 SYSTEM: Fleet heartbeat updated
[2026-07-12 11:51:29] 🔹 SYSTEM: Fleet heartbeat updated
[2026-07-12 11:52:30] 🔹 SYSTEM: Fleet heartbeat updated
[2026-07-12 11:53:21] 🔹 SYSTEM: Status check — Pending: 0, Running: 0
[2026-07-12 11:53:31] 🔹 SYSTEM: Fleet heartbeat updated
[2026-07-12 11:54:32] 🔹 SYSTEM: Fleet heartbeat updated
[2026-07-12 11:55:34] 🔹 SYSTEM: Fleet heartbeat updated
[2026-07-12 11:56:35] 🔹 SYSTEM: Fleet heartbeat updated
[2026-07-12 11:57:37] 🔹 SYSTEM: Fleet heartbeat updated
[2026-07-12 11:58:38] 🔹 SYSTEM: Fleet heartbeat updated
[2026-07-12 11:59:39] 🔹 SYSTEM: Fleet heartbeat updated
[2026-07-12 12:00:40] 🔹 SYSTEM: Fleet heartbeat updated
[2026-07-12 12:01:42] 🔹 SYSTEM: Fleet heartbeat updated
[2026-07-12 12:02:43] 🔹 SYSTEM: Fleet heartbeat updated
[2026-07-12 12:03:34] 🔹 SYSTEM: Status check — Pending: 0, Running: 0
[2026-07-12 12:03:44] 🔹 SYSTEM: Fleet heartbeat updated
[2026-07-12 12:04:45] 🔹 SYSTEM: Fleet heartbeat updated
[2026-07-12 12:05:47] 🔹 SYSTEM: Fleet heartbeat updated
[2026-07-12 12:06:48] 🔹 SYSTEM: Fleet heartbeat updated
[2026-07-12 12:07:49] 🔹 SYSTEM: Fleet heartbeat updated
[2026-07-12 12:08:51] 🔹 SYSTEM: Fleet heartbeat updated
[2026-07-12 12:09:52] 🔹 SYSTEM: Fleet heartbeat updated
[2026-07-12 12:10:53] 🔹 SYSTEM: Fleet heartbeat updated
[2026-07-12 12:11:55] 🔹 SYSTEM: Fleet heartbeat updated
[2026-07-12 12:12:56] 🔹 SYSTEM: Fleet heartbeat updated
[2026-07-12 12:13:47] 🔹 SYSTEM: Status check — Pending: 0, Running: 0
[2026-07-12 12:13:58] 🔹 SYSTEM: Fleet heartbeat updated
[2026-07-12 12:14:59] 🔹 SYSTEM: Fleet heartbeat updated
[2026-07-12 12:16:00] 🔹 SYSTEM: Fleet heartbeat updated
[2026-07-12 12:17:01] 🔹 SYSTEM: Fleet heartbeat updated
[2026-07-12 12:18:03] 🔹 SYSTEM: Fleet heartbeat updated
[2026-07-12 12:19:04] 🔹 SYSTEM: Fleet heartbeat updated
[2026-07-12 12:20:05] 🔹 SYSTEM: Fleet heartbeat updated
[2026-07-12 12:21:07] 🔹 SYSTEM: Fleet heartbeat updated
[2026-07-12 12:22:08] 🔹 SYSTEM: Fleet heartbeat updated
[2026-07-12 12:23:09] 🔹 SYSTEM: Fleet heartbeat updated
[2026-07-12 12:24:00] 🔹 SYSTEM: Status check — Pending: 0, Running: 0
[2026-07-12 12:24:10] 🔹 SYSTEM: Fleet heartbeat updated
[2026-07-12 12:25:12] 🔹 SYSTEM: Fleet heartbeat updated
[2026-07-12 12:26:13] 🔹 SYSTEM: Fleet heartbeat updated
[2026-07-12 12:27:14] 🔹 SYSTEM: Fleet heartbeat updated
[2026-07-12 12:28:16] 🔹 SYSTEM: Fleet heartbeat updated
[2026-07-12 12:29:17] 🔹 SYSTEM: Fleet heartbeat updated
[2026-07-12 12:30:18] 🔹 SYSTEM: Fleet heartbeat updated
[2026-07-12 12:31:20] 🔹 SYSTEM: Fleet heartbeat updated
[2026-07-12 12:32:21] 🔹 SYSTEM: Fleet heartbeat updated
[2026-07-12 12:33:23] 🔹 SYSTEM: Fleet heartbeat updated
[2026-07-12 12:34:14] 🔹 SYSTEM: Status check — Pending: 0, Running: 0
[2026-07-12 12:34:24] 🔹 SYSTEM: Fleet heartbeat updated
[2026-07-12 12:35:25] 🔹 SYSTEM: Fleet heartbeat updated
[2026-07-12 12:36:27] 🔹 SYSTEM: Fleet heartbeat updated
[2026-07-12 12:37:28] 🔹 SYSTEM: Fleet heartbeat updated
[2026-07-12 12:38:29] 🔹 SYSTEM: Fleet heartbeat updated
[2026-07-12 12:39:30] 🔹 SYSTEM: Fleet heartbeat updated
[2026-07-12 12:40:32] 🔹 SYSTEM: Fleet heartbeat updated
[2026-07-12 12:41:33] 🔹 SYSTEM: Fleet heartbeat updated
[2026-07-12 12:42:34] 🔹 SYSTEM: Fleet heartbeat updated
[2026-07-12 12:43:36] 🔹 SYSTEM: Fleet heartbeat updated
[2026-07-12 12:44:27] 🔹 SYSTEM: Status check — Pending: 0, Running: 0
[2026-07-12 12:44:37] 🔹 SYSTEM: Fleet heartbeat updated
[2026-07-12 12:45:38] 🔹 SYSTEM: Fleet heartbeat updated
[2026-07-12 12:46:40] 🔹 SYSTEM: Fleet heartbeat updated
[2026-07-12 12:47:41] 🔹 SYSTEM: Fleet heartbeat updated
[2026-07-12 12:48:42] 🔹 SYSTEM: Fleet heartbeat updated
[2026-07-12 12:49:44] 🔹 SYSTEM: Fleet heartbeat updated
[2026-07-12 12:50:45] 🔹 SYSTEM: Fleet heartbeat updated
[2026-07-12 12:51:47] 🔹 SYSTEM: Fleet heartbeat updated
[2026-07-12 12:52:48] 🔹 SYSTEM: Fleet heartbeat updated
[2026-07-12 12:53:49] 🔹 SYSTEM: Fleet heartbeat updated
[2026-07-12 12:54:40] 🔹 SYSTEM: Status check — Pending: 0, Running: 0
[2026-07-12 12:54:50] 🔹 SYSTEM: Fleet heartbeat updated
[2026-07-12 12:55:52] 🔹 SYSTEM: Fleet heartbeat updated
[2026-07-12 12:56:53] 🔹 SYSTEM: Fleet heartbeat updated
[2026-07-12 12:57:55] 🔹 SYSTEM: Fleet heartbeat updated
[2026-07-12 12:58:56] 🔹 SYSTEM: Fleet heartbeat updated
[2026-07-12 12:59:57] 🔹 SYSTEM: Fleet heartbeat updated
[2026-07-12 13:00:59] 🔹 SYSTEM: Fleet heartbeat updated
[2026-07-12 13:02:00] 🔹 SYSTEM: Fleet heartbeat updated
[2026-07-12 13:03:01] 🔹 SYSTEM: Fleet heartbeat updated
[2026-07-12 13:04:03] 🔹 SYSTEM: Fleet heartbeat updated
[2026-07-12 13:04:54] 🔹 SYSTEM: Status check — Pending: 0, Running: 0
[2026-07-12 13:05:04] 🔹 SYSTEM: Fleet heartbeat updated
[2026-07-12 13:06:05] 🔹 SYSTEM: Fleet heartbeat updated
[2026-07-12 13:07:07] 🔹 SYSTEM: Fleet heartbeat updated
[2026-07-12 13:08:08] 🔹 SYSTEM: Fleet heartbeat updated
[2026-07-12 13:09:09] 🔹 SYSTEM: Fleet heartbeat updated
[2026-07-12 13:10:10] 🔹 SYSTEM: Fleet heartbeat updated
[2026-07-12 13:11:12] 🔹 SYSTEM: Fleet heartbeat updated
[2026-07-12 13:12:13] 🔹 SYSTEM: Fleet heartbeat updated
[2026-07-12 13:13:14] 🔹 SYSTEM: Fleet heartbeat updated
[2026-07-12 13:14:15] 🔹 SYSTEM: Fleet heartbeat updated
[2026-07-12 13:15:07] 🔹 SYSTEM: Status check — Pending: 0, Running: 0
[2026-07-12 13:15:17] 🔹 SYSTEM: Fleet heartbeat updated
[2026-07-12 13:16:18] 🔹 SYSTEM: Fleet heartbeat updated
[2026-07-12 13:17:19] 🔹 SYSTEM: Fleet heartbeat updated
[2026-07-12 13:18:21] 🔹 SYSTEM: Fleet heartbeat updated
[2026-07-12 13:19:22] 🔹 SYSTEM: Fleet heartbeat updated
[2026-07-12 13:20:23] 🔹 SYSTEM: Fleet heartbeat updated
[2026-07-12 13:21:25] 🔹 SYSTEM: Fleet heartbeat updated
[2026-07-12 13:22:26] 🔹 SYSTEM: Fleet heartbeat updated
[2026-07-12 13:23:27] 🔹 SYSTEM: Fleet heartbeat updated
[2026-07-12 13:24:28] 🔹 SYSTEM: Fleet heartbeat updated
[2026-07-12 13:25:19] 🔹 SYSTEM: Status check — Pending: 0, Running: 0
[2026-07-12 13:25:29] 🔹 SYSTEM: Fleet heartbeat updated
[2026-07-12 13:26:31] 🔹 SYSTEM: Fleet heartbeat updated
[2026-07-12 13:27:34] 🔹 SYSTEM: Fleet heartbeat updated
[2026-07-12 13:28:36] 🔹 SYSTEM: Fleet heartbeat updated
[2026-07-12 13:29:37] 🔹 SYSTEM: Fleet heartbeat updated
[2026-07-12 13:30:39] 🔹 SYSTEM: Fleet heartbeat updated
[2026-07-12 13:31:40] 🔹 SYSTEM: Fleet heartbeat updated
[2026-07-12 13:32:41] 🔹 SYSTEM: Fleet heartbeat updated
[2026-07-12 13:33:43] 🔹 SYSTEM: Fleet heartbeat updated
[2026-07-12 13:34:44] 🔹 SYSTEM: Fleet heartbeat updated
[2026-07-12 13:35:35] 🔹 SYSTEM: Status check — Pending: 0, Running: 0
[2026-07-12 13:35:45] 🔹 SYSTEM: Fleet heartbeat updated
[2026-07-12 13:36:46] 🔹 SYSTEM: Fleet heartbeat updated
[2026-07-12 13:37:48] 🔹 SYSTEM: Fleet heartbeat updated
[2026-07-12 13:38:49] 🔹 SYSTEM: Fleet heartbeat updated
[2026-07-12 13:39:51] 🔹 SYSTEM: Fleet heartbeat updated
[2026-07-12 13:40:52] 🔹 SYSTEM: Fleet heartbeat updated
[2026-07-12 13:41:53] 🔹 SYSTEM: Fleet heartbeat updated
[2026-07-12 13:42:54] 🔹 SYSTEM: Fleet heartbeat updated
[2026-07-12 13:43:56] 🔹 SYSTEM: Fleet heartbeat updated
[2026-07-12 13:44:57] 🔹 SYSTEM: Fleet heartbeat updated
[2026-07-12 13:45:48] 🔹 SYSTEM: Status check — Pending: 0, Running: 0
[2026-07-12 13:45:58] 🔹 SYSTEM: Fleet heartbeat updated
[2026-07-12 13:47:00] 🔹 SYSTEM: Fleet heartbeat updated
[2026-07-12 13:48:01] 🔹 SYSTEM: Fleet heartbeat updated
[2026-07-12 13:49:02] 🔹 SYSTEM: Fleet heartbeat updated
[2026-07-12 13:50:04] 🔹 SYSTEM: Fleet heartbeat updated
[2026-07-12 13:51:05] 🔹 SYSTEM: Fleet heartbeat updated
[2026-07-12 13:52:06] 🔹 SYSTEM: Fleet heartbeat updated
[2026-07-12 13:53:08] 🔹 SYSTEM: Fleet heartbeat updated
[2026-07-12 13:54:09] 🔹 SYSTEM: Fleet heartbeat updated
[2026-07-12 13:55:11] 🔹 SYSTEM: Fleet heartbeat updated
[2026-07-12 13:56:02] 🔹 SYSTEM: Status check — Pending: 0, Running: 0
[2026-07-12 13:56:12] 🔹 SYSTEM: Fleet heartbeat updated
[2026-07-12 13:57:13] 🔹 SYSTEM: Fleet heartbeat updated
[2026-07-12 13:58:14] 🔹 SYSTEM: Fleet heartbeat updated
[2026-07-12 13:59:15] 🔹 SYSTEM: Fleet heartbeat updated
[2026-07-12 14:00:17] 🔹 SYSTEM: Fleet heartbeat updated
[2026-07-12 14:01:18] 🔹 SYSTEM: Fleet heartbeat updated
[2026-07-12 14:02:19] 🔹 SYSTEM: Fleet heartbeat updated
[2026-07-12 14:03:20] 🔹 SYSTEM: Fleet heartbeat updated
[2026-07-12 14:04:21] 🔹 SYSTEM: Fleet heartbeat updated
[2026-07-12 14:05:23] 🔹 SYSTEM: Fleet heartbeat updated
[2026-07-12 14:06:14] 🔹 SYSTEM: Status check — Pending: 0, Running: 0
[2026-07-12 14:06:24] 🔹 SYSTEM: Fleet heartbeat updated
[2026-07-12 14:07:26] 🔹 SYSTEM: Fleet heartbeat updated
[2026-07-12 14:08:27] 🔹 SYSTEM: Fleet heartbeat updated
[2026-07-12 14:09:28] 🔹 SYSTEM: Fleet heartbeat updated
[2026-07-12 14:10:29] 🔹 SYSTEM: Fleet heartbeat updated
[2026-07-12 14:11:31] 🔹 SYSTEM: Fleet heartbeat updated
[2026-07-12 14:12:32] 🔹 SYSTEM: Fleet heartbeat updated
[2026-07-12 14:13:34] 🔹 SYSTEM: Fleet heartbeat updated
[2026-07-12 14:14:35] 🔹 SYSTEM: Fleet heartbeat updated
[2026-07-12 14:15:36] 🔹 SYSTEM: Fleet heartbeat updated
[2026-07-12 14:16:28] 🔹 SYSTEM: Status check — Pending: 0, Running: 0
[2026-07-12 14:16:38] 🔹 SYSTEM: Fleet heartbeat updated
[2026-07-12 14:17:39] 🔹 SYSTEM: Fleet heartbeat updated
[2026-07-12 14:18:40] 🔹 SYSTEM: Fleet heartbeat updated
[2026-07-12 14:19:42] 🔹 SYSTEM: Fleet heartbeat updated
[2026-07-12 14:20:43] 🔹 SYSTEM: Fleet heartbeat updated
[2026-07-12 14:21:44] 🔹 SYSTEM: Fleet heartbeat updated
[2026-07-12 14:22:45] 🔹 SYSTEM: Fleet heartbeat updated
[2026-07-12 14:23:46] 🔹 SYSTEM: Fleet heartbeat updated
[2026-07-12 14:24:48] 🔹 SYSTEM: Fleet heartbeat updated
[2026-07-12 14:25:49] 🔹 SYSTEM: Fleet heartbeat updated
[2026-07-12 14:26:40] 🔹 SYSTEM: Status check — Pending: 0, Running: 0
[2026-07-12 14:26:53] 🔹 SYSTEM: Fleet heartbeat updated
[2026-07-12 14:27:54] 🔹 SYSTEM: Fleet heartbeat updated
[2026-07-12 14:28:56] 🔹 SYSTEM: Fleet heartbeat updated
[2026-07-12 14:29:57] 🔹 SYSTEM: Fleet heartbeat updated
[2026-07-12 14:30:58] 🔹 SYSTEM: Fleet heartbeat updated
[2026-07-12 14:31:59] 🔹 SYSTEM: Fleet heartbeat updated
[2026-07-12 14:33:00] 🔹 SYSTEM: Fleet heartbeat updated
[2026-07-12 14:34:02] 🔹 SYSTEM: Fleet heartbeat updated
[2026-07-12 14:35:03] 🔹 SYSTEM: Fleet heartbeat updated
[2026-07-12 14:36:05] 🔹 SYSTEM: Fleet heartbeat updated
[2026-07-12 14:36:56] 🔹 SYSTEM: Status check — Pending: 0, Running: 0
[2026-07-12 14:37:06] 🔹 SYSTEM: Fleet heartbeat updated
[2026-07-12 14:38:08] 🔹 SYSTEM: Fleet heartbeat updated
[2026-07-12 14:39:09] 🔹 SYSTEM: Fleet heartbeat updated
[2026-07-12 14:40:11] 🔹 SYSTEM: Fleet heartbeat updated
[2026-07-12 14:41:12] 🔹 SYSTEM: Fleet heartbeat updated
[2026-07-12 14:42:14] 🔹 SYSTEM: Fleet heartbeat updated
[2026-07-12 14:43:15] 🔹 SYSTEM: Fleet heartbeat updated
[2026-07-12 14:44:17] 🔹 SYSTEM: Fleet heartbeat updated
[2026-07-12 14:45:18] 🔹 SYSTEM: Fleet heartbeat updated
[2026-07-12 14:46:19] 🔹 SYSTEM: Fleet heartbeat updated
[2026-07-12 14:47:10] 🔹 SYSTEM: Status check — Pending: 0, Running: 0
[2026-07-12 14:47:20] 🔹 SYSTEM: Fleet heartbeat updated
[2026-07-12 14:48:22] 🔹 SYSTEM: Fleet heartbeat updated
[2026-07-12 14:49:23] 🔹 SYSTEM: Fleet heartbeat updated
[2026-07-12 14:50:24] 🔹 SYSTEM: Fleet heartbeat updated
[2026-07-12 14:51:26] 🔹 SYSTEM: Fleet heartbeat updated
[2026-07-12 14:52:27] 🔹 SYSTEM: Fleet heartbeat updated
[2026-07-12 14:53:28] 🔹 SYSTEM: Fleet heartbeat updated
[2026-07-12 14:54:30] 🔹 SYSTEM: Fleet heartbeat updated
[2026-07-12 14:55:31] 🔹 SYSTEM: Fleet heartbeat updated
[2026-07-12 14:56:32] 🔹 SYSTEM: Fleet heartbeat updated
[2026-07-12 14:57:23] 🔹 SYSTEM: Status check — Pending: 0, Running: 0
[2026-07-12 14:57:34] 🔹 SYSTEM: Fleet heartbeat updated
[2026-07-12 14:58:35] 🔹 SYSTEM: Fleet heartbeat updated
[2026-07-12 14:59:36] 🔹 SYSTEM: Fleet heartbeat updated
[2026-07-12 15:00:38] 🔹 SYSTEM: Fleet heartbeat updated
[2026-07-12 15:01:39] 🔹 SYSTEM: Fleet heartbeat updated
[2026-07-12 15:02:40] 🔹 SYSTEM: Fleet heartbeat updated
[2026-07-12 15:03:42] 🔹 SYSTEM: Fleet heartbeat updated
[2026-07-12 15:04:43] 🔹 SYSTEM: Fleet heartbeat updated
[2026-07-12 15:05:44] 🔹 SYSTEM: Fleet heartbeat updated
[2026-07-12 15:06:46] 🔹 SYSTEM: Fleet heartbeat updated
[2026-07-12 15:07:37] 🔹 SYSTEM: Status check — Pending: 0, Running: 0
[2026-07-12 15:07:47] 🔹 SYSTEM: Fleet heartbeat updated
[2026-07-12 15:08:48] 🔹 SYSTEM: Fleet heartbeat updated
[2026-07-12 15:09:50] 🔹 SYSTEM: Fleet heartbeat updated
[2026-07-12 15:10:51] 🔹 SYSTEM: Fleet heartbeat updated
[2026-07-12 15:11:52] 🔹 SYSTEM: Fleet heartbeat updated
[2026-07-12 15:12:53] 🔹 SYSTEM: Fleet heartbeat updated
[2026-07-12 15:13:55] 🔹 SYSTEM: Fleet heartbeat updated
[2026-07-12 15:14:56] 🔹 SYSTEM: Fleet heartbeat updated
[2026-07-12 15:15:57] 🔹 SYSTEM: Fleet heartbeat updated
[2026-07-12 15:16:59] 🔹 SYSTEM: Fleet heartbeat updated
[2026-07-12 15:17:50] 🔹 SYSTEM: Status check — Pending: 0, Running: 0
[2026-07-12 15:18:00] 🔹 SYSTEM: Fleet heartbeat updated
[2026-07-12 15:19:02] 🔹 SYSTEM: Fleet heartbeat updated
[2026-07-12 15:20:03] 🔹 SYSTEM: Fleet heartbeat updated
[2026-07-12 15:21:04] 🔹 SYSTEM: Fleet heartbeat updated
[2026-07-12 15:22:06] 🔹 SYSTEM: Fleet heartbeat updated
[2026-07-12 15:23:07] 🔹 SYSTEM: Fleet heartbeat updated
[2026-07-12 15:24:09] 🔹 SYSTEM: Fleet heartbeat updated
[2026-07-12 15:25:10] 🔹 SYSTEM: Fleet heartbeat updated
[2026-07-12 15:26:11] 🔹 SYSTEM: Fleet heartbeat updated
[2026-07-12 15:27:16] 🔹 SYSTEM: Fleet heartbeat updated
[2026-07-12 15:28:07] 🔹 SYSTEM: Status check — Pending: 0, Running: 0
[2026-07-12 15:28:17] 🔹 SYSTEM: Fleet heartbeat updated
[2026-07-12 15:29:18] 🔹 SYSTEM: Fleet heartbeat updated
[2026-07-12 15:30:19] 🔹 SYSTEM: Fleet heartbeat updated
[2026-07-12 15:31:21] 🔹 SYSTEM: Fleet heartbeat updated
[2026-07-12 15:32:22] 🔹 SYSTEM: Fleet heartbeat updated
[2026-07-12 15:33:24] 🔹 SYSTEM: Fleet heartbeat updated
[2026-07-12 15:34:25] 🔹 SYSTEM: Fleet heartbeat updated
[2026-07-12 15:35:26] 🔹 SYSTEM: Fleet heartbeat updated
[2026-07-12 15:36:27] 🔹 SYSTEM: Fleet heartbeat updated
[2026-07-12 15:37:29] 🔹 SYSTEM: Fleet heartbeat updated
[2026-07-12 15:38:20] 🔹 SYSTEM: Status check — Pending: 0, Running: 0
[2026-07-12 15:38:30] 🔹 SYSTEM: Fleet heartbeat updated
[2026-07-12 15:39:32] 🔹 SYSTEM: Fleet heartbeat updated
[2026-07-12 15:40:33] 🔹 SYSTEM: Fleet heartbeat updated
[2026-07-12 15:41:34] 🔹 SYSTEM: Fleet heartbeat updated
[2026-07-12 15:42:36] 🔹 SYSTEM: Fleet heartbeat updated
[2026-07-12 15:43:37] 🔹 SYSTEM: Fleet heartbeat updated
[2026-07-12 15:44:39] 🔹 SYSTEM: Fleet heartbeat updated
[2026-07-12 15:45:40] 🔹 SYSTEM: Fleet heartbeat updated
[2026-07-12 15:46:41] 🔹 SYSTEM: Fleet heartbeat updated
[2026-07-12 15:47:42] 🔹 SYSTEM: Fleet heartbeat updated
[2026-07-12 15:48:34] 🔹 SYSTEM: Status check — Pending: 0, Running: 0
[2026-07-12 15:48:44] 🔹 SYSTEM: Fleet heartbeat updated
[2026-07-12 15:49:45] 🔹 SYSTEM: Fleet heartbeat updated
[2026-07-12 15:50:46] 🔹 SYSTEM: Fleet heartbeat updated
[2026-07-12 15:51:48] 🔹 SYSTEM: Fleet heartbeat updated
[2026-07-12 15:52:49] 🔹 SYSTEM: Fleet heartbeat updated
[2026-07-12 15:53:50] 🔹 SYSTEM: Fleet heartbeat updated
[2026-07-12 15:54:52] 🔹 SYSTEM: Fleet heartbeat updated
[2026-07-12 15:55:53] 🔹 SYSTEM: Fleet heartbeat updated
[2026-07-12 15:56:54] 🔹 SYSTEM: Fleet heartbeat updated
[2026-07-12 15:57:56] 🔹 SYSTEM: Fleet heartbeat updated
[2026-07-12 15:58:47] 🔹 SYSTEM: Status check — Pending: 0, Running: 0
[2026-07-12 15:58:57] 🔹 SYSTEM: Fleet heartbeat updated
[2026-07-12 15:59:58] 🔹 SYSTEM: Fleet heartbeat updated
[2026-07-12 16:01:00] 🔹 SYSTEM: Fleet heartbeat updated
[2026-07-12 16:02:01] 🔹 SYSTEM: Fleet heartbeat updated
[2026-07-12 16:03:02] 🔹 SYSTEM: Fleet heartbeat updated
[2026-07-12 16:04:04] 🔹 SYSTEM: Fleet heartbeat updated
[2026-07-12 16:05:05] 🔹 SYSTEM: Fleet heartbeat updated
[2026-07-12 16:06:06] 🔹 SYSTEM: Fleet heartbeat updated
[2026-07-12 16:07:08] 🔹 SYSTEM: Fleet heartbeat updated
[2026-07-12 16:08:09] 🔹 SYSTEM: Fleet heartbeat updated
[2026-07-12 16:09:00] 🔹 SYSTEM: Status check — Pending: 0, Running: 0
[2026-07-12 16:09:10] 🔹 SYSTEM: Fleet heartbeat updated
[2026-07-12 16:10:12] 🔹 SYSTEM: Fleet heartbeat updated
[2026-07-12 16:11:13] 🔹 SYSTEM: Fleet heartbeat updated
[2026-07-12 16:12:14] 🔹 SYSTEM: Fleet heartbeat updated
[2026-07-12 16:13:16] 🔹 SYSTEM: Fleet heartbeat updated
[2026-07-12 16:14:17] 🔹 SYSTEM: Fleet heartbeat updated
[2026-07-12 16:15:18] 🔹 SYSTEM: Fleet heartbeat updated
[2026-07-12 16:16:20] 🔹 SYSTEM: Fleet heartbeat updated
[2026-07-12 16:17:21] 🔹 SYSTEM: Fleet heartbeat updated
[2026-07-12 16:18:23] 🔹 SYSTEM: Fleet heartbeat updated
[2026-07-12 16:19:14] 🔹 SYSTEM: Status check — Pending: 0, Running: 0
[2026-07-12 16:19:24] 🔹 SYSTEM: Fleet heartbeat updated
[2026-07-12 16:20:25] 🔹 SYSTEM: Fleet heartbeat updated
[2026-07-12 16:21:27] 🔹 SYSTEM: Fleet heartbeat updated
[2026-07-12 16:22:28] 🔹 SYSTEM: Fleet heartbeat updated
[2026-07-12 16:23:29] 🔹 SYSTEM: Fleet heartbeat updated
[2026-07-12 16:24:31] 🔹 SYSTEM: Fleet heartbeat updated
[2026-07-12 16:25:32] 🔹 SYSTEM: Fleet heartbeat updated
[2026-07-12 16:26:33] 🔹 SYSTEM: Fleet heartbeat updated
[2026-07-12 16:27:37] 🔹 SYSTEM: Fleet heartbeat updated
[2026-07-12 16:28:43] 🔹 SYSTEM: Fleet heartbeat updated
[2026-07-12 16:29:34] 🔹 SYSTEM: Status check — Pending: 0, Running: 0
[2026-07-12 16:29:44] 🔹 SYSTEM: Fleet heartbeat updated
[2026-07-12 16:30:45] 🔹 SYSTEM: Fleet heartbeat updated
[2026-07-12 16:31:47] 🔹 SYSTEM: Fleet heartbeat updated
[2026-07-12 16:32:48] 🔹 SYSTEM: Fleet heartbeat updated
[2026-07-12 16:33:50] 🔹 SYSTEM: Fleet heartbeat updated
[2026-07-12 16:34:51] 🔹 SYSTEM: Fleet heartbeat updated
[2026-07-12 16:35:52] 🔹 SYSTEM: Fleet heartbeat updated
[2026-07-12 16:36:54] 🔹 SYSTEM: Fleet heartbeat updated
[2026-07-12 16:37:55] 🔹 SYSTEM: Fleet heartbeat updated
[2026-07-12 16:38:56] 🔹 SYSTEM: Fleet heartbeat updated
[2026-07-12 16:39:47] 🔹 SYSTEM: Status check — Pending: 0, Running: 0
[2026-07-12 16:39:57] 🔹 SYSTEM: Fleet heartbeat updated
[2026-07-12 16:40:59] 🔹 SYSTEM: Fleet heartbeat updated
[2026-07-12 16:42:00] 🔹 SYSTEM: Fleet heartbeat updated
[2026-07-12 16:43:01] 🔹 SYSTEM: Fleet heartbeat updated
[2026-07-12 16:44:03] 🔹 SYSTEM: Fleet heartbeat updated
[2026-07-12 16:45:04] 🔹 SYSTEM: Fleet heartbeat updated
[2026-07-12 16:46:05] 🔹 SYSTEM: Fleet heartbeat updated
[2026-07-12 16:47:07] 🔹 SYSTEM: Fleet heartbeat updated
[2026-07-12 16:48:08] 🔹 SYSTEM: Fleet heartbeat updated
[2026-07-12 16:49:09] 🔹 SYSTEM: Fleet heartbeat updated
[2026-07-12 16:50:00] 🔹 SYSTEM: Status check — Pending: 0, Running: 0
[2026-07-12 16:50:11] 🔹 SYSTEM: Fleet heartbeat updated
[2026-07-12 16:51:12] 🔹 SYSTEM: Fleet heartbeat updated
[2026-07-12 16:52:14] 🔹 SYSTEM: Fleet heartbeat updated
[2026-07-12 16:53:15] 🔹 SYSTEM: Fleet heartbeat updated
[2026-07-12 16:54:16] 🔹 SYSTEM: Fleet heartbeat updated
[2026-07-12 16:55:17] 🔹 SYSTEM: Fleet heartbeat updated
[2026-07-12 16:56:19] 🔹 SYSTEM: Fleet heartbeat updated
[2026-07-12 16:57:20] 🔹 SYSTEM: Fleet heartbeat updated
[2026-07-12 16:58:22] 🔹 SYSTEM: Fleet heartbeat updated
[2026-07-12 16:59:23] 🔹 SYSTEM: Fleet heartbeat updated
[2026-07-12 17:00:14] 🔹 SYSTEM: Status check — Pending: 0, Running: 0
[2026-07-12 17:00:24] 🔹 SYSTEM: Fleet heartbeat updated
[2026-07-12 17:01:25] 🔹 SYSTEM: Fleet heartbeat updated
[2026-07-12 17:02:27] 🔹 SYSTEM: Fleet heartbeat updated
[2026-07-12 17:03:28] 🔹 SYSTEM: Fleet heartbeat updated
[2026-07-12 17:04:30] 🔹 SYSTEM: Fleet heartbeat updated
[2026-07-12 17:05:31] 🔹 SYSTEM: Fleet heartbeat updated
[2026-07-12 17:06:32] 🔹 SYSTEM: Fleet heartbeat updated
[2026-07-12 17:07:34] 🔹 SYSTEM: Fleet heartbeat updated
[2026-07-12 17:08:35] 🔹 SYSTEM: Fleet heartbeat updated
[2026-07-12 17:09:36] 🔹 SYSTEM: Fleet heartbeat updated
[2026-07-12 17:10:28] 🔹 SYSTEM: Status check — Pending: 0, Running: 0
[2026-07-12 17:10:38] 🔹 SYSTEM: Fleet heartbeat updated
[2026-07-12 17:11:39] 🔹 SYSTEM: Fleet heartbeat updated
[2026-07-12 17:12:40] 🔹 SYSTEM: Fleet heartbeat updated
[2026-07-12 17:13:42] 🔹 SYSTEM: Fleet heartbeat updated
[2026-07-12 17:14:43] 🔹 SYSTEM: Fleet heartbeat updated
[2026-07-12 17:15:45] 🔹 SYSTEM: Fleet heartbeat updated
[2026-07-12 17:16:46] 🔹 SYSTEM: Fleet heartbeat updated
[2026-07-12 17:17:47] 🔹 SYSTEM: Fleet heartbeat updated
[2026-07-12 17:18:49] 🔹 SYSTEM: Fleet heartbeat updated
[2026-07-12 17:19:50] 🔹 SYSTEM: Fleet heartbeat updated
[2026-07-12 17:20:41] 🔹 SYSTEM: Status check — Pending: 0, Running: 0
[2026-07-12 17:20:52] 🔹 SYSTEM: Fleet heartbeat updated
[2026-07-12 17:21:53] 🔹 SYSTEM: Fleet heartbeat updated
[2026-07-12 17:22:54] 🔹 SYSTEM: Fleet heartbeat updated
[2026-07-12 17:23:56] 🔹 SYSTEM: Fleet heartbeat updated
[2026-07-12 17:24:57] 🔹 SYSTEM: Fleet heartbeat updated
[2026-07-12 17:25:59] 🔹 SYSTEM: Fleet heartbeat updated
[2026-07-12 17:27:00] 🔹 SYSTEM: Fleet heartbeat updated
[2026-07-12 17:28:05] 🔹 SYSTEM: Fleet heartbeat updated
[2026-07-12 17:29:07] 🔹 SYSTEM: Fleet heartbeat updated
[2026-07-12 17:30:08] 🔹 SYSTEM: Fleet heartbeat updated
[2026-07-12 17:30:59] 🔹 SYSTEM: Status check — Pending: 0, Running: 0
[2026-07-12 17:31:09] 🔹 SYSTEM: Fleet heartbeat updated
[2026-07-12 17:32:11] 🔹 SYSTEM: Fleet heartbeat updated
[2026-07-12 17:33:12] 🔹 SYSTEM: Fleet heartbeat updated
[2026-07-12 17:34:13] 🔹 SYSTEM: Fleet heartbeat updated
[2026-07-12 17:35:14] 🔹 SYSTEM: Fleet heartbeat updated
[2026-07-12 17:36:16] 🔹 SYSTEM: Fleet heartbeat updated
[2026-07-12 17:37:17] 🔹 SYSTEM: Fleet heartbeat updated
[2026-07-12 17:38:18] 🔹 SYSTEM: Fleet heartbeat updated
[2026-07-12 17:39:20] 🔹 SYSTEM: Fleet heartbeat updated
[2026-07-12 17:40:21] 🔹 SYSTEM: Fleet heartbeat updated
[2026-07-12 17:41:12] 🔹 SYSTEM: Status check — Pending: 0, Running: 0
[2026-07-12 17:41:22] 🔹 SYSTEM: Fleet heartbeat updated
[2026-07-12 17:42:24] 🔹 SYSTEM: Fleet heartbeat updated
[2026-07-12 17:43:25] 🔹 SYSTEM: Fleet heartbeat updated
[2026-07-12 17:44:26] 🔹 SYSTEM: Fleet heartbeat updated
[2026-07-12 17:45:28] 🔹 SYSTEM: Fleet heartbeat updated
[2026-07-12 17:46:29] 🔹 SYSTEM: Fleet heartbeat updated
[2026-07-12 17:47:30] 🔹 SYSTEM: Fleet heartbeat updated
[2026-07-12 17:48:32] 🔹 SYSTEM: Fleet heartbeat updated
[2026-07-12 17:49:33] 🔹 SYSTEM: Fleet heartbeat updated
[2026-07-12 17:50:34] 🔹 SYSTEM: Fleet heartbeat updated
[2026-07-12 17:51:25] 🔹 SYSTEM: Status check — Pending: 0, Running: 0
[2026-07-12 17:51:36] 🔹 SYSTEM: Fleet heartbeat updated
[2026-07-12 17:52:37] 🔹 SYSTEM: Fleet heartbeat updated
[2026-07-12 17:53:38] 🔹 SYSTEM: Fleet heartbeat updated
[2026-07-12 17:54:39] 🔹 SYSTEM: Fleet heartbeat updated
[2026-07-12 17:55:40] 🔹 SYSTEM: Fleet heartbeat updated
[2026-07-12 17:56:41] 🔹 SYSTEM: Fleet heartbeat updated
[2026-07-12 17:57:43] 🔹 SYSTEM: Fleet heartbeat updated
[2026-07-12 17:58:44] 🔹 SYSTEM: Fleet heartbeat updated
[2026-07-12 17:59:45] 🔹 SYSTEM: Fleet heartbeat updated
[2026-07-12 18:00:46] 🔹 SYSTEM: Fleet heartbeat updated
[2026-07-12 18:01:37] 🔹 SYSTEM: Status check — Pending: 0, Running: 0
[2026-07-12 18:01:48] 🔹 SYSTEM: Fleet heartbeat updated
[2026-07-12 18:02:49] 🔹 SYSTEM: Fleet heartbeat updated
[2026-07-12 18:03:50] 🔹 SYSTEM: Fleet heartbeat updated
[2026-07-12 18:04:51] 🔹 SYSTEM: Fleet heartbeat updated
[2026-07-12 18:05:53] 🔹 SYSTEM: Fleet heartbeat updated
[2026-07-12 18:06:54] 🔹 SYSTEM: Fleet heartbeat updated
[2026-07-12 18:07:55] 🔹 SYSTEM: Fleet heartbeat updated
[2026-07-12 18:08:56] 🔹 SYSTEM: Fleet heartbeat updated
[2026-07-12 18:09:57] 🔹 SYSTEM: Fleet heartbeat updated
[2026-07-12 18:10:58] 🔹 SYSTEM: Fleet heartbeat updated
[2026-07-12 18:11:49] 🔹 SYSTEM: Status check — Pending: 0, Running: 0
[2026-07-12 18:12:00] 🔹 SYSTEM: Fleet heartbeat updated
[2026-07-12 18:13:01] 🔹 SYSTEM: Fleet heartbeat updated
[2026-07-12 18:14:02] 🔹 SYSTEM: Fleet heartbeat updated
[2026-07-12 18:15:04] 🔹 SYSTEM: Fleet heartbeat updated
[2026-07-12 18:16:05] 🔹 SYSTEM: Fleet heartbeat updated
[2026-07-12 18:17:06] 🔹 SYSTEM: Fleet heartbeat updated
[2026-07-12 18:18:08] 🔹 SYSTEM: Fleet heartbeat updated
[2026-07-12 18:19:09] 🔹 SYSTEM: Fleet heartbeat updated
[2026-07-12 18:20:10] 🔹 SYSTEM: Fleet heartbeat updated
[2026-07-12 18:21:12] 🔹 SYSTEM: Fleet heartbeat updated
[2026-07-12 18:22:03] 🔹 SYSTEM: Status check — Pending: 0, Running: 0
[2026-07-12 18:22:13] 🔹 SYSTEM: Fleet heartbeat updated
[2026-07-12 18:23:14] 🔹 SYSTEM: Fleet heartbeat updated
[2026-07-12 18:24:16] 🔹 SYSTEM: Fleet heartbeat updated
[2026-07-12 18:25:17] 🔹 SYSTEM: Fleet heartbeat updated
[2026-07-12 18:26:18] 🔹 SYSTEM: Fleet heartbeat updated
[2026-07-12 18:27:23] 🔹 SYSTEM: Fleet heartbeat updated
[2026-07-12 18:28:24] 🔹 SYSTEM: Fleet heartbeat updated
[2026-07-12 18:29:25] 🔹 SYSTEM: Fleet heartbeat updated
[2026-07-12 18:30:27] 🔹 SYSTEM: Fleet heartbeat updated
[2026-07-12 18:31:28] 🔹 SYSTEM: Fleet heartbeat updated
[2026-07-12 18:32:19] 🔹 SYSTEM: Status check — Pending: 0, Running: 0
[2026-07-12 18:32:29] 🔹 SYSTEM: Fleet heartbeat updated
[2026-07-12 18:33:31] 🔹 SYSTEM: Fleet heartbeat updated
[2026-07-12 18:34:32] 🔹 SYSTEM: Fleet heartbeat updated
[2026-07-12 18:35:33] 🔹 SYSTEM: Fleet heartbeat updated
[2026-07-12 18:36:34] 🔹 SYSTEM: Fleet heartbeat updated
[2026-07-12 18:37:36] 🔹 SYSTEM: Fleet heartbeat updated
[2026-07-12 18:38:37] 🔹 SYSTEM: Fleet heartbeat updated
[2026-07-12 18:39:38] 🔹 SYSTEM: Fleet heartbeat updated
[2026-07-12 18:40:39] 🔹 SYSTEM: Fleet heartbeat updated
[2026-07-12 18:41:40] 🔹 SYSTEM: Fleet heartbeat updated
[2026-07-12 18:42:31] 🔹 SYSTEM: Status check — Pending: 0, Running: 0
[2026-07-12 18:42:42] 🔹 SYSTEM: Fleet heartbeat updated
[2026-07-12 18:43:43] 🔹 SYSTEM: Fleet heartbeat updated
[2026-07-12 18:44:44] 🔹 SYSTEM: Fleet heartbeat updated
[2026-07-12 18:45:45] 🔹 SYSTEM: Fleet heartbeat updated
[2026-07-12 18:46:46] 🔹 SYSTEM: Fleet heartbeat updated
[2026-07-12 18:47:48] 🔹 SYSTEM: Fleet heartbeat updated
[2026-07-12 18:48:49] 🔹 SYSTEM: Fleet heartbeat updated
[2026-07-12 18:49:50] 🔹 SYSTEM: Fleet heartbeat updated
[2026-07-12 18:50:52] 🔹 SYSTEM: Fleet heartbeat updated
[2026-07-12 18:51:53] 🔹 SYSTEM: Fleet heartbeat updated
[2026-07-12 18:52:44] 🔹 SYSTEM: Status check — Pending: 0, Running: 0
[2026-07-12 18:52:54] 🔹 SYSTEM: Fleet heartbeat updated
[2026-07-12 18:53:55] 🔹 SYSTEM: Fleet heartbeat updated
[2026-07-12 18:54:56] 🔹 SYSTEM: Fleet heartbeat updated
[2026-07-12 18:55:58] 🔹 SYSTEM: Fleet heartbeat updated
[2026-07-12 18:56:59] 🔹 SYSTEM: Fleet heartbeat updated
[2026-07-12 18:58:00] 🔹 SYSTEM: Fleet heartbeat updated
[2026-07-12 18:59:01] 🔹 SYSTEM: Fleet heartbeat updated
[2026-07-12 19:00:03] 🔹 SYSTEM: Fleet heartbeat updated
[2026-07-12 19:01:04] 🔹 SYSTEM: Fleet heartbeat updated
[2026-07-12 19:02:05] 🔹 SYSTEM: Fleet heartbeat updated
[2026-07-12 19:02:56] 🔹 SYSTEM: Status check — Pending: 0, Running: 0
[2026-07-12 19:03:06] 🔹 SYSTEM: Fleet heartbeat updated
[2026-07-12 19:04:08] 🔹 SYSTEM: Fleet heartbeat updated
[2026-07-12 19:05:09] 🔹 SYSTEM: Fleet heartbeat updated
[2026-07-12 19:06:10] 🔹 SYSTEM: Fleet heartbeat updated
[2026-07-12 19:07:11] 🔹 SYSTEM: Fleet heartbeat updated
[2026-07-12 19:08:12] 🔹 SYSTEM: Fleet heartbeat updated
[2026-07-12 19:09:13] 🔹 SYSTEM: Fleet heartbeat updated
[2026-07-12 19:10:15] 🔹 SYSTEM: Fleet heartbeat updated
[2026-07-12 19:11:16] 🔹 SYSTEM: Fleet heartbeat updated
[2026-07-12 19:12:17] 🔹 SYSTEM: Fleet heartbeat updated
[2026-07-12 19:13:08] 🔹 SYSTEM: Status check — Pending: 0, Running: 0
[2026-07-12 19:13:19] 🔹 SYSTEM: Fleet heartbeat updated
[2026-07-12 19:14:20] 🔹 SYSTEM: Fleet heartbeat updated
[2026-07-12 19:15:21] 🔹 SYSTEM: Fleet heartbeat updated
[2026-07-12 19:16:22] 🔹 SYSTEM: Fleet heartbeat updated
[2026-07-12 19:17:24] 🔹 SYSTEM: Fleet heartbeat updated
[2026-07-12 19:18:25] 🔹 SYSTEM: Fleet heartbeat updated
[2026-07-12 19:19:26] 🔹 SYSTEM: Fleet heartbeat updated
[2026-07-12 19:20:27] 🔹 SYSTEM: Fleet heartbeat updated
[2026-07-12 19:21:28] 🔹 SYSTEM: Fleet heartbeat updated
[2026-07-12 19:22:30] 🔹 SYSTEM: Fleet heartbeat updated
[2026-07-12 19:23:21] 🔹 SYSTEM: Status check — Pending: 0, Running: 0
[2026-07-12 19:23:31] 🔹 SYSTEM: Fleet heartbeat updated
[2026-07-12 19:24:32] 🔹 SYSTEM: Fleet heartbeat updated
[2026-07-12 19:25:34] 🔹 SYSTEM: Fleet heartbeat updated
[2026-07-12 19:26:35] 🔹 SYSTEM: Fleet heartbeat updated
[2026-07-12 19:27:41] 🔹 SYSTEM: Fleet heartbeat updated
[2026-07-12 19:28:45] 🔹 SYSTEM: Fleet heartbeat updated
[2026-07-12 19:29:46] 🔹 SYSTEM: Fleet heartbeat updated
[2026-07-12 19:30:48] 🔹 SYSTEM: Fleet heartbeat updated
[2026-07-12 19:31:49] 🔹 SYSTEM: Fleet heartbeat updated
[2026-07-12 19:32:50] 🔹 SYSTEM: Fleet heartbeat updated
[2026-07-12 19:33:41] 🔹 SYSTEM: Status check — Pending: 0, Running: 0
[2026-07-12 19:33:51] 🔹 SYSTEM: Fleet heartbeat updated
[2026-07-12 19:34:53] 🔹 SYSTEM: Fleet heartbeat updated
[2026-07-12 19:35:54] 🔹 SYSTEM: Fleet heartbeat updated
[2026-07-12 19:36:55] 🔹 SYSTEM: Fleet heartbeat updated
[2026-07-12 19:37:56] 🔹 SYSTEM: Fleet heartbeat updated
[2026-07-12 19:38:58] 🔹 SYSTEM: Fleet heartbeat updated
[2026-07-12 19:39:59] 🔹 SYSTEM: Fleet heartbeat updated
[2026-07-12 19:41:00] 🔹 SYSTEM: Fleet heartbeat updated
[2026-07-12 19:42:01] 🔹 SYSTEM: Fleet heartbeat updated
[2026-07-12 19:43:02] 🔹 SYSTEM: Fleet heartbeat updated
[2026-07-12 19:43:53] 🔹 SYSTEM: Status check — Pending: 0, Running: 0
[2026-07-12 19:44:04] 🔹 SYSTEM: Fleet heartbeat updated
[2026-07-12 19:45:05] 🔹 SYSTEM: Fleet heartbeat updated
[2026-07-12 19:46:06] 🔹 SYSTEM: Fleet heartbeat updated
[2026-07-12 19:47:08] 🔹 SYSTEM: Fleet heartbeat updated
[2026-07-12 19:48:09] 🔹 SYSTEM: Fleet heartbeat updated
[2026-07-12 19:49:10] 🔹 SYSTEM: Fleet heartbeat updated
[2026-07-12 19:50:11] 🔹 SYSTEM: Fleet heartbeat updated
[2026-07-12 19:51:13] 🔹 SYSTEM: Fleet heartbeat updated
[2026-07-12 19:52:14] 🔹 SYSTEM: Fleet heartbeat updated
[2026-07-12 19:53:15] 🔹 SYSTEM: Fleet heartbeat updated
[2026-07-12 19:54:06] 🔹 SYSTEM: Status check — Pending: 0, Running: 0
[2026-07-12 19:54:16] 🔹 SYSTEM: Fleet heartbeat updated
[2026-07-12 19:55:17] 🔹 SYSTEM: Fleet heartbeat updated
[2026-07-12 19:56:19] 🔹 SYSTEM: Fleet heartbeat updated
[2026-07-12 19:57:20] 🔹 SYSTEM: Fleet heartbeat updated
[2026-07-12 19:58:21] 🔹 SYSTEM: Fleet heartbeat updated
[2026-07-12 19:59:23] 🔹 SYSTEM: Fleet heartbeat updated
[2026-07-12 20:00:24] 🔹 SYSTEM: Fleet heartbeat updated
[2026-07-12 20:01:25] 🔹 SYSTEM: Fleet heartbeat updated
[2026-07-12 20:02:27] 🔹 SYSTEM: Fleet heartbeat updated
[2026-07-12 20:03:28] 🔹 SYSTEM: Fleet heartbeat updated
[2026-07-12 20:04:19] 🔹 SYSTEM: Status check — Pending: 0, Running: 0
[2026-07-12 20:04:29] 🔹 SYSTEM: Fleet heartbeat updated
[2026-07-12 20:05:30] 🔹 SYSTEM: Fleet heartbeat updated
[2026-07-12 20:06:32] 🔹 SYSTEM: Fleet heartbeat updated
[2026-07-12 20:07:33] 🔹 SYSTEM: Fleet heartbeat updated
[2026-07-12 20:08:34] 🔹 SYSTEM: Fleet heartbeat updated
[2026-07-12 20:09:35] 🔹 SYSTEM: Fleet heartbeat updated
[2026-07-12 20:10:36] 🔹 SYSTEM: Fleet heartbeat updated
[2026-07-12 20:11:38] 🔹 SYSTEM: Fleet heartbeat updated
[2026-07-12 20:12:39] 🔹 SYSTEM: Fleet heartbeat updated
[2026-07-12 20:13:40] 🔹 SYSTEM: Fleet heartbeat updated
[2026-07-12 20:14:31] 🔹 SYSTEM: Status check — Pending: 0, Running: 0
[2026-07-12 20:14:41] 🔹 SYSTEM: Fleet heartbeat updated
[2026-07-12 20:15:42] 🔹 SYSTEM: Fleet heartbeat updated
[2026-07-12 20:16:43] 🔹 SYSTEM: Fleet heartbeat updated
[2026-07-12 20:17:45] 🔹 SYSTEM: Fleet heartbeat updated
[2026-07-12 20:18:46] 🔹 SYSTEM: Fleet heartbeat updated
[2026-07-12 20:19:47] 🔹 SYSTEM: Fleet heartbeat updated
[2026-07-12 20:20:49] 🔹 SYSTEM: Fleet heartbeat updated
[2026-07-12 20:21:50] 🔹 SYSTEM: Fleet heartbeat updated
[2026-07-12 20:22:51] 🔹 SYSTEM: Fleet heartbeat updated
[2026-07-12 20:23:52] 🔹 SYSTEM: Fleet heartbeat updated
[2026-07-12 20:24:43] 🔹 SYSTEM: Status check — Pending: 0, Running: 0
[2026-07-12 20:24:53] 🔹 SYSTEM: Fleet heartbeat updated
[2026-07-12 20:25:55] 🔹 SYSTEM: Fleet heartbeat updated
[2026-07-12 20:27:02] 🔹 SYSTEM: Fleet heartbeat updated
[2026-07-12 20:28:03] 🔹 SYSTEM: Fleet heartbeat updated
[2026-07-12 20:29:04] 🔹 SYSTEM: Fleet heartbeat updated
[2026-07-12 20:30:05] 🔹 SYSTEM: Fleet heartbeat updated
[2026-07-12 20:31:06] 🔹 SYSTEM: Fleet heartbeat updated
[2026-07-12 20:32:08] 🔹 SYSTEM: Fleet heartbeat updated
[2026-07-12 20:33:09] 🔹 SYSTEM: Fleet heartbeat updated
[2026-07-12 20:34:10] 🔹 SYSTEM: Fleet heartbeat updated
[2026-07-12 20:35:01] 🔹 SYSTEM: Status check — Pending: 0, Running: 0
[2026-07-12 20:35:11] 🔹 SYSTEM: Fleet heartbeat updated
[2026-07-12 20:36:12] 🔹 SYSTEM: Fleet heartbeat updated
[2026-07-12 20:37:14] 🔹 SYSTEM: Fleet heartbeat updated
[2026-07-12 20:38:15] 🔹 SYSTEM: Fleet heartbeat updated
[2026-07-12 20:39:16] 🔹 SYSTEM: Fleet heartbeat updated
[2026-07-12 20:40:17] 🔹 SYSTEM: Fleet heartbeat updated
[2026-07-12 20:41:19] 🔹 SYSTEM: Fleet heartbeat updated
[2026-07-12 20:42:20] 🔹 SYSTEM: Fleet heartbeat updated
[2026-07-12 20:43:21] 🔹 SYSTEM: Fleet heartbeat updated
[2026-07-12 20:44:22] 🔹 SYSTEM: Fleet heartbeat updated
[2026-07-12 20:45:13] 🔹 SYSTEM: Status check — Pending: 0, Running: 0
[2026-07-12 20:45:23] 🔹 SYSTEM: Fleet heartbeat updated
[2026-07-12 20:46:25] 🔹 SYSTEM: Fleet heartbeat updated
[2026-07-12 20:47:26] 🔹 SYSTEM: Fleet heartbeat updated
[2026-07-12 20:48:27] 🔹 SYSTEM: Fleet heartbeat updated
[2026-07-12 20:49:28] 🔹 SYSTEM: Fleet heartbeat updated
[2026-07-12 20:50:30] 🔹 SYSTEM: Fleet heartbeat updated
[2026-07-12 20:51:31] 🔹 SYSTEM: Fleet heartbeat updated
[2026-07-12 20:52:32] 🔹 SYSTEM: Fleet heartbeat updated
[2026-07-12 20:53:33] 🔹 SYSTEM: Fleet heartbeat updated
[2026-07-12 20:54:35] 🔹 SYSTEM: Fleet heartbeat updated
[2026-07-12 20:55:26] 🔹 SYSTEM: Status check — Pending: 0, Running: 0
[2026-07-12 20:55:36] 🔹 SYSTEM: Fleet heartbeat updated
[2026-07-12 20:56:37] 🔹 SYSTEM: Fleet heartbeat updated
[2026-07-12 20:57:38] 🔹 SYSTEM: Fleet heartbeat updated
[2026-07-12 20:58:40] 🔹 SYSTEM: Fleet heartbeat updated
[2026-07-12 20:59:41] 🔹 SYSTEM: Fleet heartbeat updated
[2026-07-12 21:00:42] 🔹 SYSTEM: Fleet heartbeat updated
[2026-07-12 21:01:43] 🔹 SYSTEM: Fleet heartbeat updated
[2026-07-12 21:02:45] 🔹 SYSTEM: Fleet heartbeat updated
[2026-07-12 21:03:46] 🔹 SYSTEM: Fleet heartbeat updated
[2026-07-12 21:04:47] 🔹 SYSTEM: Fleet heartbeat updated
[2026-07-12 21:05:38] 🔹 SYSTEM: Status check — Pending: 0, Running: 0
[2026-07-12 21:05:48] 🔹 SYSTEM: Fleet heartbeat updated
[2026-07-12 21:06:50] 🔹 SYSTEM: Fleet heartbeat updated
[2026-07-12 21:07:51] 🔹 SYSTEM: Fleet heartbeat updated
[2026-07-12 21:08:52] 🔹 SYSTEM: Fleet heartbeat updated
[2026-07-12 21:09:53] 🔹 SYSTEM: Fleet heartbeat updated
[2026-07-12 21:10:54] 🔹 SYSTEM: Fleet heartbeat updated
[2026-07-12 21:11:55] 🔹 SYSTEM: Fleet heartbeat updated
[2026-07-12 21:12:56] 🔹 SYSTEM: Fleet heartbeat updated
[2026-07-12 21:13:58] 🔹 SYSTEM: Fleet heartbeat updated
[2026-07-12 21:14:59] 🔹 SYSTEM: Fleet heartbeat updated
[2026-07-12 21:15:50] 🔹 SYSTEM: Status check — Pending: 0, Running: 0
[2026-07-12 21:16:00] 🔹 SYSTEM: Fleet heartbeat updated
[2026-07-12 21:17:01] 🔹 SYSTEM: Fleet heartbeat updated
[2026-07-12 21:18:03] 🔹 SYSTEM: Fleet heartbeat updated
[2026-07-12 21:19:04] 🔹 SYSTEM: Fleet heartbeat updated
[2026-07-12 21:20:05] 🔹 SYSTEM: Fleet heartbeat updated
[2026-07-12 21:21:06] 🔹 SYSTEM: Fleet heartbeat updated
[2026-07-12 21:22:08] 🔹 SYSTEM: Fleet heartbeat updated
[2026-07-12 21:23:09] 🔹 SYSTEM: Fleet heartbeat updated
[2026-07-12 21:24:10] 🔹 SYSTEM: Fleet heartbeat updated
[2026-07-12 21:25:11] 🔹 SYSTEM: Fleet heartbeat updated
[2026-07-12 21:26:02] 🔹 SYSTEM: Status check — Pending: 0, Running: 0
[2026-07-12 21:26:12] 🔹 SYSTEM: Fleet heartbeat updated
[2026-07-12 21:27:18] 🔹 SYSTEM: Fleet heartbeat updated
[2026-07-12 21:28:19] 🔹 SYSTEM: Fleet heartbeat updated
[2026-07-12 21:29:20] 🔹 SYSTEM: Fleet heartbeat updated
[2026-07-12 21:30:21] 🔹 SYSTEM: Fleet heartbeat updated
[2026-07-12 21:31:23] 🔹 SYSTEM: Fleet heartbeat updated
[2026-07-12 21:32:24] 🔹 SYSTEM: Fleet heartbeat updated
[2026-07-12 21:33:25] 🔹 SYSTEM: Fleet heartbeat updated
[2026-07-12 21:34:27] 🔹 SYSTEM: Fleet heartbeat updated
[2026-07-12 21:35:28] 🔹 SYSTEM: Fleet heartbeat updated
[2026-07-12 21:36:19] 🔹 SYSTEM: Status check — Pending: 0, Running: 0
[2026-07-12 21:36:29] 🔹 SYSTEM: Fleet heartbeat updated
[2026-07-12 21:37:31] 🔹 SYSTEM: Fleet heartbeat updated
[2026-07-12 21:38:32] 🔹 SYSTEM: Fleet heartbeat updated
[2026-07-12 21:39:33] 🔹 SYSTEM: Fleet heartbeat updated
[2026-07-12 21:40:35] 🔹 SYSTEM: Fleet heartbeat updated
[2026-07-12 21:41:36] 🔹 SYSTEM: Fleet heartbeat updated
[2026-07-12 21:42:37] 🔹 SYSTEM: Fleet heartbeat updated
[2026-07-12 21:43:39] 🔹 SYSTEM: Fleet heartbeat updated
[2026-07-12 21:44:40] 🔹 SYSTEM: Fleet heartbeat updated
[2026-07-12 21:45:41] 🔹 SYSTEM: Fleet heartbeat updated
[2026-07-12 21:46:32] 🔹 SYSTEM: Status check — Pending: 0, Running: 0
[2026-07-12 21:46:43] 🔹 SYSTEM: Fleet heartbeat updated
[2026-07-12 21:47:44] 🔹 SYSTEM: Fleet heartbeat updated
[2026-07-12 21:48:45] 🔹 SYSTEM: Fleet heartbeat updated
[2026-07-12 21:49:47] 🔹 SYSTEM: Fleet heartbeat updated
[2026-07-12 21:50:48] 🔹 SYSTEM: Fleet heartbeat updated
[2026-07-12 21:51:50] 🔹 SYSTEM: Fleet heartbeat updated
[2026-07-12 21:52:51] 🔹 SYSTEM: Fleet heartbeat updated
[2026-07-12 21:53:52] 🔹 SYSTEM: Fleet heartbeat updated
[2026-07-12 21:54:54] 🔹 SYSTEM: Fleet heartbeat updated
[2026-07-12 21:55:55] 🔹 SYSTEM: Fleet heartbeat updated
[2026-07-12 21:56:46] 🔹 SYSTEM: Status check — Pending: 0, Running: 0
[2026-07-12 21:56:56] 🔹 SYSTEM: Fleet heartbeat updated
[2026-07-12 21:57:58] 🔹 SYSTEM: Fleet heartbeat updated
[2026-07-12 21:58:59] 🔹 SYSTEM: Fleet heartbeat updated
[2026-07-12 22:00:00] 🔹 SYSTEM: Fleet heartbeat updated
[2026-07-12 22:01:02] 🔹 SYSTEM: Fleet heartbeat updated
[2026-07-12 22:02:03] 🔹 SYSTEM: Fleet heartbeat updated
[2026-07-12 22:03:04] 🔹 SYSTEM: Fleet heartbeat updated
[2026-07-12 22:04:05] 🔹 SYSTEM: Fleet heartbeat updated
[2026-07-12 22:05:07] 🔹 SYSTEM: Fleet heartbeat updated
[2026-07-12 22:06:08] 🔹 SYSTEM: Fleet heartbeat updated
[2026-07-12 22:06:59] 🔹 SYSTEM: Status check — Pending: 0, Running: 0
[2026-07-12 22:07:09] 🔹 SYSTEM: Fleet heartbeat updated
[2026-07-12 22:08:11] 🔹 SYSTEM: Fleet heartbeat updated
[2026-07-12 22:09:12] 🔹 SYSTEM: Fleet heartbeat updated
[2026-07-12 22:10:13] 🔹 SYSTEM: Fleet heartbeat updated
[2026-07-12 22:11:14] 🔹 SYSTEM: Fleet heartbeat updated
[2026-07-12 22:12:16] 🔹 SYSTEM: Fleet heartbeat updated
[2026-07-12 22:13:17] 🔹 SYSTEM: Fleet heartbeat updated
[2026-07-12 22:14:18] 🔹 SYSTEM: Fleet heartbeat updated
[2026-07-12 22:15:20] 🔹 SYSTEM: Fleet heartbeat updated
[2026-07-12 22:16:21] 🔹 SYSTEM: Fleet heartbeat updated
[2026-07-12 22:17:12] 🔹 SYSTEM: Status check — Pending: 0, Running: 0
[2026-07-12 22:17:22] 🔹 SYSTEM: Fleet heartbeat updated
[2026-07-12 22:18:23] 🔹 SYSTEM: Fleet heartbeat updated
[2026-07-12 22:19:25] 🔹 SYSTEM: Fleet heartbeat updated
[2026-07-12 22:20:26] 🔹 SYSTEM: Fleet heartbeat updated
[2026-07-12 22:21:27] 🔹 SYSTEM: Fleet heartbeat updated
[2026-07-12 22:22:28] 🔹 SYSTEM: Fleet heartbeat updated
[2026-07-12 22:23:29] 🔹 SYSTEM: Fleet heartbeat updated
[2026-07-12 22:24:31] 🔹 SYSTEM: Fleet heartbeat updated
[2026-07-12 22:25:32] 🔹 SYSTEM: Fleet heartbeat updated
[2026-07-12 22:26:33] 🔹 SYSTEM: Fleet heartbeat updated
[2026-07-12 22:27:25] 🔹 SYSTEM: Status check — Pending: 0, Running: 0
[2026-07-12 22:27:36] 🔹 SYSTEM: Fleet heartbeat updated
[2026-07-12 22:28:37] 🔹 SYSTEM: Fleet heartbeat updated
[2026-07-12 22:29:38] 🔹 SYSTEM: Fleet heartbeat updated
[2026-07-12 22:30:39] 🔹 SYSTEM: Fleet heartbeat updated
[2026-07-12 22:31:41] 🔹 SYSTEM: Fleet heartbeat updated
[2026-07-12 22:32:42] 🔹 SYSTEM: Fleet heartbeat updated
[2026-07-12 22:33:43] 🔹 SYSTEM: Fleet heartbeat updated
[2026-07-12 22:34:44] 🔹 SYSTEM: Fleet heartbeat updated
[2026-07-12 22:35:46] 🔹 SYSTEM: Fleet heartbeat updated
[2026-07-12 22:36:47] 🔹 SYSTEM: Fleet heartbeat updated
[2026-07-12 22:37:38] 🔹 SYSTEM: Status check — Pending: 0, Running: 0
[2026-07-12 22:37:48] 🔹 SYSTEM: Fleet heartbeat updated
[2026-07-12 22:38:49] 🔹 SYSTEM: Fleet heartbeat updated
[2026-07-12 22:39:51] 🔹 SYSTEM: Fleet heartbeat updated
[2026-07-12 22:40:52] 🔹 SYSTEM: Fleet heartbeat updated
[2026-07-12 22:41:53] 🔹 SYSTEM: Fleet heartbeat updated
[2026-07-12 22:42:54] 🔹 SYSTEM: Fleet heartbeat updated
[2026-07-12 22:43:55] 🔹 SYSTEM: Fleet heartbeat updated
[2026-07-12 22:44:56] 🔹 SYSTEM: Fleet heartbeat updated
[2026-07-12 22:45:58] 🔹 SYSTEM: Fleet heartbeat updated
[2026-07-12 22:46:59] 🔹 SYSTEM: Fleet heartbeat updated
[2026-07-12 22:47:50] 🔹 SYSTEM: Status check — Pending: 0, Running: 0
[2026-07-12 22:48:00] 🔹 SYSTEM: Fleet heartbeat updated
[2026-07-12 22:49:01] 🔹 SYSTEM: Fleet heartbeat updated
[2026-07-12 22:50:03] 🔹 SYSTEM: Fleet heartbeat updated
[2026-07-12 22:51:04] 🔹 SYSTEM: Fleet heartbeat updated
[2026-07-12 22:52:05] 🔹 SYSTEM: Fleet heartbeat updated
[2026-07-12 22:53:07] 🔹 SYSTEM: Fleet heartbeat updated
[2026-07-12 22:54:08] 🔹 SYSTEM: Fleet heartbeat updated
[2026-07-12 22:55:09] 🔹 SYSTEM: Fleet heartbeat updated
[2026-07-12 22:56:10] 🔹 SYSTEM: Fleet heartbeat updated
[2026-07-12 22:57:11] 🔹 SYSTEM: Fleet heartbeat updated
[2026-07-12 22:58:02] 🔹 SYSTEM: Status check — Pending: 0, Running: 0
[2026-07-12 22:58:13] 🔹 SYSTEM: Fleet heartbeat updated
[2026-07-12 22:59:14] 🔹 SYSTEM: Fleet heartbeat updated
[2026-07-12 23:00:15] 🔹 SYSTEM: Fleet heartbeat updated
[2026-07-12 23:01:16] 🔹 SYSTEM: Fleet heartbeat updated
[2026-07-12 23:02:17] 🔹 SYSTEM: Fleet heartbeat updated
[2026-07-12 23:03:18] 🔹 SYSTEM: Fleet heartbeat updated
[2026-07-12 23:04:19] 🔹 SYSTEM: Fleet heartbeat updated
[2026-07-12 23:05:21] 🔹 SYSTEM: Fleet heartbeat updated
[2026-07-12 23:06:22] 🔹 SYSTEM: Fleet heartbeat updated
[2026-07-12 23:07:23] 🔹 SYSTEM: Fleet heartbeat updated
[2026-07-12 23:08:14] 🔹 SYSTEM: Status check — Pending: 0, Running: 0
[2026-07-12 23:08:24] 🔹 SYSTEM: Fleet heartbeat updated
[2026-07-12 23:09:26] 🔹 SYSTEM: Fleet heartbeat updated
[2026-07-12 23:10:27] 🔹 SYSTEM: Fleet heartbeat updated
[2026-07-12 23:11:28] 🔹 SYSTEM: Fleet heartbeat updated
[2026-07-12 23:12:29] 🔹 SYSTEM: Fleet heartbeat updated
[2026-07-12 23:13:30] 🔹 SYSTEM: Fleet heartbeat updated
[2026-07-12 23:14:32] 🔹 SYSTEM: Fleet heartbeat updated
[2026-07-12 23:15:33] 🔹 SYSTEM: Fleet heartbeat updated
[2026-07-12 23:16:34] 🔹 SYSTEM: Fleet heartbeat updated
[2026-07-12 23:17:35] 🔹 SYSTEM: Fleet heartbeat updated
[2026-07-12 23:18:26] 🔹 SYSTEM: Status check — Pending: 0, Running: 0
[2026-07-12 23:18:37] 🔹 SYSTEM: Fleet heartbeat updated
[2026-07-12 23:19:38] 🔹 SYSTEM: Fleet heartbeat updated
[2026-07-12 23:20:39] 🔹 SYSTEM: Fleet heartbeat updated
[2026-07-12 23:21:40] 🔹 SYSTEM: Fleet heartbeat updated
[2026-07-12 23:22:42] 🔹 SYSTEM: Fleet heartbeat updated
[2026-07-12 23:23:43] 🔹 SYSTEM: Fleet heartbeat updated
[2026-07-12 23:24:44] 🔹 SYSTEM: Fleet heartbeat updated
[2026-07-12 23:25:45] 🔹 SYSTEM: Fleet heartbeat updated
[2026-07-12 23:26:46] 🔹 SYSTEM: Fleet heartbeat updated
[2026-07-12 23:27:50] 🔹 SYSTEM: Fleet heartbeat updated
[2026-07-12 23:28:41] 🔹 SYSTEM: Status check — Pending: 0, Running: 0
[2026-07-12 23:28:51] 🔹 SYSTEM: Fleet heartbeat updated
[2026-07-12 23:29:53] 🔹 SYSTEM: Fleet heartbeat updated
[2026-07-12 23:30:54] 🔹 SYSTEM: Fleet heartbeat updated
[2026-07-12 23:31:55] 🔹 SYSTEM: Fleet heartbeat updated
[2026-07-12 23:32:57] 🔹 SYSTEM: Fleet heartbeat updated
[2026-07-12 23:33:58] 🔹 SYSTEM: Fleet heartbeat updated
[2026-07-12 23:34:59] 🔹 SYSTEM: Fleet heartbeat updated
[2026-07-12 23:36:00] 🔹 SYSTEM: Fleet heartbeat updated
[2026-07-12 23:37:01] 🔹 SYSTEM: Fleet heartbeat updated
[2026-07-12 23:38:03] 🔹 SYSTEM: Fleet heartbeat updated
[2026-07-12 23:38:53] 🔹 SYSTEM: Status check — Pending: 0, Running: 0
[2026-07-12 23:39:04] 🔹 SYSTEM: Fleet heartbeat updated
[2026-07-12 23:40:05] 🔹 SYSTEM: Fleet heartbeat updated
[2026-07-12 23:41:06] 🔹 SYSTEM: Fleet heartbeat updated
[2026-07-12 23:42:07] 🔹 SYSTEM: Fleet heartbeat updated
[2026-07-12 23:43:09] 🔹 SYSTEM: Fleet heartbeat updated
[2026-07-12 23:44:10] 🔹 SYSTEM: Fleet heartbeat updated
[2026-07-12 23:45:11] 🔹 SYSTEM: Fleet heartbeat updated
[2026-07-12 23:46:12] 🔹 SYSTEM: Fleet heartbeat updated
[2026-07-12 23:47:14] 🔹 SYSTEM: Fleet heartbeat updated
[2026-07-12 23:48:15] 🔹 SYSTEM: Fleet heartbeat updated
[2026-07-12 23:49:06] 🔹 SYSTEM: Status check — Pending: 0, Running: 0
[2026-07-12 23:49:16] 🔹 SYSTEM: Fleet heartbeat updated
[2026-07-12 23:50:17] 🔹 SYSTEM: Fleet heartbeat updated
[2026-07-12 23:51:19] 🔹 SYSTEM: Fleet heartbeat updated
[2026-07-12 23:52:20] 🔹 SYSTEM: Fleet heartbeat updated
[2026-07-12 23:53:21] 🔹 SYSTEM: Fleet heartbeat updated
[2026-07-12 23:54:22] 🔹 SYSTEM: Fleet heartbeat updated
[2026-07-12 23:55:24] 🔹 SYSTEM: Fleet heartbeat updated
[2026-07-12 23:56:25] 🔹 SYSTEM: Fleet heartbeat updated
[2026-07-12 23:57:26] 🔹 SYSTEM: Fleet heartbeat updated
[2026-07-12 23:58:27] 🔹 SYSTEM: Fleet heartbeat updated
[2026-07-12 23:59:18] 🔹 SYSTEM: Status check — Pending: 0, Running: 0
[2026-07-12 23:59:29] 🔹 SYSTEM: Fleet heartbeat updated
[2026-07-13 00:00:30] 🔹 SYSTEM: Fleet heartbeat updated
[2026-07-13 00:01:31] 🔹 SYSTEM: Fleet heartbeat updated
[2026-07-13 00:02:32] 🔹 SYSTEM: Fleet heartbeat updated
[2026-07-13 00:03:34] 🔹 SYSTEM: Fleet heartbeat updated
[2026-07-13 00:04:35] 🔹 SYSTEM: Fleet heartbeat updated
[2026-07-13 00:05:36] 🔹 SYSTEM: Fleet heartbeat updated
[2026-07-13 00:06:37] 🔹 SYSTEM: Fleet heartbeat updated
[2026-07-13 00:07:38] 🔹 SYSTEM: Fleet heartbeat updated
[2026-07-13 00:08:40] 🔹 SYSTEM: Fleet heartbeat updated
[2026-07-13 00:09:31] 🔹 SYSTEM: Status check — Pending: 0, Running: 0
[2026-07-13 00:09:41] 🔹 SYSTEM: Fleet heartbeat updated
[2026-07-13 00:10:42] 🔹 SYSTEM: Fleet heartbeat updated
[2026-07-13 00:11:43] 🔹 SYSTEM: Fleet heartbeat updated
[2026-07-13 00:12:44] 🔹 SYSTEM: Fleet heartbeat updated
[2026-07-13 00:13:45] 🔹 SYSTEM: Fleet heartbeat updated
[2026-07-13 00:14:47] 🔹 SYSTEM: Fleet heartbeat updated
[2026-07-13 00:15:48] 🔹 SYSTEM: Fleet heartbeat updated
[2026-07-13 00:16:49] 🔹 SYSTEM: Fleet heartbeat updated
[2026-07-13 00:17:50] 🔹 SYSTEM: Fleet heartbeat updated
[2026-07-13 00:18:52] 🔹 SYSTEM: Fleet heartbeat updated
[2026-07-13 00:19:43] 🔹 SYSTEM: Status check — Pending: 0, Running: 0
[2026-07-13 00:19:53] 🔹 SYSTEM: Fleet heartbeat updated
[2026-07-13 00:20:54] 🔹 SYSTEM: Fleet heartbeat updated
[2026-07-13 00:21:55] 🔹 SYSTEM: Fleet heartbeat updated
[2026-07-13 00:22:56] 🔹 SYSTEM: Fleet heartbeat updated
[2026-07-13 00:23:58] 🔹 SYSTEM: Fleet heartbeat updated
[2026-07-13 00:24:59] 🔹 SYSTEM: Fleet heartbeat updated
[2026-07-13 00:26:00] 🔹 SYSTEM: Fleet heartbeat updated
[2026-07-13 00:27:05] 🔹 SYSTEM: Fleet heartbeat updated
[2026-07-13 00:28:06] 🔹 SYSTEM: Fleet heartbeat updated
[2026-07-13 00:29:07] 🔹 SYSTEM: Fleet heartbeat updated
[2026-07-13 00:29:58] 🔹 SYSTEM: Status check — Pending: 0, Running: 0
[2026-07-13 00:30:08] 🔹 SYSTEM: Fleet heartbeat updated
[2026-07-13 00:31:10] 🔹 SYSTEM: Fleet heartbeat updated
[2026-07-13 00:32:11] 🔹 SYSTEM: Fleet heartbeat updated
[2026-07-13 00:33:12] 🔹 SYSTEM: Fleet heartbeat updated
[2026-07-13 00:34:14] 🔹 SYSTEM: Fleet heartbeat updated
[2026-07-13 00:35:15] 🔹 SYSTEM: Fleet heartbeat updated
[2026-07-13 00:36:16] 🔹 SYSTEM: Fleet heartbeat updated
[2026-07-13 00:37:17] 🔹 SYSTEM: Fleet heartbeat updated
[2026-07-13 00:38:18] 🔹 SYSTEM: Fleet heartbeat updated
[2026-07-13 00:39:20] 🔹 SYSTEM: Fleet heartbeat updated
[2026-07-13 00:40:11] 🔹 SYSTEM: Status check — Pending: 0, Running: 0
[2026-07-13 00:40:21] 🔹 SYSTEM: Fleet heartbeat updated
[2026-07-13 00:41:22] 🔹 SYSTEM: Fleet heartbeat updated
[2026-07-13 00:42:23] 🔹 SYSTEM: Fleet heartbeat updated
[2026-07-13 00:43:25] 🔹 SYSTEM: Fleet heartbeat updated
[2026-07-13 00:44:26] 🔹 SYSTEM: Fleet heartbeat updated
[2026-07-13 00:45:27] 🔹 SYSTEM: Fleet heartbeat updated
[2026-07-13 00:46:29] 🔹 SYSTEM: Fleet heartbeat updated
[2026-07-13 00:47:30] 🔹 SYSTEM: Fleet heartbeat updated
[2026-07-13 00:48:31] 🔹 SYSTEM: Fleet heartbeat updated
[2026-07-13 00:49:32] 🔹 SYSTEM: Fleet heartbeat updated
[2026-07-13 00:50:23] 🔹 SYSTEM: Status check — Pending: 0, Running: 0
[2026-07-13 00:50:34] 🔹 SYSTEM: Fleet heartbeat updated
[2026-07-13 00:51:35] 🔹 SYSTEM: Fleet heartbeat updated
[2026-07-13 00:52:36] 🔹 SYSTEM: Fleet heartbeat updated
[2026-07-13 00:53:37] 🔹 SYSTEM: Fleet heartbeat updated
[2026-07-13 00:54:38] 🔹 SYSTEM: Fleet heartbeat updated
[2026-07-13 00:55:40] 🔹 SYSTEM: Fleet heartbeat updated
[2026-07-13 00:56:41] 🔹 SYSTEM: Fleet heartbeat updated
[2026-07-13 00:57:42] 🔹 SYSTEM: Fleet heartbeat updated
[2026-07-13 00:58:43] 🔹 SYSTEM: Fleet heartbeat updated
[2026-07-13 00:59:44] 🔹 SYSTEM: Fleet heartbeat updated
[2026-07-13 01:00:36] 🔹 SYSTEM: Status check — Pending: 0, Running: 0
[2026-07-13 01:00:46] 🔹 SYSTEM: Fleet heartbeat updated
[2026-07-13 01:01:47] 🔹 SYSTEM: Fleet heartbeat updated
[2026-07-13 01:02:48] 🔹 SYSTEM: Fleet heartbeat updated
[2026-07-13 01:03:50] 🔹 SYSTEM: Fleet heartbeat updated
[2026-07-13 01:04:51] 🔹 SYSTEM: Fleet heartbeat updated
[2026-07-13 01:05:52] 🔹 SYSTEM: Fleet heartbeat updated
[2026-07-13 01:06:53] 🔹 SYSTEM: Fleet heartbeat updated
[2026-07-13 01:07:54] 🔹 SYSTEM: Fleet heartbeat updated
[2026-07-13 01:08:56] 🔹 SYSTEM: Fleet heartbeat updated
[2026-07-13 01:09:57] 🔹 SYSTEM: Fleet heartbeat updated
[2026-07-13 01:10:48] 🔹 SYSTEM: Status check — Pending: 0, Running: 0
[2026-07-13 01:10:58] 🔹 SYSTEM: Fleet heartbeat updated
[2026-07-13 01:12:00] 🔹 SYSTEM: Fleet heartbeat updated
[2026-07-13 01:13:01] 🔹 SYSTEM: Fleet heartbeat updated
[2026-07-13 01:14:02] 🔹 SYSTEM: Fleet heartbeat updated
[2026-07-13 01:15:03] 🔹 SYSTEM: Fleet heartbeat updated
[2026-07-13 01:16:04] 🔹 SYSTEM: Fleet heartbeat updated
[2026-07-13 01:17:05] 🔹 SYSTEM: Fleet heartbeat updated
[2026-07-13 01:18:07] 🔹 SYSTEM: Fleet heartbeat updated
[2026-07-13 01:19:08] 🔹 SYSTEM: Fleet heartbeat updated
[2026-07-13 01:20:09] 🔹 SYSTEM: Fleet heartbeat updated
[2026-07-13 01:21:00] 🔹 SYSTEM: Status check — Pending: 0, Running: 0
[2026-07-13 01:21:11] 🔹 SYSTEM: Fleet heartbeat updated
[2026-07-13 01:22:12] 🔹 SYSTEM: Fleet heartbeat updated
[2026-07-13 01:23:13] 🔹 SYSTEM: Fleet heartbeat updated
[2026-07-13 01:24:14] 🔹 SYSTEM: Fleet heartbeat updated
[2026-07-13 01:25:15] 🔹 SYSTEM: Fleet heartbeat updated
[2026-07-13 01:26:17] 🔹 SYSTEM: Fleet heartbeat updated
[2026-07-13 01:27:21] 🔹 SYSTEM: Fleet heartbeat updated
[2026-07-13 01:28:27] 🔹 SYSTEM: Fleet heartbeat updated
[2026-07-13 01:29:28] 🔹 SYSTEM: Fleet heartbeat updated
[2026-07-13 01:30:29] 🔹 SYSTEM: Fleet heartbeat updated
[2026-07-13 01:31:20] 🔹 SYSTEM: Status check — Pending: 0, Running: 0
[2026-07-13 01:31:30] 🔹 SYSTEM: Fleet heartbeat updated
[2026-07-13 01:32:32] 🔹 SYSTEM: Fleet heartbeat updated
[2026-07-13 01:33:33] 🔹 SYSTEM: Fleet heartbeat updated
[2026-07-13 01:34:34] 🔹 SYSTEM: Fleet heartbeat updated
[2026-07-13 01:35:35] 🔹 SYSTEM: Fleet heartbeat updated
[2026-07-13 01:36:37] 🔹 SYSTEM: Fleet heartbeat updated
[2026-07-13 01:37:38] 🔹 SYSTEM: Fleet heartbeat updated
[2026-07-13 01:38:39] 🔹 SYSTEM: Fleet heartbeat updated
[2026-07-13 01:39:40] 🔹 SYSTEM: Fleet heartbeat updated
[2026-07-13 01:40:42] 🔹 SYSTEM: Fleet heartbeat updated
[2026-07-13 01:41:33] 🔹 SYSTEM: Status check — Pending: 0, Running: 0
[2026-07-13 01:41:43] 🔹 SYSTEM: Fleet heartbeat updated
[2026-07-13 01:42:44] 🔹 SYSTEM: Fleet heartbeat updated
[2026-07-13 01:43:46] 🔹 SYSTEM: Fleet heartbeat updated
[2026-07-13 01:44:47] 🔹 SYSTEM: Fleet heartbeat updated
[2026-07-13 01:45:48] 🔹 SYSTEM: Fleet heartbeat updated
[2026-07-13 01:46:49] 🔹 SYSTEM: Fleet heartbeat updated
[2026-07-13 01:47:50] 🔹 SYSTEM: Fleet heartbeat updated
[2026-07-13 01:48:51] 🔹 SYSTEM: Fleet heartbeat updated
[2026-07-13 01:49:53] 🔹 SYSTEM: Fleet heartbeat updated
[2026-07-13 01:50:54] 🔹 SYSTEM: Fleet heartbeat updated
[2026-07-13 01:51:45] 🔹 SYSTEM: Status check — Pending: 0, Running: 0
[2026-07-13 01:51:55] 🔹 SYSTEM: Fleet heartbeat updated
[2026-07-13 01:52:57] 🔹 SYSTEM: Fleet heartbeat updated
[2026-07-13 01:53:58] 🔹 SYSTEM: Fleet heartbeat updated
[2026-07-13 01:54:59] 🔹 SYSTEM: Fleet heartbeat updated
[2026-07-13 01:56:00] 🔹 SYSTEM: Fleet heartbeat updated
[2026-07-13 01:57:02] 🔹 SYSTEM: Fleet heartbeat updated
[2026-07-13 01:58:03] 🔹 SYSTEM: Fleet heartbeat updated
[2026-07-13 01:59:04] 🔹 SYSTEM: Fleet heartbeat updated
[2026-07-13 02:00:05] 🔹 SYSTEM: Fleet heartbeat updated
[2026-07-13 02:01:07] 🔹 SYSTEM: Fleet heartbeat updated
[2026-07-13 02:01:58] 🔹 SYSTEM: Status check — Pending: 0, Running: 0
[2026-07-13 02:02:08] 🔹 SYSTEM: Fleet heartbeat updated
[2026-07-13 02:03:09] 🔹 SYSTEM: Fleet heartbeat updated
[2026-07-13 02:04:10] 🔹 SYSTEM: Fleet heartbeat updated
[2026-07-13 02:05:11] 🔹 SYSTEM: Fleet heartbeat updated
[2026-07-13 02:06:13] 🔹 SYSTEM: Fleet heartbeat updated
[2026-07-13 02:07:14] 🔹 SYSTEM: Fleet heartbeat updated
[2026-07-13 02:08:15] 🔹 SYSTEM: Fleet heartbeat updated
[2026-07-13 02:09:17] 🔹 SYSTEM: Fleet heartbeat updated
[2026-07-13 02:10:18] 🔹 SYSTEM: Fleet heartbeat updated
[2026-07-13 02:11:19] 🔹 SYSTEM: Fleet heartbeat updated
[2026-07-13 02:12:10] 🔹 SYSTEM: Status check — Pending: 0, Running: 0
[2026-07-13 02:12:20] 🔹 SYSTEM: Fleet heartbeat updated
[2026-07-13 02:13:22] 🔹 SYSTEM: Fleet heartbeat updated
[2026-07-13 02:14:23] 🔹 SYSTEM: Fleet heartbeat updated
[2026-07-13 02:15:24] 🔹 SYSTEM: Fleet heartbeat updated
[2026-07-13 02:16:25] 🔹 SYSTEM: Fleet heartbeat updated
[2026-07-13 02:17:26] 🔹 SYSTEM: Fleet heartbeat updated
[2026-07-13 02:18:28] 🔹 SYSTEM: Fleet heartbeat updated
[2026-07-13 02:19:29] 🔹 SYSTEM: Fleet heartbeat updated
[2026-07-13 02:20:30] 🔹 SYSTEM: Fleet heartbeat updated
[2026-07-13 02:21:31] 🔹 SYSTEM: Fleet heartbeat updated
[2026-07-13 02:22:22] 🔹 SYSTEM: Status check — Pending: 0, Running: 0
[2026-07-13 02:22:33] 🔹 SYSTEM: Fleet heartbeat updated
[2026-07-13 02:23:34] 🔹 SYSTEM: Fleet heartbeat updated
[2026-07-13 02:24:35] 🔹 SYSTEM: Fleet heartbeat updated
[2026-07-13 02:25:37] 🔹 SYSTEM: Fleet heartbeat updated
[2026-07-13 02:26:38] 🔹 SYSTEM: Fleet heartbeat updated
[2026-07-13 02:27:45] 🔹 SYSTEM: Fleet heartbeat updated
[2026-07-13 02:28:48] 🔹 SYSTEM: Fleet heartbeat updated
[2026-07-13 02:29:49] 🔹 SYSTEM: Fleet heartbeat updated
[2026-07-13 02:30:50] 🔹 SYSTEM: Fleet heartbeat updated
[2026-07-13 02:31:52] 🔹 SYSTEM: Fleet heartbeat updated
[2026-07-13 02:32:43] 🔹 SYSTEM: Status check — Pending: 0, Running: 0
[2026-07-13 02:32:53] 🔹 SYSTEM: Fleet heartbeat updated
[2026-07-13 02:33:54] 🔹 SYSTEM: Fleet heartbeat updated
[2026-07-13 02:34:55] 🔹 SYSTEM: Fleet heartbeat updated
[2026-07-13 02:35:57] 🔹 SYSTEM: Fleet heartbeat updated
[2026-07-13 02:36:58] 🔹 SYSTEM: Fleet heartbeat updated
[2026-07-13 02:37:59] 🔹 SYSTEM: Fleet heartbeat updated
[2026-07-13 02:39:00] 🔹 SYSTEM: Fleet heartbeat updated
[2026-07-13 02:40:02] 🔹 SYSTEM: Fleet heartbeat updated
[2026-07-13 02:41:03] 🔹 SYSTEM: Fleet heartbeat updated
[2026-07-13 02:42:04] 🔹 SYSTEM: Fleet heartbeat updated
[2026-07-13 02:42:55] 🔹 SYSTEM: Status check — Pending: 0, Running: 0
[2026-07-13 02:43:05] 🔹 SYSTEM: Fleet heartbeat updated
[2026-07-13 02:44:07] 🔹 SYSTEM: Fleet heartbeat updated
[2026-07-13 02:45:08] 🔹 SYSTEM: Fleet heartbeat updated
[2026-07-13 02:46:09] 🔹 SYSTEM: Fleet heartbeat updated
[2026-07-13 02:47:10] 🔹 SYSTEM: Fleet heartbeat updated
[2026-07-13 02:48:12] 🔹 SYSTEM: Fleet heartbeat updated
[2026-07-13 02:49:13] 🔹 SYSTEM: Fleet heartbeat updated
[2026-07-13 02:50:14] 🔹 SYSTEM: Fleet heartbeat updated
[2026-07-13 02:51:16] 🔹 SYSTEM: Fleet heartbeat updated
[2026-07-13 02:52:17] 🔹 SYSTEM: Fleet heartbeat updated
[2026-07-13 02:53:08] 🔹 SYSTEM: Status check — Pending: 0, Running: 0
[2026-07-13 02:53:18] 🔹 SYSTEM: Fleet heartbeat updated
[2026-07-13 02:54:19] 🔹 SYSTEM: Fleet heartbeat updated
[2026-07-13 02:55:20] 🔹 SYSTEM: Fleet heartbeat updated
[2026-07-13 02:56:22] 🔹 SYSTEM: Fleet heartbeat updated
[2026-07-13 02:57:23] 🔹 SYSTEM: Fleet heartbeat updated
[2026-07-13 02:58:24] 🔹 SYSTEM: Fleet heartbeat updated
[2026-07-13 02:59:26] 🔹 SYSTEM: Fleet heartbeat updated
[2026-07-13 03:00:27] 🔹 SYSTEM: Fleet heartbeat updated
[2026-07-13 03:01:28] 🔹 SYSTEM: Fleet heartbeat updated
[2026-07-13 03:02:29] 🔹 SYSTEM: Fleet heartbeat updated
[2026-07-13 03:03:20] 🔹 SYSTEM: Status check — Pending: 0, Running: 0
[2026-07-13 03:03:30] 🔹 SYSTEM: Fleet heartbeat updated
[2026-07-13 03:04:31] 🔹 SYSTEM: Fleet heartbeat updated
[2026-07-13 03:05:33] 🔹 SYSTEM: Fleet heartbeat updated
[2026-07-13 03:06:34] 🔹 SYSTEM: Fleet heartbeat updated
[2026-07-13 03:07:35] 🔹 SYSTEM: Fleet heartbeat updated
[2026-07-13 03:08:37] 🔹 SYSTEM: Fleet heartbeat updated
[2026-07-13 03:09:38] 🔹 SYSTEM: Fleet heartbeat updated
[2026-07-13 03:10:39] 🔹 SYSTEM: Fleet heartbeat updated
[2026-07-13 03:11:41] 🔹 SYSTEM: Fleet heartbeat updated
[2026-07-13 03:12:42] 🔹 SYSTEM: Fleet heartbeat updated
[2026-07-13 03:13:33] 🔹 SYSTEM: Status check — Pending: 0, Running: 0
[2026-07-13 03:13:43] 🔹 SYSTEM: Fleet heartbeat updated
[2026-07-13 03:14:44] 🔹 SYSTEM: Fleet heartbeat updated
[2026-07-13 03:15:45] 🔹 SYSTEM: Fleet heartbeat updated
[2026-07-13 03:16:47] 🔹 SYSTEM: Fleet heartbeat updated
[2026-07-13 03:17:48] 🔹 SYSTEM: Fleet heartbeat updated
[2026-07-13 03:18:49] 🔹 SYSTEM: Fleet heartbeat updated
[2026-07-13 03:19:50] 🔹 SYSTEM: Fleet heartbeat updated
[2026-07-13 03:20:52] 🔹 SYSTEM: Fleet heartbeat updated
[2026-07-13 03:21:53] 🔹 SYSTEM: Fleet heartbeat updated
[2026-07-13 03:22:54] 🔹 SYSTEM: Fleet heartbeat updated
[2026-07-13 03:23:45] 🔹 SYSTEM: Status check — Pending: 0, Running: 0
[2026-07-13 03:23:55] 🔹 SYSTEM: Fleet heartbeat updated
[2026-07-13 03:24:57] 🔹 SYSTEM: Fleet heartbeat updated
[2026-07-13 03:25:58] 🔹 SYSTEM: Fleet heartbeat updated
[2026-07-13 03:27:05] 🔹 SYSTEM: Fleet heartbeat updated
[2026-07-13 03:28:17] 🔹 SYSTEM: Fleet heartbeat updated
[2026-07-13 03:29:18] 🔹 SYSTEM: Fleet heartbeat updated
[2026-07-13 03:30:19] 🔹 SYSTEM: Fleet heartbeat updated
[2026-07-13 03:31:20] 🔹 SYSTEM: Fleet heartbeat updated
[2026-07-13 03:32:21] 🔹 SYSTEM: Fleet heartbeat updated
[2026-07-13 03:33:23] 🔹 SYSTEM: Fleet heartbeat updated
[2026-07-13 03:34:13] 🔹 SYSTEM: Status check — Pending: 0, Running: 0
[2026-07-13 03:34:24] 🔹 SYSTEM: Fleet heartbeat updated
[2026-07-13 03:35:25] 🔹 SYSTEM: Fleet heartbeat updated
[2026-07-13 03:36:26] 🔹 SYSTEM: Fleet heartbeat updated
[2026-07-13 03:37:27] 🔹 SYSTEM: Fleet heartbeat updated
[2026-07-13 03:38:28] 🔹 SYSTEM: Fleet heartbeat updated
[2026-07-13 03:39:30] 🔹 SYSTEM: Fleet heartbeat updated
[2026-07-13 03:40:31] 🔹 SYSTEM: Fleet heartbeat updated
[2026-07-13 03:41:32] 🔹 SYSTEM: Fleet heartbeat updated
[2026-07-13 03:42:34] 🔹 SYSTEM: Fleet heartbeat updated
[2026-07-13 03:43:35] 🔹 SYSTEM: Fleet heartbeat updated
[2026-07-13 03:44:26] 🔹 SYSTEM: Status check — Pending: 0, Running: 0
[2026-07-13 03:44:36] 🔹 SYSTEM: Fleet heartbeat updated
[2026-07-13 03:45:37] 🔹 SYSTEM: Fleet heartbeat updated
[2026-07-13 03:46:38] 🔹 SYSTEM: Fleet heartbeat updated
[2026-07-13 03:47:39] 🔹 SYSTEM: Fleet heartbeat updated
[2026-07-13 03:48:41] 🔹 SYSTEM: Fleet heartbeat updated
[2026-07-13 03:49:42] 🔹 SYSTEM: Fleet heartbeat updated
[2026-07-13 03:50:43] 🔹 SYSTEM: Fleet heartbeat updated
[2026-07-13 03:51:44] 🔹 SYSTEM: Fleet heartbeat updated
[2026-07-13 03:52:46] 🔹 SYSTEM: Fleet heartbeat updated
[2026-07-13 03:53:47] 🔹 SYSTEM: Fleet heartbeat updated
[2026-07-13 03:54:38] 🔹 SYSTEM: Status check — Pending: 0, Running: 0
[2026-07-13 03:54:48] 🔹 SYSTEM: Fleet heartbeat updated
[2026-07-13 03:55:49] 🔹 SYSTEM: Fleet heartbeat updated
[2026-07-13 03:56:51] 🔹 SYSTEM: Fleet heartbeat updated
[2026-07-13 03:57:52] 🔹 SYSTEM: Fleet heartbeat updated
[2026-07-13 03:58:53] 🔹 SYSTEM: Fleet heartbeat updated
[2026-07-13 03:59:55] 🔹 SYSTEM: Fleet heartbeat updated
[2026-07-13 04:00:56] 🔹 SYSTEM: Fleet heartbeat updated
[2026-07-13 04:01:57] 🔹 SYSTEM: Fleet heartbeat updated
[2026-07-13 04:02:58] 🔹 SYSTEM: Fleet heartbeat updated
[2026-07-13 04:04:00] 🔹 SYSTEM: Fleet heartbeat updated
[2026-07-13 04:04:51] 🔹 SYSTEM: Status check — Pending: 0, Running: 0
[2026-07-13 04:05:01] 🔹 SYSTEM: Fleet heartbeat updated
[2026-07-13 04:06:03] 🔹 SYSTEM: Fleet heartbeat updated
[2026-07-13 04:07:04] 🔹 SYSTEM: Fleet heartbeat updated
[2026-07-13 04:08:05] 🔹 SYSTEM: Fleet heartbeat updated
[2026-07-13 04:09:06] 🔹 SYSTEM: Fleet heartbeat updated
[2026-07-13 04:10:07] 🔹 SYSTEM: Fleet heartbeat updated
[2026-07-13 04:11:08] 🔹 SYSTEM: Fleet heartbeat updated
[2026-07-13 04:12:10] 🔹 SYSTEM: Fleet heartbeat updated
[2026-07-13 04:13:11] 🔹 SYSTEM: Fleet heartbeat updated
[2026-07-13 04:14:12] 🔹 SYSTEM: Fleet heartbeat updated
[2026-07-13 04:15:03] 🔹 SYSTEM: Status check — Pending: 0, Running: 0
[2026-07-13 04:15:13] 🔹 SYSTEM: Fleet heartbeat updated
[2026-07-13 04:16:15] 🔹 SYSTEM: Fleet heartbeat updated
[2026-07-13 04:17:16] 🔹 SYSTEM: Fleet heartbeat updated
[2026-07-13 04:18:17] 🔹 SYSTEM: Fleet heartbeat updated
[2026-07-13 04:19:18] 🔹 SYSTEM: Fleet heartbeat updated
[2026-07-13 04:20:20] 🔹 SYSTEM: Fleet heartbeat updated
[2026-07-13 04:21:21] 🔹 SYSTEM: Fleet heartbeat updated
[2026-07-13 04:22:22] 🔹 SYSTEM: Fleet heartbeat updated
[2026-07-13 04:23:24] 🔹 SYSTEM: Fleet heartbeat updated
[2026-07-13 04:24:25] 🔹 SYSTEM: Fleet heartbeat updated
[2026-07-13 04:25:16] 🔹 SYSTEM: Status check — Pending: 0, Running: 0
[2026-07-13 04:25:26] 🔹 SYSTEM: Fleet heartbeat updated
[2026-07-13 04:26:27] 🔹 SYSTEM: Fleet heartbeat updated
[2026-07-13 04:27:31] 🔹 SYSTEM: Fleet heartbeat updated
[2026-07-13 04:28:33] 🔹 SYSTEM: Fleet heartbeat updated
[2026-07-13 04:29:34] 🔹 SYSTEM: Fleet heartbeat updated
[2026-07-13 04:30:35] 🔹 SYSTEM: Fleet heartbeat updated
[2026-07-13 04:31:36] 🔹 SYSTEM: Fleet heartbeat updated
[2026-07-13 04:32:37] 🔹 SYSTEM: Fleet heartbeat updated
[2026-07-13 04:33:39] 🔹 SYSTEM: Fleet heartbeat updated
[2026-07-13 04:34:40] 🔹 SYSTEM: Fleet heartbeat updated
[2026-07-13 04:35:31] 🔹 SYSTEM: Status check — Pending: 0, Running: 0
[2026-07-13 04:35:41] 🔹 SYSTEM: Fleet heartbeat updated
[2026-07-13 04:36:42] 🔹 SYSTEM: Fleet heartbeat updated
[2026-07-13 04:37:43] 🔹 SYSTEM: Fleet heartbeat updated
[2026-07-13 04:38:44] 🔹 SYSTEM: Fleet heartbeat updated
[2026-07-13 04:39:44] 🔹 SYSTEM: Fleet heartbeat updated
[2026-07-13 04:40:45] 🔹 SYSTEM: Fleet heartbeat updated
[2026-07-13 04:41:46] 🔹 SYSTEM: Fleet heartbeat updated
[2026-07-13 04:42:47] 🔹 SYSTEM: Fleet heartbeat updated
[2026-07-13 04:43:48] 🔹 SYSTEM: Fleet heartbeat updated
[2026-07-13 04:44:49] 🔹 SYSTEM: Fleet heartbeat updated
[2026-07-13 04:45:40] 🔹 SYSTEM: Status check — Pending: 0, Running: 0
[2026-07-13 04:45:50] 🔹 SYSTEM: Fleet heartbeat updated
[2026-07-13 04:46:51] 🔹 SYSTEM: Fleet heartbeat updated
[2026-07-13 04:47:52] 🔹 SYSTEM: Fleet heartbeat updated
[2026-07-13 04:48:53] 🔹 SYSTEM: Fleet heartbeat updated
[2026-07-13 04:49:53] 🔹 SYSTEM: Fleet heartbeat updated
[2026-07-13 04:50:54] 🔹 SYSTEM: Fleet heartbeat updated
[2026-07-13 04:51:55] 🔹 SYSTEM: Fleet heartbeat updated
[2026-07-13 04:52:56] 🔹 SYSTEM: Fleet heartbeat updated
[2026-07-13 04:53:57] 🔹 SYSTEM: Fleet heartbeat updated
[2026-07-13 04:54:58] 🔹 SYSTEM: Fleet heartbeat updated
[2026-07-13 04:55:48] 🔹 SYSTEM: Status check — Pending: 0, Running: 0
[2026-07-13 04:55:59] 🔹 SYSTEM: Fleet heartbeat updated
[2026-07-13 04:57:00] 🔹 SYSTEM: Fleet heartbeat updated
[2026-07-13 04:58:00] 🔹 SYSTEM: Fleet heartbeat updated
[2026-07-13 04:59:01] 🔹 SYSTEM: Fleet heartbeat updated
[2026-07-13 05:00:02] 🔹 SYSTEM: Fleet heartbeat updated
[2026-07-13 05:01:03] 🔹 SYSTEM: Fleet heartbeat updated
[2026-07-13 05:02:04] 🔹 SYSTEM: Fleet heartbeat updated
[2026-07-13 05:03:05] 🔹 SYSTEM: Fleet heartbeat updated
[2026-07-13 05:04:06] 🔹 SYSTEM: Fleet heartbeat updated
[2026-07-13 05:05:07] 🔹 SYSTEM: Fleet heartbeat updated
[2026-07-13 05:05:57] 🔹 SYSTEM: Status check — Pending: 0, Running: 0
[2026-07-13 05:06:08] 🔹 SYSTEM: Fleet heartbeat updated
[2026-07-13 05:07:09] 🔹 SYSTEM: Fleet heartbeat updated
[2026-07-13 05:08:09] 🔹 SYSTEM: Fleet heartbeat updated
[2026-07-13 05:09:10] 🔹 SYSTEM: Fleet heartbeat updated
[2026-07-13 05:10:11] 🔹 SYSTEM: Fleet heartbeat updated
[2026-07-13 05:11:12] 🔹 SYSTEM: Fleet heartbeat updated
[2026-07-13 05:12:13] 🔹 SYSTEM: Fleet heartbeat updated
[2026-07-13 05:13:14] 🔹 SYSTEM: Fleet heartbeat updated
[2026-07-13 05:14:15] 🔹 SYSTEM: Fleet heartbeat updated
[2026-07-13 05:15:16] 🔹 SYSTEM: Fleet heartbeat updated
[2026-07-13 05:16:06] 🔹 SYSTEM: Status check — Pending: 0, Running: 0
[2026-07-13 05:16:16] 🔹 SYSTEM: Fleet heartbeat updated
[2026-07-13 05:17:17] 🔹 SYSTEM: Fleet heartbeat updated
[2026-07-13 05:18:18] 🔹 SYSTEM: Fleet heartbeat updated
[2026-07-13 05:19:19] 🔹 SYSTEM: Fleet heartbeat updated
[2026-07-13 05:20:20] 🔹 SYSTEM: Fleet heartbeat updated
[2026-07-13 05:21:21] 🔹 SYSTEM: Fleet heartbeat updated
[2026-07-13 05:22:22] 🔹 SYSTEM: Fleet heartbeat updated
[2026-07-13 05:23:22] 🔹 SYSTEM: Fleet heartbeat updated
[2026-07-13 05:24:23] 🔹 SYSTEM: Fleet heartbeat updated
[2026-07-13 05:25:24] 🔹 SYSTEM: Fleet heartbeat updated
[2026-07-13 05:26:15] 🔹 SYSTEM: Status check — Pending: 0, Running: 0
[2026-07-13 05:26:25] 🔹 SYSTEM: Fleet heartbeat updated
[2026-07-13 05:27:28] 🔹 SYSTEM: Fleet heartbeat updated
[2026-07-13 05:28:29] 🔹 SYSTEM: Fleet heartbeat updated
[2026-07-13 05:29:29] 🔹 SYSTEM: Fleet heartbeat updated
[2026-07-13 05:30:30] 🔹 SYSTEM: Fleet heartbeat updated
[2026-07-13 05:31:31] 🔹 SYSTEM: Fleet heartbeat updated
[2026-07-13 05:32:32] 🔹 SYSTEM: Fleet heartbeat updated
[2026-07-13 05:33:33] 🔹 SYSTEM: Fleet heartbeat updated
[2026-07-13 05:34:34] 🔹 SYSTEM: Fleet heartbeat updated
[2026-07-13 05:35:34] 🔹 SYSTEM: Fleet heartbeat updated
[2026-07-13 05:36:25] 🔹 SYSTEM: Status check — Pending: 0, Running: 0
[2026-07-13 05:36:35] 🔹 SYSTEM: Fleet heartbeat updated
[2026-07-13 05:37:36] 🔹 SYSTEM: Fleet heartbeat updated
[2026-07-13 05:38:37] 🔹 SYSTEM: Fleet heartbeat updated
[2026-07-13 05:39:38] 🔹 SYSTEM: Fleet heartbeat updated
[2026-07-13 05:40:39] 🔹 SYSTEM: Fleet heartbeat updated
[2026-07-13 05:41:40] 🔹 SYSTEM: Fleet heartbeat updated
[2026-07-13 05:42:41] 🔹 SYSTEM: Fleet heartbeat updated
[2026-07-13 05:43:42] 🔹 SYSTEM: Fleet heartbeat updated
[2026-07-13 05:44:42] 🔹 SYSTEM: Fleet heartbeat updated
[2026-07-13 05:45:43] 🔹 SYSTEM: Fleet heartbeat updated
[2026-07-13 05:46:34] 🔹 SYSTEM: Status check — Pending: 0, Running: 0
[2026-07-13 05:46:44] 🔹 SYSTEM: Fleet heartbeat updated
[2026-07-13 05:47:45] 🔹 SYSTEM: Fleet heartbeat updated
[2026-07-13 05:48:46] 🔹 SYSTEM: Fleet heartbeat updated
[2026-07-13 05:49:46] 🔹 SYSTEM: Fleet heartbeat updated
[2026-07-13 05:50:47] 🔹 SYSTEM: Fleet heartbeat updated
[2026-07-13 05:51:48] 🔹 SYSTEM: Fleet heartbeat updated
[2026-07-13 05:52:49] 🔹 SYSTEM: Fleet heartbeat updated
[2026-07-13 05:53:50] 🔹 SYSTEM: Fleet heartbeat updated
[2026-07-13 05:54:51] 🔹 SYSTEM: Fleet heartbeat updated
[2026-07-13 05:55:52] 🔹 SYSTEM: Fleet heartbeat updated
[2026-07-13 05:56:42] 🔹 SYSTEM: Status check — Pending: 0, Running: 0
[2026-07-13 05:56:53] 🔹 SYSTEM: Fleet heartbeat updated
[2026-07-13 05:57:53] 🔹 SYSTEM: Fleet heartbeat updated
[2026-07-13 05:58:54] 🔹 SYSTEM: Fleet heartbeat updated
[2026-07-13 05:59:55] 🔹 SYSTEM: Fleet heartbeat updated
[2026-07-13 06:00:56] 🔹 SYSTEM: Fleet heartbeat updated
[2026-07-13 06:01:57] 🔹 SYSTEM: Fleet heartbeat updated
[2026-07-13 06:02:57] 🔹 SYSTEM: Fleet heartbeat updated
[2026-07-13 06:03:58] 🔹 SYSTEM: Fleet heartbeat updated
[2026-07-13 06:04:59] 🔹 SYSTEM: Fleet heartbeat updated
[2026-07-13 06:06:00] 🔹 SYSTEM: Fleet heartbeat updated
[2026-07-13 06:06:51] 🔹 SYSTEM: Status check — Pending: 0, Running: 0
[2026-07-13 06:07:01] 🔹 SYSTEM: Fleet heartbeat updated
[2026-07-13 06:08:02] 🔹 SYSTEM: Fleet heartbeat updated
[2026-07-13 06:09:02] 🔹 SYSTEM: Fleet heartbeat updated
[2026-07-13 06:10:03] 🔹 SYSTEM: Fleet heartbeat updated
[2026-07-13 06:11:04] 🔹 SYSTEM: Fleet heartbeat updated
[2026-07-13 06:12:05] 🔹 SYSTEM: Fleet heartbeat updated
[2026-07-13 06:13:06] 🔹 SYSTEM: Fleet heartbeat updated
[2026-07-13 06:14:07] 🔹 SYSTEM: Fleet heartbeat updated
[2026-07-13 06:15:08] 🔹 SYSTEM: Fleet heartbeat updated
[2026-07-13 06:16:08] 🔹 SYSTEM: Fleet heartbeat updated
[2026-07-13 06:16:59] 🔹 SYSTEM: Status check — Pending: 0, Running: 0
[2026-07-13 06:17:09] 🔹 SYSTEM: Fleet heartbeat updated
[2026-07-13 06:18:10] 🔹 SYSTEM: Fleet heartbeat updated
[2026-07-13 06:19:11] 🔹 SYSTEM: Fleet heartbeat updated
[2026-07-13 06:20:12] 🔹 SYSTEM: Fleet heartbeat updated
[2026-07-13 06:21:13] 🔹 SYSTEM: Fleet heartbeat updated
[2026-07-13 06:22:13] 🔹 SYSTEM: Fleet heartbeat updated
[2026-07-13 06:23:14] 🔹 SYSTEM: Fleet heartbeat updated
[2026-07-13 06:24:15] 🔹 SYSTEM: Fleet heartbeat updated
[2026-07-13 06:25:16] 🔹 SYSTEM: Fleet heartbeat updated
[2026-07-13 06:26:17] 🔹 SYSTEM: Fleet heartbeat updated
[2026-07-13 06:27:13] 🔹 SYSTEM: Status check — Pending: 0, Running: 0
[2026-07-13 06:27:24] 🔹 SYSTEM: Fleet heartbeat updated
[2026-07-13 06:28:28] 🔹 SYSTEM: Fleet heartbeat updated
[2026-07-13 06:29:28] 🔹 SYSTEM: Fleet heartbeat updated
[2026-07-13 06:30:29] 🔹 SYSTEM: Fleet heartbeat updated
[2026-07-13 06:31:30] 🔹 SYSTEM: Fleet heartbeat updated
[2026-07-13 06:32:31] 🔹 SYSTEM: Fleet heartbeat updated
[2026-07-13 06:33:32] 🔹 SYSTEM: Fleet heartbeat updated
[2026-07-13 06:34:33] 🔹 SYSTEM: Fleet heartbeat updated
[2026-07-13 06:35:34] 🔹 SYSTEM: Fleet heartbeat updated
[2026-07-13 06:36:34] 🔹 SYSTEM: Fleet heartbeat updated
[2026-07-13 06:37:25] 🔹 SYSTEM: Status check — Pending: 0, Running: 0
[2026-07-13 06:37:35] 🔹 SYSTEM: Fleet heartbeat updated
[2026-07-13 06:38:36] 🔹 SYSTEM: Fleet heartbeat updated
[2026-07-13 06:39:37] 🔹 SYSTEM: Fleet heartbeat updated
[2026-07-13 06:40:38] 🔹 SYSTEM: Fleet heartbeat updated
[2026-07-13 06:41:39] 🔹 SYSTEM: Fleet heartbeat updated
[2026-07-13 06:42:40] 🔹 SYSTEM: Fleet heartbeat updated
[2026-07-13 06:43:40] 🔹 SYSTEM: Fleet heartbeat updated
[2026-07-13 06:44:41] 🔹 SYSTEM: Fleet heartbeat updated
[2026-07-13 06:45:42] 🔹 SYSTEM: Fleet heartbeat updated
[2026-07-13 06:46:43] 🔹 SYSTEM: Fleet heartbeat updated
[2026-07-13 06:47:33] 🔹 SYSTEM: Status check — Pending: 0, Running: 0
[2026-07-13 06:47:44] 🔹 SYSTEM: Fleet heartbeat updated
[2026-07-13 06:48:44] 🔹 SYSTEM: Fleet heartbeat updated
[2026-07-13 06:49:45] 🔹 SYSTEM: Fleet heartbeat updated
[2026-07-13 06:50:46] 🔹 SYSTEM: Fleet heartbeat updated
[2026-07-13 06:51:47] 🔹 SYSTEM: Fleet heartbeat updated
[2026-07-13 06:52:48] 🔹 SYSTEM: Fleet heartbeat updated
[2026-07-13 06:53:49] 🔹 SYSTEM: Fleet heartbeat updated
[2026-07-13 06:54:50] 🔹 SYSTEM: Fleet heartbeat updated
[2026-07-13 06:55:50] 🔹 SYSTEM: Fleet heartbeat updated
[2026-07-13 06:56:51] 🔹 SYSTEM: Fleet heartbeat updated
[2026-07-13 06:57:42] 🔹 SYSTEM: Status check — Pending: 0, Running: 0
[2026-07-13 06:57:52] 🔹 SYSTEM: Fleet heartbeat updated
[2026-07-13 06:58:53] 🔹 SYSTEM: Fleet heartbeat updated
[2026-07-13 06:59:54] 🔹 SYSTEM: Fleet heartbeat updated
[2026-07-13 07:00:55] 🔹 SYSTEM: Fleet heartbeat updated
[2026-07-13 07:01:56] 🔹 SYSTEM: Fleet heartbeat updated
[2026-07-13 07:02:57] 🔹 SYSTEM: Fleet heartbeat updated
[2026-07-13 07:03:57] 🔹 SYSTEM: Fleet heartbeat updated
[2026-07-13 07:04:58] 🔹 SYSTEM: Fleet heartbeat updated
[2026-07-13 07:05:59] 🔹 SYSTEM: Fleet heartbeat updated
[2026-07-13 07:07:00] 🔹 SYSTEM: Fleet heartbeat updated
[2026-07-13 07:07:51] 🔹 SYSTEM: Status check — Pending: 0, Running: 0
[2026-07-13 07:08:01] 🔹 SYSTEM: Fleet heartbeat updated
[2026-07-13 07:09:02] 🔹 SYSTEM: Fleet heartbeat updated
[2026-07-13 07:10:02] 🔹 SYSTEM: Fleet heartbeat updated
[2026-07-13 07:11:03] 🔹 SYSTEM: Fleet heartbeat updated
[2026-07-13 07:12:04] 🔹 SYSTEM: Fleet heartbeat updated
[2026-07-13 07:13:05] 🔹 SYSTEM: Fleet heartbeat updated
[2026-07-13 07:14:06] 🔹 SYSTEM: Fleet heartbeat updated
[2026-07-13 07:15:07] 🔹 SYSTEM: Fleet heartbeat updated
[2026-07-13 07:16:08] 🔹 SYSTEM: Fleet heartbeat updated
[2026-07-13 07:17:09] 🔹 SYSTEM: Fleet heartbeat updated
[2026-07-13 07:17:59] 🔹 SYSTEM: Status check — Pending: 0, Running: 0
[2026-07-13 07:18:09] 🔹 SYSTEM: Fleet heartbeat updated
[2026-07-13 07:19:10] 🔹 SYSTEM: Fleet heartbeat updated
[2026-07-13 07:20:11] 🔹 SYSTEM: Fleet heartbeat updated
[2026-07-13 07:21:12] 🔹 SYSTEM: Fleet heartbeat updated
[2026-07-13 07:22:13] 🔹 SYSTEM: Fleet heartbeat updated
[2026-07-13 07:23:14] 🔹 SYSTEM: Fleet heartbeat updated
[2026-07-13 07:24:15] 🔹 SYSTEM: Fleet heartbeat updated
[2026-07-13 07:25:16] 🔹 SYSTEM: Fleet heartbeat updated
[2026-07-13 07:26:16] 🔹 SYSTEM: Fleet heartbeat updated
[2026-07-13 07:27:17] 🔹 SYSTEM: Fleet heartbeat updated
[2026-07-13 07:28:10] 🔹 SYSTEM: Status check — Pending: 0, Running: 0
[2026-07-13 07:28:20] 🔹 SYSTEM: Fleet heartbeat updated
[2026-07-13 07:29:21] 🔹 SYSTEM: Fleet heartbeat updated
[2026-07-13 07:30:22] 🔹 SYSTEM: Fleet heartbeat updated
[2026-07-13 07:31:23] 🔹 SYSTEM: Fleet heartbeat updated
[2026-07-13 07:32:24] 🔹 SYSTEM: Fleet heartbeat updated
[2026-07-13 07:33:25] 🔹 SYSTEM: Fleet heartbeat updated
[2026-07-13 07:34:26] 🔹 SYSTEM: Fleet heartbeat updated
[2026-07-13 07:35:27] 🔹 SYSTEM: Fleet heartbeat updated
[2026-07-13 07:36:28] 🔹 SYSTEM: Fleet heartbeat updated
[2026-07-13 07:37:28] 🔹 SYSTEM: Fleet heartbeat updated
[2026-07-13 07:38:19] 🔹 SYSTEM: Status check — Pending: 0, Running: 0
[2026-07-13 07:38:29] 🔹 SYSTEM: Fleet heartbeat updated
[2026-07-13 07:39:30] 🔹 SYSTEM: Fleet heartbeat updated
[2026-07-13 07:40:31] 🔹 SYSTEM: Fleet heartbeat updated
[2026-07-13 07:41:32] 🔹 SYSTEM: Fleet heartbeat updated
[2026-07-13 07:42:33] 🔹 SYSTEM: Fleet heartbeat updated
[2026-07-13 07:43:34] 🔹 SYSTEM: Fleet heartbeat updated
[2026-07-13 07:44:35] 🔹 SYSTEM: Fleet heartbeat updated
[2026-07-13 07:45:36] 🔹 SYSTEM: Fleet heartbeat updated
[2026-07-13 07:46:36] 🔹 SYSTEM: Fleet heartbeat updated
[2026-07-13 07:47:37] 🔹 SYSTEM: Fleet heartbeat updated
[2026-07-13 07:48:28] 🔹 SYSTEM: Status check — Pending: 0, Running: 0
[2026-07-13 07:48:38] 🔹 SYSTEM: Fleet heartbeat updated
[2026-07-13 07:49:39] 🔹 SYSTEM: Fleet heartbeat updated
[2026-07-13 07:50:40] 🔹 SYSTEM: Fleet heartbeat updated
[2026-07-13 07:51:41] 🔹 SYSTEM: Fleet heartbeat updated
[2026-07-13 07:52:42] 🔹 SYSTEM: Fleet heartbeat updated
[2026-07-13 07:53:43] 🔹 SYSTEM: Fleet heartbeat updated
[2026-07-13 07:54:44] 🔹 SYSTEM: Fleet heartbeat updated
[2026-07-13 07:55:45] 🔹 SYSTEM: Fleet heartbeat updated
[2026-07-13 07:56:46] 🔹 SYSTEM: Fleet heartbeat updated
[2026-07-13 07:57:47] 🔹 SYSTEM: Fleet heartbeat updated
[2026-07-13 07:58:38] 🔹 SYSTEM: Status check — Pending: 0, Running: 0
[2026-07-13 07:58:48] 🔹 SYSTEM: Fleet heartbeat updated
[2026-07-13 07:59:49] 🔹 SYSTEM: Fleet heartbeat updated
[2026-07-13 08:00:49] 🔹 SYSTEM: Fleet heartbeat updated
[2026-07-13 08:01:50] 🔹 SYSTEM: Fleet heartbeat updated
[2026-07-13 08:02:51] 🔹 SYSTEM: Fleet heartbeat updated
[2026-07-13 08:03:52] 🔹 SYSTEM: Fleet heartbeat updated
[2026-07-13 08:04:53] 🔹 SYSTEM: Fleet heartbeat updated
[2026-07-13 08:05:54] 🔹 SYSTEM: Fleet heartbeat updated
[2026-07-13 08:06:55] 🔹 SYSTEM: Fleet heartbeat updated
[2026-07-13 08:07:56] 🔹 SYSTEM: Fleet heartbeat updated
[2026-07-13 08:08:47] 🔹 SYSTEM: Status check — Pending: 0, Running: 0
[2026-07-13 08:08:57] 🔹 SYSTEM: Fleet heartbeat updated
[2026-07-13 08:09:58] 🔹 SYSTEM: Fleet heartbeat updated
[2026-07-13 08:10:59] 🔹 SYSTEM: Fleet heartbeat updated
[2026-07-13 08:11:59] 🔹 SYSTEM: Fleet heartbeat updated
[2026-07-13 08:13:00] 🔹 SYSTEM: Fleet heartbeat updated
[2026-07-13 08:14:02] 🔹 SYSTEM: Fleet heartbeat updated
[2026-07-13 08:15:03] 🔹 SYSTEM: Fleet heartbeat updated
[2026-07-13 08:16:03] 🔹 SYSTEM: Fleet heartbeat updated
[2026-07-13 08:17:04] 🔹 SYSTEM: Fleet heartbeat updated
[2026-07-13 08:18:05] 🔹 SYSTEM: Fleet heartbeat updated
[2026-07-13 08:18:56] 🔹 SYSTEM: Status check — Pending: 0, Running: 0
[2026-07-13 08:19:06] 🔹 SYSTEM: Fleet heartbeat updated
[2026-07-13 08:20:07] 🔹 SYSTEM: Fleet heartbeat updated
[2026-07-13 08:21:08] 🔹 SYSTEM: Fleet heartbeat updated
[2026-07-13 08:22:09] 🔹 SYSTEM: Fleet heartbeat updated
[2026-07-13 08:23:10] 🔹 SYSTEM: Fleet heartbeat updated
[2026-07-13 08:24:11] 🔹 SYSTEM: Fleet heartbeat updated
[2026-07-13 08:25:12] 🔹 SYSTEM: Fleet heartbeat updated
[2026-07-13 08:26:13] 🔹 SYSTEM: Fleet heartbeat updated
[2026-07-13 08:27:14] 🔹 SYSTEM: Fleet heartbeat updated
[2026-07-13 08:28:15] 🔹 SYSTEM: Fleet heartbeat updated
[2026-07-13 08:29:06] 🔹 SYSTEM: Status check — Pending: 0, Running: 0
[2026-07-13 08:29:16] 🔹 SYSTEM: Fleet heartbeat updated
[2026-07-13 08:30:17] 🔹 SYSTEM: Fleet heartbeat updated
[2026-07-13 08:31:18] 🔹 SYSTEM: Fleet heartbeat updated
[2026-07-13 08:32:19] 🔹 SYSTEM: Fleet heartbeat updated
[2026-07-13 08:33:20] 🔹 SYSTEM: Fleet heartbeat updated
[2026-07-13 08:34:21] 🔹 SYSTEM: Fleet heartbeat updated
[2026-07-13 08:35:21] 🔹 SYSTEM: Fleet heartbeat updated
[2026-07-13 08:36:22] 🔹 SYSTEM: Fleet heartbeat updated
[2026-07-13 08:37:23] 🔹 SYSTEM: Fleet heartbeat updated
[2026-07-13 08:38:24] 🔹 SYSTEM: Fleet heartbeat updated
[2026-07-13 08:39:15] 🔹 SYSTEM: Status check — Pending: 0, Running: 0
[2026-07-13 08:39:25] 🔹 SYSTEM: Fleet heartbeat updated
[2026-07-13 08:40:26] 🔹 SYSTEM: Fleet heartbeat updated
[2026-07-13 08:41:27] 🔹 SYSTEM: Fleet heartbeat updated
[2026-07-13 08:42:28] 🔹 SYSTEM: Fleet heartbeat updated
[2026-07-13 08:43:29] 🔹 SYSTEM: Fleet heartbeat updated
[2026-07-13 08:44:30] 🔹 SYSTEM: Fleet heartbeat updated
[2026-07-13 08:45:31] 🔹 SYSTEM: Fleet heartbeat updated
[2026-07-13 08:46:32] 🔹 SYSTEM: Fleet heartbeat updated
[2026-07-13 08:47:33] 🔹 SYSTEM: Fleet heartbeat updated
[2026-07-13 08:48:33] 🔹 SYSTEM: Fleet heartbeat updated
[2026-07-13 08:49:24] 🔹 SYSTEM: Status check — Pending: 0, Running: 0
[2026-07-13 08:49:34] 🔹 SYSTEM: Fleet heartbeat updated
[2026-07-13 08:50:35] 🔹 SYSTEM: Fleet heartbeat updated
[2026-07-13 08:51:36] 🔹 SYSTEM: Fleet heartbeat updated
[2026-07-13 08:52:37] 🔹 SYSTEM: Fleet heartbeat updated
[2026-07-13 08:53:38] 🔹 SYSTEM: Fleet heartbeat updated
[2026-07-13 08:54:39] 🔹 SYSTEM: Fleet heartbeat updated
[2026-07-13 08:55:41] 🔹 SYSTEM: Fleet heartbeat updated
[2026-07-13 08:56:41] 🔹 SYSTEM: Fleet heartbeat updated
[2026-07-13 08:57:42] 🔹 SYSTEM: Fleet heartbeat updated
[2026-07-13 08:58:43] 🔹 SYSTEM: Fleet heartbeat updated
[2026-07-13 08:59:34] 🔹 SYSTEM: Status check — Pending: 0, Running: 0
[2026-07-13 08:59:44] 🔹 SYSTEM: Fleet heartbeat updated
[2026-07-13 09:00:45] 🔹 SYSTEM: Fleet heartbeat updated
[2026-07-13 09:01:46] 🔹 SYSTEM: Fleet heartbeat updated
[2026-07-13 09:02:47] 🔹 SYSTEM: Fleet heartbeat updated
[2026-07-13 09:03:48] 🔹 SYSTEM: Fleet heartbeat updated
[2026-07-13 09:04:48] 🔹 SYSTEM: Fleet heartbeat updated
[2026-07-13 09:05:49] 🔹 SYSTEM: Fleet heartbeat updated
[2026-07-13 09:06:50] 🔹 SYSTEM: Fleet heartbeat updated
[2026-07-13 09:07:51] 🔹 SYSTEM: Fleet heartbeat updated
[2026-07-13 09:08:52] 🔹 SYSTEM: Fleet heartbeat updated
[2026-07-13 09:09:43] 🔹 SYSTEM: Status check — Pending: 0, Running: 0
[2026-07-13 09:09:53] 🔹 SYSTEM: Fleet heartbeat updated
[2026-07-13 09:10:54] 🔹 SYSTEM: Fleet heartbeat updated
[2026-07-13 09:11:55] 🔹 SYSTEM: Fleet heartbeat updated
[2026-07-13 09:12:56] 🔹 SYSTEM: Fleet heartbeat updated
[2026-07-13 09:13:57] 🔹 SYSTEM: Fleet heartbeat updated
[2026-07-13 09:14:58] 🔹 SYSTEM: Fleet heartbeat updated
[2026-07-13 09:15:58] 🔹 SYSTEM: Fleet heartbeat updated
[2026-07-13 09:16:59] 🔹 SYSTEM: Fleet heartbeat updated
[2026-07-13 09:18:00] 🔹 SYSTEM: Fleet heartbeat updated
[2026-07-13 09:19:01] 🔹 SYSTEM: Fleet heartbeat updated
[2026-07-13 09:19:52] 🔹 SYSTEM: Status check — Pending: 0, Running: 0
[2026-07-13 09:20:02] 🔹 SYSTEM: Fleet heartbeat updated
[2026-07-13 09:21:03] 🔹 SYSTEM: Fleet heartbeat updated
[2026-07-13 09:22:04] 🔹 SYSTEM: Fleet heartbeat updated
[2026-07-13 09:23:05] 🔹 SYSTEM: Fleet heartbeat updated
[2026-07-13 09:24:06] 🔹 SYSTEM: Fleet heartbeat updated
[2026-07-13 09:25:07] 🔹 SYSTEM: Fleet heartbeat updated
[2026-07-13 09:26:07] 🔹 SYSTEM: Fleet heartbeat updated
[2026-07-13 09:27:08] 🔹 SYSTEM: Fleet heartbeat updated
[2026-07-13 09:28:09] 🔹 SYSTEM: Fleet heartbeat updated
[2026-07-13 09:29:10] 🔹 SYSTEM: Fleet heartbeat updated
[2026-07-13 09:30:01] 🔹 SYSTEM: Status check — Pending: 0, Running: 0
[2026-07-13 09:30:11] 🔹 SYSTEM: Fleet heartbeat updated
[2026-07-13 09:31:12] 🔹 SYSTEM: Fleet heartbeat updated
[2026-07-13 09:32:14] 🔹 SYSTEM: Fleet heartbeat updated
[2026-07-13 09:33:15] 🔹 SYSTEM: Fleet heartbeat updated
[2026-07-13 09:34:16] 🔹 SYSTEM: Fleet heartbeat updated
[2026-07-13 09:35:17] 🔹 SYSTEM: Fleet heartbeat updated
[2026-07-13 09:36:18] 🔹 SYSTEM: Fleet heartbeat updated
[2026-07-13 09:37:19] 🔹 SYSTEM: Fleet heartbeat updated
[2026-07-13 09:38:20] 🔹 SYSTEM: Fleet heartbeat updated
[2026-07-13 09:39:20] 🔹 SYSTEM: Fleet heartbeat updated
[2026-07-13 09:40:11] 🔹 SYSTEM: Status check — Pending: 0, Running: 0
[2026-07-13 09:40:21] 🔹 SYSTEM: Fleet heartbeat updated
[2026-07-13 09:41:22] 🔹 SYSTEM: Fleet heartbeat updated
